Error   2026-06-06 16:03:37:586  DevID:  Source-Line:libMvCameraControl.so(GenTLLoadLibraryEx.cpp-L0222)  ProcessName:python3.12(14093)     Description:[LoadCtiLibInter]Load CTI failed! CTI path[/opt/MVS/lib/aarch64/libMvProducerVIR.so], nRet[0x8000000c]
Error   2026-06-06 16:03:37:586  DevID:  Source-Line:libMvCameraControl.so(GenTLLoadLibraryEx.cpp-L0222)  ProcessName:python3.12(14093)     Description:[LoadCtiLibInter]Load CTI failed! CTI path[/opt/MVS/lib/aarch64/libMvProducerVIR.so], nRet[0x8000000c]
Error   2026-06-06 16:03:37:587  DevID:  Source-Line:libMvCameraControl.so(GenTLLoadLibraryEx.cpp-L0222)  ProcessName:python3.12(14093)     Description:[LoadCtiLibInter]Load CTI failed! CTI path[/opt/MVS/lib/aarch64/MvFGProducerGEV.cti], nRet[0x8000000c]
Error   2026-06-06 16:03:37:587  DevID:  Source-Line:libMvCameraControl.so(FGDeviceEnumerator.cpp-L0103)  ProcessName:python3.12(14093)     Description:[EnumInterfaceInter]EnumInterfaces failed! Ret[0x8000000c], TLayerType[0x1], CTI[/opt/MVS/lib/aarch64/MvFGProducerGEV.cti]
Info    2026-06-06 16:03:37:587  DevID:  Source-Line:libMvCameraControl.so(GigELoadLibrary.cpp-L1607)  ProcessName:python3.12(14093)     Description:[LoadGigEAllFunctions]Load MVGigEVisionSDK success
Error   2026-06-06 16:03:37:587  DevID:  Source-Line:libMvCameraControl.so(GenTLLoadLibraryEx.cpp-L0222)  ProcessName:python3.12(14093)     Description:[LoadCtiLibInter]Load CTI failed! CTI path[/opt/MVS/lib/aarch64/MvFGProducerCXP.cti], nRet[0x8000000c]
Error   2026-06-06 16:03:37:587  DevID:  Source-Line:libMvCameraControl.so(FGDeviceEnumerator.cpp-L0103)  ProcessName:python3.12(14093)     Description:[EnumInterfaceInter]EnumInterfaces failed! Ret[0x8000000c], TLayerType[0x8], CTI[/opt/MVS/lib/aarch64/MvFGProducerCXP.cti]
Error   2026-06-06 16:03:37:587  DevID:  Source-Line:libMvCameraControl.so(GenTLLoadLibraryEx.cpp-L0222)  ProcessName:python3.12(14093)     Description:[LoadCtiLibInter]Load CTI failed! CTI path[/opt/MVS/lib/aarch64/MvFGProducerXoF.cti], nRet[0x8000000c]
Error   2026-06-06 16:03:37:587  DevID:  Source-Line:libMvCameraControl.so(FGDeviceEnumerator.cpp-L0103)  ProcessName:python3.12(14093)     Description:[EnumInterfaceInter]EnumInterfaces failed! Ret[0x8000000c], TLayerType[0x10], CTI[/opt/MVS/lib/aarch64/MvFGProducerXoF.cti]
Error   2026-06-06 16:03:37:587  DevID:  Source-Line:libMvCameraControl.so(GenTLLoadLibraryEx.cpp-L0222)  ProcessName:python3.12(14093)     Description:[LoadCtiLibInter]Load CTI failed! CTI path[/opt/MVS/lib/aarch64/MvFGProducerCML.cti], nRet[0x8000000c]
Error   2026-06-06 16:03:37:587  DevID:  Source-Line:libMvCameraControl.so(FGDeviceEnumerator.cpp-L0103)  ProcessName:python3.12(14093)     Description:[EnumInterfaceInter]EnumInterfaces failed! Ret[0x8000000c], TLayerType[0x4], CTI[/opt/MVS/lib/aarch64/MvFGProducerCML.cti]
Info    2026-06-06 16:03:41:987  DevID:MV-CS050-60GC(DA6358574)  Source-Line:libMvCameraControl.so(GigEDevice.cpp-L0263)  ProcessName:python3.12(14093)     Description:[Init]GEV INFO DeviceIP[192.168.195.100], NetIP[192.168.195.60], ManufacturerInfo[Hikrobot], DeviceVersion[V4.0.30 241011 1385495], UserID[]
Info    2026-06-06 16:03:41:988  DevID:MV-CS050-60GC(DA6358574)  Source-Line:libMvCameraControl.so(MediaProcess.cpp-L0884)  ProcessName:python3.12(14093)     Description:[SetBayerCvtQuality]Set Bayer CvtQuality success! BayerCvtQuality[1]
Info    2026-06-06 16:03:41:988  DevID:MV-CS050-60GC(DA6358574)  Source-Line:libMvCameraControl.so(MediaProcess.cpp-L1732)  ProcessName:python3.12(14093)     Description:[SetBayerThreadNum]Set Bayer Thread Num success! BayerThreadNum[4]
Info    2026-06-06 16:03:41:988  DevID:MV-CS050-60GC(DA6358574)  Source-Line:libMvCameraControl.so(MediaProcess.cpp-L0884)  ProcessName:python3.12(14093)     Description:[SetBayerCvtQuality]Set Bayer CvtQuality success! BayerCvtQuality[1]
Info    2026-06-06 16:03:41:988  DevID:MV-CS050-60GC(DA6358574)  Source-Line:libMvCameraControl.so(MediaProcess.cpp-L1732)  ProcessName:python3.12(14093)     Description:[SetBayerThreadNum]Set Bayer Thread Num success! BayerThreadNum[4]
Info    2026-06-06 16:03:41:988  DevID:MV-CS050-60GC(DA6358574)  Source-Line:libMvCameraControl.so(GigEDevice.cpp-L0299)  ProcessName:python3.12(14093)     Description:[IsValidVersion]MvCameraControl Version[0x4070003], GigE SDKVersion[0x4070003], DriverVersion[0x4070001]
Info    2026-06-06 16:03:42:022  DevID:  Source-Line:libMvCameraControl.so(CacheXmlToFile.cpp-L0516)  ProcessName:python3.12(14093)     Description:[ReadCacheFile]ReadLocalFile XMLPath[SchemaVersion.1.0@Hikrobot#GEV#MV-CS050-60GC#V4.0.30 241011 1385495@XMLVersion.1.0.0.zip]
Info    2026-06-06 16:03:42:022  DevID:MV-CS050-60GC(DA6358574)  Source-Line:libMvCameraControl.so(GigEDevice.cpp-L0464)  ProcessName:python3.12(14093)     Description:[GetXmlInfo]Get GenICamXML From local File, len [0x19132] Type[1]
Info    2026-06-06 16:03:42:175  DevID:MV-CS050-60GC(DA6358574)  Source-Line:libMvCameraControl.so(GigEDevice.cpp-L0805)  ProcessName:python3.12(14093)     Description:[OpenDevice]Load XML success
Info    2026-06-06 16:03:42:178  DevID:MV-CS050-60GC(DA6358574)  Source-Line:libMvCameraControl.so(GenICamImpl.cpp-L0752)  ProcessName:python3.12(14093)     Description:[InvalidateNodes]Invalidate Nodes success
Info    2026-06-06 16:03:42:178  DevID:MV-CS050-60GC(DA6358574)  Source-Line:libMvCameraControl.so(GigEDevice.cpp-L0818)  ProcessName:python3.12(14093)     Description:[OpenDevice]Invalidate Nodes success
Info    2026-06-06 16:03:42:180  DevID:MV-CS050-60GC(DA6358574)  Source-Line:libMvCameraControl.so(StreamGrab.cpp-L0234)  ProcessName:python3.12(14093)     Description:[Open]Stream channel[0] opened
Info    2026-06-06 16:03:42:183  DevID:MV-CS050-60GC(DA6358574)  Source-Line:libMvCameraControl.so(GigEDevice.cpp-L0849)  ProcessName:python3.12(14093)     Description:[OpenDevice]Open device success! PrivilegeMode[1], SwitchoverKey[0], DeviceUptime[1289],DeviceFirmwareVersion[V4.0.30 2410111385495 24091104]
Info    2026-06-06 16:03:42:183  DevID:MV-CS050-60GC(DA6358574)  Source-Line:libMvCameraControl.so(GigEDevice.cpp-L0865)  ProcessName:python3.12(14093)     Description:[OpenDevice]OpenDevice, cost time 195.000000ms 
Info    2026-06-06 16:03:42:183  DevID:  Source-Line:libMvCameraControl.so(GenICamImpl.cpp-L2342)  ProcessName:python3.12(14093)     Description:[RecordThread]RecordThread Start, ThreadId[536867280]
Info    2026-06-06 16:03:42:190  DevID:MV-CS050-60GC(DA6358574)  Source-Line:libMvCameraControl.so(GenICamImpl.cpp-L2373)  ProcessName:python3.12(14093)     Description:[RecordThreadProc][Record] Get BlackLevel value [64]
Info    2026-06-06 16:03:43:625  DevID:MV-CS050-60GC(DA6358574)  Source-Line:libMvCameraControl.so(GenICamImpl.cpp-L2395)  ProcessName:python3.12(14093)     Description:[RecordThreadProc][Record] Get BalanceWhiteAuto Value [1] (0:off 1:contineu; 2:once):
Info    2026-06-06 16:03:43:630  DevID:MV-CS050-60GC(DA6358574)  Source-Line:libMvCameraControl.so(GenICamImpl.cpp-L2461)  ProcessName:python3.12(14093)     Description:[RecordThreadProc][Record] Get ExposureAuto value [0]
Info    2026-06-06 16:03:43:636  DevID:MV-CS050-60GC(DA6358574)  Source-Line:libMvCameraControl.so(GenICamImpl.cpp-L2483)  ProcessName:python3.12(14093)     Description:[RecordThreadProc][Record] Get ExposureTime value [50000.000000] 
Info    2026-06-06 16:03:43:638  DevID:MV-CS050-60GC(DA6358574)  Source-Line:libMvCameraControl.so(GenICamImpl.cpp-L2504)  ProcessName:python3.12(14093)     Description:[RecordThreadProc][Record] Get GainAuto value [0] (0:off 1:contineu; 2:once):
Info    2026-06-06 16:03:43:643  DevID:MV-CS050-60GC(DA6358574)  Source-Line:libMvCameraControl.so(GenICamImpl.cpp-L2525)  ProcessName:python3.12(14093)     Description:[RecordThreadProc][Record] Get Gain value [10.016100] 
Info    2026-06-06 16:03:43:653  DevID:MV-CS050-60GC(DA6358574)  Source-Line:libMvCameraControl.so(GenICamImpl.cpp-L2546)  ProcessName:python3.12(14093)     Description:[RecordThreadProc][Record] Get PixelFormat value [17301512] :
Info    2026-06-06 16:03:43:664  DevID:MV-CS050-60GC(DA6358574)  Source-Line:libMvCameraControl.so(GenICamImpl.cpp-L2609)  ProcessName:python3.12(14093)     Description:[RecordThreadProc][Record] Get UserSetCurrent value [0]
Error   2026-06-06 16:03:43:693  DevID:MV-CS050-60GC(DA6358574)  Source-Line:libMvCameraControl.so(GenICamImpl.cpp-L1111)  ProcessName:python3.12(14093)     Description:[XML_GetNodeAccessMode]PropertyName[SeqExpEnable], Ret[0x80000100]
Error   2026-06-06 16:03:43:693  DevID:MV-CS050-60GC(DA6358574)  Source-Line:libMvCameraControl.so(XmlParse.cpp-L3037)  ProcessName:python3.12(14093)     Description:[GetBooleanValue]Get Node Value, Node does not exist, NodeName[SeqExpEnable]
Error   2026-06-06 16:03:43:693  DevID:MV-CS050-60GC(DA6358574)  Source-Line:libMvCameraControl.so(GenICamImpl.cpp-L0551)  ProcessName:python3.12(14093)     Description:[GetBoolValue]Property[SeqExpEnable], Ret[0x80000100]
Error   2026-06-06 16:03:43:693  DevID:MV-CS050-60GC(DA6358574)  Source-Line:libMvCameraControl.so(GenICamImpl.cpp-L1111)  ProcessName:python3.12(14093)     Description:[XML_GetNodeAccessMode]PropertyName[MultiLightControl], Ret[0x80000100]
Error   2026-06-06 16:03:43:693  DevID:MV-CS050-60GC(DA6358574)  Source-Line:libMvCameraControl.so(XmlParse.cpp-L2386)  ProcessName:python3.12(14093)     Description:[GetEnumValue]Get Node Value, Node does not exist, NodeName[MultiLightControl]
Error   2026-06-06 16:03:43:693  DevID:MV-CS050-60GC(DA6358574)  Source-Line:libMvCameraControl.so(GenICamImpl.cpp-L0364)  ProcessName:python3.12(14093)     Description:[GetEnumValue]Property[MultiLightControl], Ret[0x80000100]
Info    2026-06-06 16:03:43:693  DevID:MV-CS050-60GC(DA6358574)  Source-Line:libMvCameraControl.so(GigEStream.cpp-L0067)  ProcessName:python3.12(14093)     Description:[StartAcquisition][GEV]Width[2448], Height[2048], PixelFormat[0x1080008], PayloadSize[5013504], ChunkCount[100], CompressMode[0], DeviceUptime[1291]
Info    2026-06-06 16:03:43:701  DevID:MV-CS050-60GC(DA6358574)  Source-Line:libMvCameraControl.so(GenICamImpl.cpp-L2630)  ProcessName:python3.12(14093)     Description:[RecordThreadProc][Record] Get UserSetSelector value [0] 
Info    2026-06-06 16:03:43:703  DevID:MV-CS050-60GC(DA6358574)  Source-Line:libMvCameraControl.so(StreamGrab.cpp-L0869)  ProcessName:python3.12(14093)     Description:[StartGrabbing]StreamChannel[0], Start grabbing success, There is no registration callback.
Info    2026-06-06 16:03:43:704  DevID:MV-CS050-60GC(DA6358574)  Source-Line:libMvCameraControl.so(GenICamImpl.cpp-L2651)  ProcessName:python3.12(14093)     Description:[RecordThreadProc][Record] Get UserSetDefault value[0]
Info    2026-06-06 16:03:43:704  DevID:  Source-Line:libMvCameraControl.so(GenICamImpl.cpp-L2347)  ProcessName:python3.12(14093)     Description:[RecordThread]RecordThread End, ThreadId[536867280]
Info    2026-06-06 16:04:01:304  DevID:MV-CS050-60GC(DA6358574)  Source-Line:libMvCameraControl.so(StreamGrab.cpp-L0934)  ProcessName:python3.12(14093)     Description:[StopGrabbing]Stop grabbing success! DeviceUptime[1308]
Info    2026-06-06 16:04:01:304  DevID:MV-CS050-60GC(DA6358574)  Source-Line:libMvCameraControl.so(GigEDevice.cpp-L0648)  ProcessName:python3.12(14093)     Description:[CloseGigEDevice] Close device begin!
Error   2026-06-06 16:04:01:304  DevID:MV-CS050-60GC(DA6358574)  Source-Line:libMvCameraControl.so(StreamGrab.cpp-L0882)  ProcessName:python3.12(14093)     Description:[StopGrabbing]StreamChannel[0], bGrabbing[0], pDevStream[0xaaaaee288d70]
Info    2026-06-06 16:04:01:304  DevID:MV-CS050-60GC(DA6358574)  Source-Line:libMvCameraControl.so(StreamGrab.cpp-L0270)  ProcessName:python3.12(14093)     Description:[Close]Stream channel[0] closed
Info    2026-06-06 16:04:01:305  DevID:MV-CS050-60GC(DA6358574)  Source-Line:libMvCameraControl.so(GigEDevice.cpp-L0665)  ProcessName:python3.12(14093)     Description:[CloseGigEDevice]DeviceUptime[1308]
Info    2026-06-06 16:04:01:311  DevID:MV-CS050-60GC(DA6358574)  Source-Line:libMvCameraControl.so(GigEDevice.cpp-L0687)  ProcessName:python3.12(14093)     Description:[CloseGigEDevice]Close device success!
Info    2026-06-06 16:04:01:311  DevID:MV-CS050-60GC(DA6358574)  Source-Line:libMvCameraControl.so(GigEDeviceEvent.cpp-L0046)  ProcessName:python3.12(14093)     Description:[Deinit]GigEDeviceEvent Deinit  RecvAllEvent  [0],
Info    2026-06-06 16:04:01:325  DevID:  Source-Line:libMvCameraControl.so(GigELoadLibrary.cpp-L1732)  ProcessName:python3.12(14093)     Description:[UnloadGigEAllFunctions]UnLoad MVGigEVisionSDK success
Info    2026-06-06 16:04:01:326  DevID:  Source-Line:libMvCameraControl.so(U3VLoadLibrary.cpp-L0931)  ProcessName:python3.12(14093)     Description:[UnloadU3VAllFunctions]UnLoad MvUsb3vTLDLL success
Error   2026-06-06 16:06:30:118  DevID:  Source-Line:libMvCameraControl.so(GenTLLoadLibraryEx.cpp-L0222)  ProcessName:python3.12(14417)     Description:[LoadCtiLibInter]Load CTI failed! CTI path[/opt/MVS/lib/aarch64/libMvProducerVIR.so], nRet[0x8000000c]
Error   2026-06-06 16:06:30:119  DevID:  Source-Line:libMvCameraControl.so(GenTLLoadLibraryEx.cpp-L0222)  ProcessName:python3.12(14417)     Description:[LoadCtiLibInter]Load CTI failed! CTI path[/opt/MVS/lib/aarch64/libMvProducerVIR.so], nRet[0x8000000c]
Error   2026-06-06 16:06:30:119  DevID:  Source-Line:libMvCameraControl.so(GenTLLoadLibraryEx.cpp-L0222)  ProcessName:python3.12(14417)     Description:[LoadCtiLibInter]Load CTI failed! CTI path[/opt/MVS/lib/aarch64/MvFGProducerGEV.cti], nRet[0x8000000c]
Error   2026-06-06 16:06:30:119  DevID:  Source-Line:libMvCameraControl.so(FGDeviceEnumerator.cpp-L0103)  ProcessName:python3.12(14417)     Description:[EnumInterfaceInter]EnumInterfaces failed! Ret[0x8000000c], TLayerType[0x1], CTI[/opt/MVS/lib/aarch64/MvFGProducerGEV.cti]
Error   2026-06-06 16:06:30:119  DevID:  Source-Line:libMvCameraControl.so(GenTLLoadLibraryEx.cpp-L0222)  ProcessName:python3.12(14417)     Description:[LoadCtiLibInter]Load CTI failed! CTI path[/opt/MVS/lib/aarch64/MvFGProducerCXP.cti], nRet[0x8000000c]
Info    2026-06-06 16:06:30:119  DevID:  Source-Line:libMvCameraControl.so(GigELoadLibrary.cpp-L1607)  ProcessName:python3.12(14417)     Description:[LoadGigEAllFunctions]Load MVGigEVisionSDK success
Error   2026-06-06 16:06:30:119  DevID:  Source-Line:libMvCameraControl.so(FGDeviceEnumerator.cpp-L0103)  ProcessName:python3.12(14417)     Description:[EnumInterfaceInter]EnumInterfaces failed! Ret[0x8000000c], TLayerType[0x8], CTI[/opt/MVS/lib/aarch64/MvFGProducerCXP.cti]
Error   2026-06-06 16:06:30:119  DevID:  Source-Line:libMvCameraControl.so(GenTLLoadLibraryEx.cpp-L0222)  ProcessName:python3.12(14417)     Description:[LoadCtiLibInter]Load CTI failed! CTI path[/opt/MVS/lib/aarch64/MvFGProducerCML.cti], nRet[0x8000000c]
Error   2026-06-06 16:06:30:119  DevID:  Source-Line:libMvCameraControl.so(FGDeviceEnumerator.cpp-L0103)  ProcessName:python3.12(14417)     Description:[EnumInterfaceInter]EnumInterfaces failed! Ret[0x8000000c], TLayerType[0x4], CTI[/opt/MVS/lib/aarch64/MvFGProducerCML.cti]
Error   2026-06-06 16:06:30:119  DevID:  Source-Line:libMvCameraControl.so(GenTLLoadLibraryEx.cpp-L0222)  ProcessName:python3.12(14417)     Description:[LoadCtiLibInter]Load CTI failed! CTI path[/opt/MVS/lib/aarch64/MvFGProducerXoF.cti], nRet[0x8000000c]
Error   2026-06-06 16:06:30:119  DevID:  Source-Line:libMvCameraControl.so(FGDeviceEnumerator.cpp-L0103)  ProcessName:python3.12(14417)     Description:[EnumInterfaceInter]EnumInterfaces failed! Ret[0x8000000c], TLayerType[0x10], CTI[/opt/MVS/lib/aarch64/MvFGProducerXoF.cti]
Info    2026-06-06 16:06:31:373  DevID:MV-CS050-60GC(DA6358574)  Source-Line:libMvCameraControl.so(GigEDevice.cpp-L0263)  ProcessName:python3.12(14417)     Description:[Init]GEV INFO DeviceIP[192.168.195.100], NetIP[192.168.195.60], ManufacturerInfo[Hikrobot], DeviceVersion[V4.0.30 241011 1385495], UserID[]
Info    2026-06-06 16:06:31:373  DevID:MV-CS050-60GC(DA6358574)  Source-Line:libMvCameraControl.so(MediaProcess.cpp-L0884)  ProcessName:python3.12(14417)     Description:[SetBayerCvtQuality]Set Bayer CvtQuality success! BayerCvtQuality[1]
Info    2026-06-06 16:06:31:373  DevID:MV-CS050-60GC(DA6358574)  Source-Line:libMvCameraControl.so(MediaProcess.cpp-L1732)  ProcessName:python3.12(14417)     Description:[SetBayerThreadNum]Set Bayer Thread Num success! BayerThreadNum[4]
Info    2026-06-06 16:06:31:373  DevID:MV-CS050-60GC(DA6358574)  Source-Line:libMvCameraControl.so(MediaProcess.cpp-L0884)  ProcessName:python3.12(14417)     Description:[SetBayerCvtQuality]Set Bayer CvtQuality success! BayerCvtQuality[1]
Info    2026-06-06 16:06:31:373  DevID:MV-CS050-60GC(DA6358574)  Source-Line:libMvCameraControl.so(MediaProcess.cpp-L1732)  ProcessName:python3.12(14417)     Description:[SetBayerThreadNum]Set Bayer Thread Num success! BayerThreadNum[4]
Info    2026-06-06 16:06:31:373  DevID:MV-CS050-60GC(DA6358574)  Source-Line:libMvCameraControl.so(GigEDevice.cpp-L0299)  ProcessName:python3.12(14417)     Description:[IsValidVersion]MvCameraControl Version[0x4070003], GigE SDKVersion[0x4070003], DriverVersion[0x4070001]
Info    2026-06-06 16:06:31:404  DevID:  Source-Line:libMvCameraControl.so(CacheXmlToFile.cpp-L0516)  ProcessName:python3.12(14417)     Description:[ReadCacheFile]ReadLocalFile XMLPath[SchemaVersion.1.0@Hikrobot#GEV#MV-CS050-60GC#V4.0.30 241011 1385495@XMLVersion.1.0.0.zip]
Info    2026-06-06 16:06:31:404  DevID:MV-CS050-60GC(DA6358574)  Source-Line:libMvCameraControl.so(GigEDevice.cpp-L0464)  ProcessName:python3.12(14417)     Description:[GetXmlInfo]Get GenICamXML From local File, len [0x19132] Type[1]
Info    2026-06-06 16:06:31:564  DevID:MV-CS050-60GC(DA6358574)  Source-Line:libMvCameraControl.so(GigEDevice.cpp-L0805)  ProcessName:python3.12(14417)     Description:[OpenDevice]Load XML success
Info    2026-06-06 16:06:31:567  DevID:MV-CS050-60GC(DA6358574)  Source-Line:libMvCameraControl.so(GenICamImpl.cpp-L0752)  ProcessName:python3.12(14417)     Description:[InvalidateNodes]Invalidate Nodes success
Info    2026-06-06 16:06:31:567  DevID:MV-CS050-60GC(DA6358574)  Source-Line:libMvCameraControl.so(GigEDevice.cpp-L0818)  ProcessName:python3.12(14417)     Description:[OpenDevice]Invalidate Nodes success
Info    2026-06-06 16:06:31:569  DevID:MV-CS050-60GC(DA6358574)  Source-Line:libMvCameraControl.so(StreamGrab.cpp-L0234)  ProcessName:python3.12(14417)     Description:[Open]Stream channel[0] opened
Info    2026-06-06 16:06:31:572  DevID:MV-CS050-60GC(DA6358574)  Source-Line:libMvCameraControl.so(GigEDevice.cpp-L0849)  ProcessName:python3.12(14417)     Description:[OpenDevice]Open device success! PrivilegeMode[1], SwitchoverKey[0], DeviceUptime[1458],DeviceFirmwareVersion[V4.0.30 2410111385495 24091104]
Info    2026-06-06 16:06:31:572  DevID:MV-CS050-60GC(DA6358574)  Source-Line:libMvCameraControl.so(GigEDevice.cpp-L0865)  ProcessName:python3.12(14417)     Description:[OpenDevice]OpenDevice, cost time 199.000000ms 
Info    2026-06-06 16:06:31:572  DevID:  Source-Line:libMvCameraControl.so(GenICamImpl.cpp-L2342)  ProcessName:python3.12(14417)     Description:[RecordThread]RecordThread Start, ThreadId[465138128]
Info    2026-06-06 16:06:31:580  DevID:MV-CS050-60GC(DA6358574)  Source-Line:libMvCameraControl.so(GenICamImpl.cpp-L2373)  ProcessName:python3.12(14417)     Description:[RecordThreadProc][Record] Get BlackLevel value [64]
Info    2026-06-06 16:06:33:017  DevID:MV-CS050-60GC(DA6358574)  Source-Line:libMvCameraControl.so(GenICamImpl.cpp-L2395)  ProcessName:python3.12(14417)     Description:[RecordThreadProc][Record] Get BalanceWhiteAuto Value [1] (0:off 1:contineu; 2:once):
Info    2026-06-06 16:06:33:029  DevID:MV-CS050-60GC(DA6358574)  Source-Line:libMvCameraControl.so(GenICamImpl.cpp-L2461)  ProcessName:python3.12(14417)     Description:[RecordThreadProc][Record] Get ExposureAuto value [0]
Error   2026-06-06 16:06:33:065  DevID:MV-CS050-60GC(DA6358574)  Source-Line:libMvCameraControl.so(GenICamImpl.cpp-L1111)  ProcessName:python3.12(14417)     Description:[XML_GetNodeAccessMode]PropertyName[SeqExpEnable], Ret[0x80000100]
Error   2026-06-06 16:06:33:065  DevID:MV-CS050-60GC(DA6358574)  Source-Line:libMvCameraControl.so(XmlParse.cpp-L3037)  ProcessName:python3.12(14417)     Description:[GetBooleanValue]Get Node Value, Node does not exist, NodeName[SeqExpEnable]
Error   2026-06-06 16:06:33:065  DevID:MV-CS050-60GC(DA6358574)  Source-Line:libMvCameraControl.so(GenICamImpl.cpp-L0551)  ProcessName:python3.12(14417)     Description:[GetBoolValue]Property[SeqExpEnable], Ret[0x80000100]
Error   2026-06-06 16:06:33:065  DevID:MV-CS050-60GC(DA6358574)  Source-Line:libMvCameraControl.so(GenICamImpl.cpp-L1111)  ProcessName:python3.12(14417)     Description:[XML_GetNodeAccessMode]PropertyName[MultiLightControl], Ret[0x80000100]
Error   2026-06-06 16:06:33:065  DevID:MV-CS050-60GC(DA6358574)  Source-Line:libMvCameraControl.so(XmlParse.cpp-L2386)  ProcessName:python3.12(14417)     Description:[GetEnumValue]Get Node Value, Node does not exist, NodeName[MultiLightControl]
Error   2026-06-06 16:06:33:065  DevID:MV-CS050-60GC(DA6358574)  Source-Line:libMvCameraControl.so(GenICamImpl.cpp-L0364)  ProcessName:python3.12(14417)     Description:[GetEnumValue]Property[MultiLightControl], Ret[0x80000100]
Info    2026-06-06 16:06:33:065  DevID:MV-CS050-60GC(DA6358574)  Source-Line:libMvCameraControl.so(GigEStream.cpp-L0067)  ProcessName:python3.12(14417)     Description:[StartAcquisition][GEV]Width[2448], Height[2048], PixelFormat[0x1080008], PayloadSize[5013504], ChunkCount[100], CompressMode[0], DeviceUptime[1460]
Info    2026-06-06 16:06:33:077  DevID:MV-CS050-60GC(DA6358574)  Source-Line:libMvCameraControl.so(GenICamImpl.cpp-L2483)  ProcessName:python3.12(14417)     Description:[RecordThreadProc][Record] Get ExposureTime value [50000.000000] 
Info    2026-06-06 16:06:33:080  DevID:MV-CS050-60GC(DA6358574)  Source-Line:libMvCameraControl.so(StreamGrab.cpp-L0869)  ProcessName:python3.12(14417)     Description:[StartGrabbing]StreamChannel[0], Start grabbing success, There is no registration callback.
Info    2026-06-06 16:06:33:082  DevID:MV-CS050-60GC(DA6358574)  Source-Line:libMvCameraControl.so(GenICamImpl.cpp-L2504)  ProcessName:python3.12(14417)     Description:[RecordThreadProc][Record] Get GainAuto value [0] (0:off 1:contineu; 2:once):
Info    2026-06-06 16:06:33:087  DevID:MV-CS050-60GC(DA6358574)  Source-Line:libMvCameraControl.so(GenICamImpl.cpp-L2525)  ProcessName:python3.12(14417)     Description:[RecordThreadProc][Record] Get Gain value [10.016100] 
Info    2026-06-06 16:06:33:088  DevID:MV-CS050-60GC(DA6358574)  Source-Line:libMvCameraControl.so(GenICamImpl.cpp-L2546)  ProcessName:python3.12(14417)     Description:[RecordThreadProc][Record] Get PixelFormat value [17301512] :
Info    2026-06-06 16:06:33:093  DevID:MV-CS050-60GC(DA6358574)  Source-Line:libMvCameraControl.so(GenICamImpl.cpp-L2609)  ProcessName:python3.12(14417)     Description:[RecordThreadProc][Record] Get UserSetCurrent value [0]
Info    2026-06-06 16:06:33:095  DevID:MV-CS050-60GC(DA6358574)  Source-Line:libMvCameraControl.so(GenICamImpl.cpp-L2630)  ProcessName:python3.12(14417)     Description:[RecordThreadProc][Record] Get UserSetSelector value [0] 
Info    2026-06-06 16:06:33:096  DevID:MV-CS050-60GC(DA6358574)  Source-Line:libMvCameraControl.so(GenICamImpl.cpp-L2651)  ProcessName:python3.12(14417)     Description:[RecordThreadProc][Record] Get UserSetDefault value[0]
Info    2026-06-06 16:06:33:096  DevID:  Source-Line:libMvCameraControl.so(GenICamImpl.cpp-L2347)  ProcessName:python3.12(14417)     Description:[RecordThread]RecordThread End, ThreadId[465138128]
Info    2026-06-06 16:07:03:711  DevID:MV-CS050-60GC(DA6358574)  Source-Line:libMvCameraControl.so(StreamGrab.cpp-L0934)  ProcessName:python3.12(14417)     Description:[StopGrabbing]Stop grabbing success! DeviceUptime[1491]
Info    2026-06-06 16:07:03:711  DevID:MV-CS050-60GC(DA6358574)  Source-Line:libMvCameraControl.so(GigEDevice.cpp-L0648)  ProcessName:python3.12(14417)     Description:[CloseGigEDevice] Close device begin!
Error   2026-06-06 16:07:03:711  DevID:MV-CS050-60GC(DA6358574)  Source-Line:libMvCameraControl.so(StreamGrab.cpp-L0882)  ProcessName:python3.12(14417)     Description:[StopGrabbing]StreamChannel[0], bGrabbing[0], pDevStream[0xaaab018bd5f0]
Info    2026-06-06 16:07:03:711  DevID:MV-CS050-60GC(DA6358574)  Source-Line:libMvCameraControl.so(StreamGrab.cpp-L0270)  ProcessName:python3.12(14417)     Description:[Close]Stream channel[0] closed
Info    2026-06-06 16:07:03:713  DevID:MV-CS050-60GC(DA6358574)  Source-Line:libMvCameraControl.so(GigEDevice.cpp-L0665)  ProcessName:python3.12(14417)     Description:[CloseGigEDevice]DeviceUptime[1491]
Info    2026-06-06 16:07:03:821  DevID:MV-CS050-60GC(DA6358574)  Source-Line:libMvCameraControl.so(GigEDevice.cpp-L0687)  ProcessName:python3.12(14417)     Description:[CloseGigEDevice]Close device success!
Info    2026-06-06 16:07:03:821  DevID:MV-CS050-60GC(DA6358574)  Source-Line:libMvCameraControl.so(GigEDeviceEvent.cpp-L0046)  ProcessName:python3.12(14417)     Description:[Deinit]GigEDeviceEvent Deinit  RecvAllEvent  [0],
Info    2026-06-06 16:07:03:830  DevID:  Source-Line:libMvCameraControl.so(GigELoadLibrary.cpp-L1732)  ProcessName:python3.12(14417)     Description:[UnloadGigEAllFunctions]UnLoad MVGigEVisionSDK success
Info    2026-06-06 16:07:03:830  DevID:  Source-Line:libMvCameraControl.so(U3VLoadLibrary.cpp-L0931)  ProcessName:python3.12(14417)     Description:[UnloadU3VAllFunctions]UnLoad MvUsb3vTLDLL success
Error   2026-06-06 16:09:34:300  DevID:  Source-Line:libMvCameraControl.so(GenTLLoadLibraryEx.cpp-L0222)  ProcessName:python3.12(16047)     Description:[LoadCtiLibInter]Load CTI failed! CTI path[/opt/MVS/lib/aarch64/libMvProducerVIR.so], nRet[0x8000000c]
Error   2026-06-06 16:09:34:301  DevID:  Source-Line:libMvCameraControl.so(GenTLLoadLibraryEx.cpp-L0222)  ProcessName:python3.12(16047)     Description:[LoadCtiLibInter]Load CTI failed! CTI path[/opt/MVS/lib/aarch64/libMvProducerVIR.so], nRet[0x8000000c]
Info    2026-06-06 16:09:34:301  DevID:  Source-Line:libMvCameraControl.so(GigELoadLibrary.cpp-L1607)  ProcessName:python3.12(16047)     Description:[LoadGigEAllFunctions]Load MVGigEVisionSDK success
Error   2026-06-06 16:09:34:301  DevID:  Source-Line:libMvCameraControl.so(GenTLLoadLibraryEx.cpp-L0222)  ProcessName:python3.12(16047)     Description:[LoadCtiLibInter]Load CTI failed! CTI path[/opt/MVS/lib/aarch64/MvFGProducerGEV.cti], nRet[0x8000000c]
Error   2026-06-06 16:09:34:301  DevID:  Source-Line:libMvCameraControl.so(FGDeviceEnumerator.cpp-L0103)  ProcessName:python3.12(16047)     Description:[EnumInterfaceInter]EnumInterfaces failed! Ret[0x8000000c], TLayerType[0x1], CTI[/opt/MVS/lib/aarch64/MvFGProducerGEV.cti]
Error   2026-06-06 16:09:34:301  DevID:  Source-Line:libMvCameraControl.so(GenTLLoadLibraryEx.cpp-L0222)  ProcessName:python3.12(16047)     Description:[LoadCtiLibInter]Load CTI failed! CTI path[/opt/MVS/lib/aarch64/MvFGProducerCXP.cti], nRet[0x8000000c]
Error   2026-06-06 16:09:34:301  DevID:  Source-Line:libMvCameraControl.so(FGDeviceEnumerator.cpp-L0103)  ProcessName:python3.12(16047)     Description:[EnumInterfaceInter]EnumInterfaces failed! Ret[0x8000000c], TLayerType[0x8], CTI[/opt/MVS/lib/aarch64/MvFGProducerCXP.cti]
Error   2026-06-06 16:09:34:301  DevID:  Source-Line:libMvCameraControl.so(GenTLLoadLibraryEx.cpp-L0222)  ProcessName:python3.12(16047)     Description:[LoadCtiLibInter]Load CTI failed! CTI path[/opt/MVS/lib/aarch64/MvFGProducerCML.cti], nRet[0x8000000c]
Error   2026-06-06 16:09:34:301  DevID:  Source-Line:libMvCameraControl.so(FGDeviceEnumerator.cpp-L0103)  ProcessName:python3.12(16047)     Description:[EnumInterfaceInter]EnumInterfaces failed! Ret[0x8000000c], TLayerType[0x4], CTI[/opt/MVS/lib/aarch64/MvFGProducerCML.cti]
Error   2026-06-06 16:09:34:301  DevID:  Source-Line:libMvCameraControl.so(GenTLLoadLibraryEx.cpp-L0222)  ProcessName:python3.12(16047)     Description:[LoadCtiLibInter]Load CTI failed! CTI path[/opt/MVS/lib/aarch64/MvFGProducerXoF.cti], nRet[0x8000000c]
Error   2026-06-06 16:09:34:301  DevID:  Source-Line:libMvCameraControl.so(FGDeviceEnumerator.cpp-L0103)  ProcessName:python3.12(16047)     Description:[EnumInterfaceInter]EnumInterfaces failed! Ret[0x8000000c], TLayerType[0x10], CTI[/opt/MVS/lib/aarch64/MvFGProducerXoF.cti]
Error   2026-06-06 16:09:38:094  DevID:  Source-Line:libMvCameraControl.so(GenTLLoadLibraryEx.cpp-L0222)  ProcessName:python3.12(16121)     Description:[LoadCtiLibInter]Load CTI failed! CTI path[/opt/MVS/lib/aarch64/libMvProducerVIR.so], nRet[0x8000000c]
Error   2026-06-06 16:09:38:095  DevID:  Source-Line:libMvCameraControl.so(GenTLLoadLibraryEx.cpp-L0222)  ProcessName:python3.12(16121)     Description:[LoadCtiLibInter]Load CTI failed! CTI path[/opt/MVS/lib/aarch64/libMvProducerVIR.so], nRet[0x8000000c]
Error   2026-06-06 16:09:38:095  DevID:  Source-Line:libMvCameraControl.so(GenTLLoadLibraryEx.cpp-L0222)  ProcessName:python3.12(16121)     Description:[LoadCtiLibInter]Load CTI failed! CTI path[/opt/MVS/lib/aarch64/MvFGProducerGEV.cti], nRet[0x8000000c]
Error   2026-06-06 16:09:38:095  DevID:  Source-Line:libMvCameraControl.so(FGDeviceEnumerator.cpp-L0103)  ProcessName:python3.12(16121)     Description:[EnumInterfaceInter]EnumInterfaces failed! Ret[0x8000000c], TLayerType[0x1], CTI[/opt/MVS/lib/aarch64/MvFGProducerGEV.cti]
Info    2026-06-06 16:09:38:095  DevID:  Source-Line:libMvCameraControl.so(GigELoadLibrary.cpp-L1607)  ProcessName:python3.12(16121)     Description:[LoadGigEAllFunctions]Load MVGigEVisionSDK success
Error   2026-06-06 16:09:38:096  DevID:  Source-Line:libMvCameraControl.so(GenTLLoadLibraryEx.cpp-L0222)  ProcessName:python3.12(16121)     Description:[LoadCtiLibInter]Load CTI failed! CTI path[/opt/MVS/lib/aarch64/MvFGProducerCXP.cti], nRet[0x8000000c]
Error   2026-06-06 16:09:38:096  DevID:  Source-Line:libMvCameraControl.so(FGDeviceEnumerator.cpp-L0103)  ProcessName:python3.12(16121)     Description:[EnumInterfaceInter]EnumInterfaces failed! Ret[0x8000000c], TLayerType[0x8], CTI[/opt/MVS/lib/aarch64/MvFGProducerCXP.cti]
Error   2026-06-06 16:09:38:096  DevID:  Source-Line:libMvCameraControl.so(GenTLLoadLibraryEx.cpp-L0222)  ProcessName:python3.12(16121)     Description:[LoadCtiLibInter]Load CTI failed! CTI path[/opt/MVS/lib/aarch64/MvFGProducerCML.cti], nRet[0x8000000c]
Error   2026-06-06 16:09:38:096  DevID:  Source-Line:libMvCameraControl.so(FGDeviceEnumerator.cpp-L0103)  ProcessName:python3.12(16121)     Description:[EnumInterfaceInter]EnumInterfaces failed! Ret[0x8000000c], TLayerType[0x4], CTI[/opt/MVS/lib/aarch64/MvFGProducerCML.cti]
Error   2026-06-06 16:09:38:096  DevID:  Source-Line:libMvCameraControl.so(GenTLLoadLibraryEx.cpp-L0222)  ProcessName:python3.12(16121)     Description:[LoadCtiLibInter]Load CTI failed! CTI path[/opt/MVS/lib/aarch64/MvFGProducerXoF.cti], nRet[0x8000000c]
Error   2026-06-06 16:09:38:096  DevID:  Source-Line:libMvCameraControl.so(FGDeviceEnumerator.cpp-L0103)  ProcessName:python3.12(16121)     Description:[EnumInterfaceInter]EnumInterfaces failed! Ret[0x8000000c], TLayerType[0x10], CTI[/opt/MVS/lib/aarch64/MvFGProducerXoF.cti]
Info    2026-06-06 16:09:38:807  DevID:MV-CS050-60GC(DA6358574)  Source-Line:libMvCameraControl.so(GigEDevice.cpp-L0263)  ProcessName:python3.12(16121)     Description:[Init]GEV INFO DeviceIP[192.168.195.100], NetIP[192.168.195.60], ManufacturerInfo[Hikrobot], DeviceVersion[V4.0.30 241011 1385495], UserID[]
Info    2026-06-06 16:09:38:807  DevID:MV-CS050-60GC(DA6358574)  Source-Line:libMvCameraControl.so(MediaProcess.cpp-L0884)  ProcessName:python3.12(16121)     Description:[SetBayerCvtQuality]Set Bayer CvtQuality success! BayerCvtQuality[1]
Info    2026-06-06 16:09:38:807  DevID:MV-CS050-60GC(DA6358574)  Source-Line:libMvCameraControl.so(MediaProcess.cpp-L1732)  ProcessName:python3.12(16121)     Description:[SetBayerThreadNum]Set Bayer Thread Num success! BayerThreadNum[4]
Info    2026-06-06 16:09:38:807  DevID:MV-CS050-60GC(DA6358574)  Source-Line:libMvCameraControl.so(MediaProcess.cpp-L0884)  ProcessName:python3.12(16121)     Description:[SetBayerCvtQuality]Set Bayer CvtQuality success! BayerCvtQuality[1]
Info    2026-06-06 16:09:38:807  DevID:MV-CS050-60GC(DA6358574)  Source-Line:libMvCameraControl.so(MediaProcess.cpp-L1732)  ProcessName:python3.12(16121)     Description:[SetBayerThreadNum]Set Bayer Thread Num success! BayerThreadNum[4]
Info    2026-06-06 16:09:38:807  DevID:MV-CS050-60GC(DA6358574)  Source-Line:libMvCameraControl.so(GigEDevice.cpp-L0299)  ProcessName:python3.12(16121)     Description:[IsValidVersion]MvCameraControl Version[0x4070003], GigE SDKVersion[0x4070003], DriverVersion[0x4070001]
Info    2026-06-06 16:09:38:840  DevID:  Source-Line:libMvCameraControl.so(CacheXmlToFile.cpp-L0516)  ProcessName:python3.12(16121)     Description:[ReadCacheFile]ReadLocalFile XMLPath[SchemaVersion.1.0@Hikrobot#GEV#MV-CS050-60GC#V4.0.30 241011 1385495@XMLVersion.1.0.0.zip]
Info    2026-06-06 16:09:38:840  DevID:MV-CS050-60GC(DA6358574)  Source-Line:libMvCameraControl.so(GigEDevice.cpp-L0464)  ProcessName:python3.12(16121)     Description:[GetXmlInfo]Get GenICamXML From local File, len [0x19132] Type[1]
Info    2026-06-06 16:09:38:000  DevID:MV-CS050-60GC(DA6358574)  Source-Line:libMvCameraControl.so(GigEDevice.cpp-L0805)  ProcessName:python3.12(16121)     Description:[OpenDevice]Load XML success
Info    2026-06-06 16:09:38:003  DevID:MV-CS050-60GC(DA6358574)  Source-Line:libMvCameraControl.so(GenICamImpl.cpp-L0752)  ProcessName:python3.12(16121)     Description:[InvalidateNodes]Invalidate Nodes success
Info    2026-06-06 16:09:38:003  DevID:MV-CS050-60GC(DA6358574)  Source-Line:libMvCameraControl.so(GigEDevice.cpp-L0818)  ProcessName:python3.12(16121)     Description:[OpenDevice]Invalidate Nodes success
Info    2026-06-06 16:09:38:005  DevID:MV-CS050-60GC(DA6358574)  Source-Line:libMvCameraControl.so(StreamGrab.cpp-L0234)  ProcessName:python3.12(16121)     Description:[Open]Stream channel[0] opened
Info    2026-06-06 16:09:39:008  DevID:MV-CS050-60GC(DA6358574)  Source-Line:libMvCameraControl.so(GigEDevice.cpp-L0849)  ProcessName:python3.12(16121)     Description:[OpenDevice]Open device success! PrivilegeMode[1], SwitchoverKey[0], DeviceUptime[1646],DeviceFirmwareVersion[V4.0.30 2410111385495 24091104]
Info    2026-06-06 16:09:39:008  DevID:MV-CS050-60GC(DA6358574)  Source-Line:libMvCameraControl.so(GigEDevice.cpp-L0865)  ProcessName:python3.12(16121)     Description:[OpenDevice]OpenDevice, cost time 201.000000ms 
Info    2026-06-06 16:09:39:008  DevID:  Source-Line:libMvCameraControl.so(GenICamImpl.cpp-L2342)  ProcessName:python3.12(16121)     Description:[RecordThread]RecordThread Start, ThreadId[929993168]
Info    2026-06-06 16:09:39:016  DevID:MV-CS050-60GC(DA6358574)  Source-Line:libMvCameraControl.so(GenICamImpl.cpp-L2373)  ProcessName:python3.12(16121)     Description:[RecordThreadProc][Record] Get BlackLevel value [64]
Info    2026-06-06 16:09:40:454  DevID:MV-CS050-60GC(DA6358574)  Source-Line:libMvCameraControl.so(GenICamImpl.cpp-L2395)  ProcessName:python3.12(16121)     Description:[RecordThreadProc][Record] Get BalanceWhiteAuto Value [1] (0:off 1:contineu; 2:once):
Info    2026-06-06 16:09:40:463  DevID:MV-CS050-60GC(DA6358574)  Source-Line:libMvCameraControl.so(GenICamImpl.cpp-L2461)  ProcessName:python3.12(16121)     Description:[RecordThreadProc][Record] Get ExposureAuto value [0]
Info    2026-06-06 16:09:40:475  DevID:MV-CS050-60GC(DA6358574)  Source-Line:libMvCameraControl.so(GenICamImpl.cpp-L2483)  ProcessName:python3.12(16121)     Description:[RecordThreadProc][Record] Get ExposureTime value [50000.000000] 
Error   2026-06-06 16:09:40:510  DevID:MV-CS050-60GC(DA6358574)  Source-Line:libMvCameraControl.so(GenICamImpl.cpp-L1111)  ProcessName:python3.12(16121)     Description:[XML_GetNodeAccessMode]PropertyName[SeqExpEnable], Ret[0x80000100]
Error   2026-06-06 16:09:40:510  DevID:MV-CS050-60GC(DA6358574)  Source-Line:libMvCameraControl.so(XmlParse.cpp-L3037)  ProcessName:python3.12(16121)     Description:[GetBooleanValue]Get Node Value, Node does not exist, NodeName[SeqExpEnable]
Error   2026-06-06 16:09:40:510  DevID:MV-CS050-60GC(DA6358574)  Source-Line:libMvCameraControl.so(GenICamImpl.cpp-L0551)  ProcessName:python3.12(16121)     Description:[GetBoolValue]Property[SeqExpEnable], Ret[0x80000100]
Error   2026-06-06 16:09:40:510  DevID:MV-CS050-60GC(DA6358574)  Source-Line:libMvCameraControl.so(GenICamImpl.cpp-L1111)  ProcessName:python3.12(16121)     Description:[XML_GetNodeAccessMode]PropertyName[MultiLightControl], Ret[0x80000100]
Error   2026-06-06 16:09:40:510  DevID:MV-CS050-60GC(DA6358574)  Source-Line:libMvCameraControl.so(XmlParse.cpp-L2386)  ProcessName:python3.12(16121)     Description:[GetEnumValue]Get Node Value, Node does not exist, NodeName[MultiLightControl]
Error   2026-06-06 16:09:40:510  DevID:MV-CS050-60GC(DA6358574)  Source-Line:libMvCameraControl.so(GenICamImpl.cpp-L0364)  ProcessName:python3.12(16121)     Description:[GetEnumValue]Property[MultiLightControl], Ret[0x80000100]
Info    2026-06-06 16:09:40:510  DevID:MV-CS050-60GC(DA6358574)  Source-Line:libMvCameraControl.so(GigEStream.cpp-L0067)  ProcessName:python3.12(16121)     Description:[StartAcquisition][GEV]Width[2448], Height[2048], PixelFormat[0x1080008], PayloadSize[5013504], ChunkCount[100], CompressMode[0], DeviceUptime[1647]
Info    2026-06-06 16:09:40:519  DevID:MV-CS050-60GC(DA6358574)  Source-Line:libMvCameraControl.so(GenICamImpl.cpp-L2504)  ProcessName:python3.12(16121)     Description:[RecordThreadProc][Record] Get GainAuto value [0] (0:off 1:contineu; 2:once):
Info    2026-06-06 16:09:40:521  DevID:MV-CS050-60GC(DA6358574)  Source-Line:libMvCameraControl.so(StreamGrab.cpp-L0869)  ProcessName:python3.12(16121)     Description:[StartGrabbing]StreamChannel[0], Start grabbing success, There is no registration callback.
Info    2026-06-06 16:09:40:526  DevID:MV-CS050-60GC(DA6358574)  Source-Line:libMvCameraControl.so(GenICamImpl.cpp-L2525)  ProcessName:python3.12(16121)     Description:[RecordThreadProc][Record] Get Gain value [10.016100] 
Info    2026-06-06 16:09:40:527  DevID:MV-CS050-60GC(DA6358574)  Source-Line:libMvCameraControl.so(GenICamImpl.cpp-L2546)  ProcessName:python3.12(16121)     Description:[RecordThreadProc][Record] Get PixelFormat value [17301512] :
Info    2026-06-06 16:09:40:532  DevID:MV-CS050-60GC(DA6358574)  Source-Line:libMvCameraControl.so(GenICamImpl.cpp-L2609)  ProcessName:python3.12(16121)     Description:[RecordThreadProc][Record] Get UserSetCurrent value [0]
Info    2026-06-06 16:09:40:534  DevID:MV-CS050-60GC(DA6358574)  Source-Line:libMvCameraControl.so(GenICamImpl.cpp-L2630)  ProcessName:python3.12(16121)     Description:[RecordThreadProc][Record] Get UserSetSelector value [0] 
Info    2026-06-06 16:09:40:535  DevID:MV-CS050-60GC(DA6358574)  Source-Line:libMvCameraControl.so(GenICamImpl.cpp-L2651)  ProcessName:python3.12(16121)     Description:[RecordThreadProc][Record] Get UserSetDefault value[0]
Info    2026-06-06 16:09:40:535  DevID:  Source-Line:libMvCameraControl.so(GenICamImpl.cpp-L2347)  ProcessName:python3.12(16121)     Description:[RecordThread]RecordThread End, ThreadId[929993168]
Info    2026-06-06 16:12:10:615  DevID:MV-CS050-60GC(DA6358574)  Source-Line:libMvCameraControl.so(StreamGrab.cpp-L0934)  ProcessName:python3.12(16121)     Description:[StopGrabbing]Stop grabbing success! DeviceUptime[1797]
Info    2026-06-06 16:12:10:615  DevID:MV-CS050-60GC(DA6358574)  Source-Line:libMvCameraControl.so(GigEDevice.cpp-L0648)  ProcessName:python3.12(16121)     Description:[CloseGigEDevice] Close device begin!
Error   2026-06-06 16:12:10:615  DevID:MV-CS050-60GC(DA6358574)  Source-Line:libMvCameraControl.so(StreamGrab.cpp-L0882)  ProcessName:python3.12(16121)     Description:[StopGrabbing]StreamChannel[0], bGrabbing[0], pDevStream[0xaaaadc42cb30]
Info    2026-06-06 16:12:10:615  DevID:MV-CS050-60GC(DA6358574)  Source-Line:libMvCameraControl.so(StreamGrab.cpp-L0270)  ProcessName:python3.12(16121)     Description:[Close]Stream channel[0] closed
Info    2026-06-06 16:12:10:616  DevID:MV-CS050-60GC(DA6358574)  Source-Line:libMvCameraControl.so(GigEDevice.cpp-L0665)  ProcessName:python3.12(16121)     Description:[CloseGigEDevice]DeviceUptime[1797]
Info    2026-06-06 16:12:10:623  DevID:MV-CS050-60GC(DA6358574)  Source-Line:libMvCameraControl.so(GigEDevice.cpp-L0687)  ProcessName:python3.12(16121)     Description:[CloseGigEDevice]Close device success!
Info    2026-06-06 16:12:10:623  DevID:MV-CS050-60GC(DA6358574)  Source-Line:libMvCameraControl.so(GigEDeviceEvent.cpp-L0046)  ProcessName:python3.12(16121)     Description:[Deinit]GigEDeviceEvent Deinit  RecvAllEvent  [0],
Info    2026-06-06 16:12:10:635  DevID:  Source-Line:libMvCameraControl.so(GigELoadLibrary.cpp-L1732)  ProcessName:python3.12(16121)     Description:[UnloadGigEAllFunctions]UnLoad MVGigEVisionSDK success
Info    2026-06-06 16:12:10:635  DevID:  Source-Line:libMvCameraControl.so(U3VLoadLibrary.cpp-L0931)  ProcessName:python3.12(16121)     Description:[UnloadU3VAllFunctions]UnLoad MvUsb3vTLDLL success
Error   2026-06-06 16:16:21:144  DevID:  Source-Line:libMvCameraControl.so(GenTLLoadLibraryEx.cpp-L0222)  ProcessName:python3.12(18362)     Description:[LoadCtiLibInter]Load CTI failed! CTI path[/opt/MVS/lib/aarch64/libMvProducerVIR.so], nRet[0x8000000c]
Error   2026-06-06 16:16:21:144  DevID:  Source-Line:libMvCameraControl.so(GenTLLoadLibraryEx.cpp-L0222)  ProcessName:python3.12(18362)     Description:[LoadCtiLibInter]Load CTI failed! CTI path[/opt/MVS/lib/aarch64/libMvProducerVIR.so], nRet[0x8000000c]
Info    2026-06-06 16:16:21:144  DevID:  Source-Line:libMvCameraControl.so(GigELoadLibrary.cpp-L1607)  ProcessName:python3.12(18362)     Description:[LoadGigEAllFunctions]Load MVGigEVisionSDK success
Error   2026-06-06 16:16:21:145  DevID:  Source-Line:libMvCameraControl.so(GenTLLoadLibraryEx.cpp-L0222)  ProcessName:python3.12(18362)     Description:[LoadCtiLibInter]Load CTI failed! CTI path[/opt/MVS/lib/aarch64/MvFGProducerGEV.cti], nRet[0x8000000c]
Error   2026-06-06 16:16:21:145  DevID:  Source-Line:libMvCameraControl.so(FGDeviceEnumerator.cpp-L0103)  ProcessName:python3.12(18362)     Description:[EnumInterfaceInter]EnumInterfaces failed! Ret[0x8000000c], TLayerType[0x1], CTI[/opt/MVS/lib/aarch64/MvFGProducerGEV.cti]
Error   2026-06-06 16:16:21:145  DevID:  Source-Line:libMvCameraControl.so(GenTLLoadLibraryEx.cpp-L0222)  ProcessName:python3.12(18362)     Description:[LoadCtiLibInter]Load CTI failed! CTI path[/opt/MVS/lib/aarch64/MvFGProducerCXP.cti], nRet[0x8000000c]
Error   2026-06-06 16:16:21:145  DevID:  Source-Line:libMvCameraControl.so(FGDeviceEnumerator.cpp-L0103)  ProcessName:python3.12(18362)     Description:[EnumInterfaceInter]EnumInterfaces failed! Ret[0x8000000c], TLayerType[0x8], CTI[/opt/MVS/lib/aarch64/MvFGProducerCXP.cti]
Error   2026-06-06 16:16:21:145  DevID:  Source-Line:libMvCameraControl.so(GenTLLoadLibraryEx.cpp-L0222)  ProcessName:python3.12(18362)     Description:[LoadCtiLibInter]Load CTI failed! CTI path[/opt/MVS/lib/aarch64/MvFGProducerCML.cti], nRet[0x8000000c]
Error   2026-06-06 16:16:21:145  DevID:  Source-Line:libMvCameraControl.so(FGDeviceEnumerator.cpp-L0103)  ProcessName:python3.12(18362)     Description:[EnumInterfaceInter]EnumInterfaces failed! Ret[0x8000000c], TLayerType[0x4], CTI[/opt/MVS/lib/aarch64/MvFGProducerCML.cti]
Error   2026-06-06 16:16:21:145  DevID:  Source-Line:libMvCameraControl.so(GenTLLoadLibraryEx.cpp-L0222)  ProcessName:python3.12(18362)     Description:[LoadCtiLibInter]Load CTI failed! CTI path[/opt/MVS/lib/aarch64/MvFGProducerXoF.cti], nRet[0x8000000c]
Error   2026-06-06 16:16:21:145  DevID:  Source-Line:libMvCameraControl.so(FGDeviceEnumerator.cpp-L0103)  ProcessName:python3.12(18362)     Description:[EnumInterfaceInter]EnumInterfaces failed! Ret[0x8000000c], TLayerType[0x10], CTI[/opt/MVS/lib/aarch64/MvFGProducerXoF.cti]
Info    2026-06-06 16:16:21:821  DevID:MV-CS050-60GC(DA6358574)  Source-Line:libMvCameraControl.so(GigEDevice.cpp-L0263)  ProcessName:python3.12(18362)     Description:[Init]GEV INFO DeviceIP[192.168.195.100], NetIP[192.168.195.254], ManufacturerInfo[Hikrobot], DeviceVersion[V4.0.30 241011 1385495], UserID[]
Info    2026-06-06 16:16:21:821  DevID:MV-CS050-60GC(DA6358574)  Source-Line:libMvCameraControl.so(MediaProcess.cpp-L0884)  ProcessName:python3.12(18362)     Description:[SetBayerCvtQuality]Set Bayer CvtQuality success! BayerCvtQuality[1]
Info    2026-06-06 16:16:21:821  DevID:MV-CS050-60GC(DA6358574)  Source-Line:libMvCameraControl.so(MediaProcess.cpp-L1732)  ProcessName:python3.12(18362)     Description:[SetBayerThreadNum]Set Bayer Thread Num success! BayerThreadNum[4]
Info    2026-06-06 16:16:21:821  DevID:MV-CS050-60GC(DA6358574)  Source-Line:libMvCameraControl.so(MediaProcess.cpp-L0884)  ProcessName:python3.12(18362)     Description:[SetBayerCvtQuality]Set Bayer CvtQuality success! BayerCvtQuality[1]
Info    2026-06-06 16:16:21:821  DevID:MV-CS050-60GC(DA6358574)  Source-Line:libMvCameraControl.so(MediaProcess.cpp-L1732)  ProcessName:python3.12(18362)     Description:[SetBayerThreadNum]Set Bayer Thread Num success! BayerThreadNum[4]
Info    2026-06-06 16:16:21:821  DevID:MV-CS050-60GC(DA6358574)  Source-Line:libMvCameraControl.so(GigEDevice.cpp-L0299)  ProcessName:python3.12(18362)     Description:[IsValidVersion]MvCameraControl Version[0x4070003], GigE SDKVersion[0x4070003], DriverVersion[0x4070001]
Info    2026-06-06 16:16:21:854  DevID:  Source-Line:libMvCameraControl.so(CacheXmlToFile.cpp-L0516)  ProcessName:python3.12(18362)     Description:[ReadCacheFile]ReadLocalFile XMLPath[SchemaVersion.1.0@Hikrobot#GEV#MV-CS050-60GC#V4.0.30 241011 1385495@XMLVersion.1.0.0.zip]
Info    2026-06-06 16:16:21:854  DevID:MV-CS050-60GC(DA6358574)  Source-Line:libMvCameraControl.so(GigEDevice.cpp-L0464)  ProcessName:python3.12(18362)     Description:[GetXmlInfo]Get GenICamXML From local File, len [0x19132] Type[1]
Info    2026-06-06 16:16:22:011  DevID:MV-CS050-60GC(DA6358574)  Source-Line:libMvCameraControl.so(GigEDevice.cpp-L0805)  ProcessName:python3.12(18362)     Description:[OpenDevice]Load XML success
Info    2026-06-06 16:16:22:013  DevID:MV-CS050-60GC(DA6358574)  Source-Line:libMvCameraControl.so(GenICamImpl.cpp-L0752)  ProcessName:python3.12(18362)     Description:[InvalidateNodes]Invalidate Nodes success
Info    2026-06-06 16:16:22:013  DevID:MV-CS050-60GC(DA6358574)  Source-Line:libMvCameraControl.so(GigEDevice.cpp-L0818)  ProcessName:python3.12(18362)     Description:[OpenDevice]Invalidate Nodes success
Info    2026-06-06 16:16:22:016  DevID:MV-CS050-60GC(DA6358574)  Source-Line:libMvCameraControl.so(StreamGrab.cpp-L0234)  ProcessName:python3.12(18362)     Description:[Open]Stream channel[0] opened
Info    2026-06-06 16:16:22:018  DevID:MV-CS050-60GC(DA6358574)  Source-Line:libMvCameraControl.so(GigEDevice.cpp-L0849)  ProcessName:python3.12(18362)     Description:[OpenDevice]Open device success! PrivilegeMode[1], SwitchoverKey[0], DeviceUptime[2049],DeviceFirmwareVersion[V4.0.30 2410111385495 24091104]
Info    2026-06-06 16:16:22:019  DevID:MV-CS050-60GC(DA6358574)  Source-Line:libMvCameraControl.so(GigEDevice.cpp-L0865)  ProcessName:python3.12(18362)     Description:[OpenDevice]OpenDevice, cost time 198.000000ms 
Info    2026-06-06 16:16:22:019  DevID:  Source-Line:libMvCameraControl.so(GenICamImpl.cpp-L2342)  ProcessName:python3.12(18362)     Description:[RecordThread]RecordThread Start, ThreadId[469758416]
Info    2026-06-06 16:16:22:025  DevID:MV-CS050-60GC(DA6358574)  Source-Line:libMvCameraControl.so(GenICamImpl.cpp-L2373)  ProcessName:python3.12(18362)     Description:[RecordThreadProc][Record] Get BlackLevel value [64]
Info    2026-06-06 16:16:22:028  DevID:MV-CS050-60GC(DA6358574)  Source-Line:libMvCameraControl.so(GenICamImpl.cpp-L2395)  ProcessName:python3.12(18362)     Description:[RecordThreadProc][Record] Get BalanceWhiteAuto Value [1] (0:off 1:contineu; 2:once):
Info    2026-06-06 16:16:22:033  DevID:MV-CS050-60GC(DA6358574)  Source-Line:libMvCameraControl.so(GenICamImpl.cpp-L2461)  ProcessName:python3.12(18362)     Description:[RecordThreadProc][Record] Get ExposureAuto value [0]
Info    2026-06-06 16:16:22:039  DevID:MV-CS050-60GC(DA6358574)  Source-Line:libMvCameraControl.so(GenICamImpl.cpp-L2483)  ProcessName:python3.12(18362)     Description:[RecordThreadProc][Record] Get ExposureTime value [50000.000000] 
Info    2026-06-06 16:16:22:040  DevID:MV-CS050-60GC(DA6358574)  Source-Line:libMvCameraControl.so(GenICamImpl.cpp-L2504)  ProcessName:python3.12(18362)     Description:[RecordThreadProc][Record] Get GainAuto value [0] (0:off 1:contineu; 2:once):
Info    2026-06-06 16:16:22:045  DevID:MV-CS050-60GC(DA6358574)  Source-Line:libMvCameraControl.so(GenICamImpl.cpp-L2525)  ProcessName:python3.12(18362)     Description:[RecordThreadProc][Record] Get Gain value [10.016100] 
Info    2026-06-06 16:16:22:051  DevID:MV-CS050-60GC(DA6358574)  Source-Line:libMvCameraControl.so(GenICamImpl.cpp-L2546)  ProcessName:python3.12(18362)     Description:[RecordThreadProc][Record] Get PixelFormat value [17301512] :
Info    2026-06-06 16:16:22:056  DevID:MV-CS050-60GC(DA6358574)  Source-Line:libMvCameraControl.so(GenICamImpl.cpp-L2609)  ProcessName:python3.12(18362)     Description:[RecordThreadProc][Record] Get UserSetCurrent value [0]
Info    2026-06-06 16:16:22:057  DevID:MV-CS050-60GC(DA6358574)  Source-Line:libMvCameraControl.so(GenICamImpl.cpp-L2630)  ProcessName:python3.12(18362)     Description:[RecordThreadProc][Record] Get UserSetSelector value [0] 
Info    2026-06-06 16:16:22:058  DevID:MV-CS050-60GC(DA6358574)  Source-Line:libMvCameraControl.so(GenICamImpl.cpp-L2651)  ProcessName:python3.12(18362)     Description:[RecordThreadProc][Record] Get UserSetDefault value[0]
Info    2026-06-06 16:16:22:059  DevID:  Source-Line:libMvCameraControl.so(GenICamImpl.cpp-L2347)  ProcessName:python3.12(18362)     Description:[RecordThread]RecordThread End, ThreadId[469758416]
Error   2026-06-06 16:16:23:528  DevID:MV-CS050-60GC(DA6358574)  Source-Line:libMvCameraControl.so(GenICamImpl.cpp-L1111)  ProcessName:python3.12(18362)     Description:[XML_GetNodeAccessMode]PropertyName[SeqExpEnable], Ret[0x80000100]
Error   2026-06-06 16:16:23:528  DevID:MV-CS050-60GC(DA6358574)  Source-Line:libMvCameraControl.so(XmlParse.cpp-L3037)  ProcessName:python3.12(18362)     Description:[GetBooleanValue]Get Node Value, Node does not exist, NodeName[SeqExpEnable]
Error   2026-06-06 16:16:23:528  DevID:MV-CS050-60GC(DA6358574)  Source-Line:libMvCameraControl.so(GenICamImpl.cpp-L0551)  ProcessName:python3.12(18362)     Description:[GetBoolValue]Property[SeqExpEnable], Ret[0x80000100]
Error   2026-06-06 16:16:23:528  DevID:MV-CS050-60GC(DA6358574)  Source-Line:libMvCameraControl.so(GenICamImpl.cpp-L1111)  ProcessName:python3.12(18362)     Description:[XML_GetNodeAccessMode]PropertyName[MultiLightControl], Ret[0x80000100]
Error   2026-06-06 16:16:23:528  DevID:MV-CS050-60GC(DA6358574)  Source-Line:libMvCameraControl.so(XmlParse.cpp-L2386)  ProcessName:python3.12(18362)     Description:[GetEnumValue]Get Node Value, Node does not exist, NodeName[MultiLightControl]
Error   2026-06-06 16:16:23:528  DevID:MV-CS050-60GC(DA6358574)  Source-Line:libMvCameraControl.so(GenICamImpl.cpp-L0364)  ProcessName:python3.12(18362)     Description:[GetEnumValue]Property[MultiLightControl], Ret[0x80000100]
Info    2026-06-06 16:16:23:528  DevID:MV-CS050-60GC(DA6358574)  Source-Line:libMvCameraControl.so(GigEStream.cpp-L0067)  ProcessName:python3.12(18362)     Description:[StartAcquisition][GEV]Width[2448], Height[2048], PixelFormat[0x1080008], PayloadSize[5013504], ChunkCount[100], CompressMode[0], DeviceUptime[2050]
Info    2026-06-06 16:16:23:537  DevID:MV-CS050-60GC(DA6358574)  Source-Line:libMvCameraControl.so(StreamGrab.cpp-L0869)  ProcessName:python3.12(18362)     Description:[StartGrabbing]StreamChannel[0], Start grabbing success, There is no registration callback.
Info    2026-06-06 16:18:53:904  DevID:MV-CS050-60GC(DA6358574)  Source-Line:libMvCameraControl.so(StreamGrab.cpp-L0934)  ProcessName:python3.12(18362)     Description:[StopGrabbing]Stop grabbing success! DeviceUptime[2201]
Info    2026-06-06 16:18:53:904  DevID:MV-CS050-60GC(DA6358574)  Source-Line:libMvCameraControl.so(GigEDevice.cpp-L0648)  ProcessName:python3.12(18362)     Description:[CloseGigEDevice] Close device begin!
Error   2026-06-06 16:18:53:904  DevID:MV-CS050-60GC(DA6358574)  Source-Line:libMvCameraControl.so(StreamGrab.cpp-L0882)  ProcessName:python3.12(18362)     Description:[StopGrabbing]StreamChannel[0], bGrabbing[0], pDevStream[0xaaaaea5d22f0]
Info    2026-06-06 16:18:53:904  DevID:MV-CS050-60GC(DA6358574)  Source-Line:libMvCameraControl.so(StreamGrab.cpp-L0270)  ProcessName:python3.12(18362)     Description:[Close]Stream channel[0] closed
Info    2026-06-06 16:18:53:905  DevID:MV-CS050-60GC(DA6358574)  Source-Line:libMvCameraControl.so(GigEDevice.cpp-L0665)  ProcessName:python3.12(18362)     Description:[CloseGigEDevice]DeviceUptime[2201]
Info    2026-06-06 16:18:54:011  DevID:MV-CS050-60GC(DA6358574)  Source-Line:libMvCameraControl.so(GigEDevice.cpp-L0687)  ProcessName:python3.12(18362)     Description:[CloseGigEDevice]Close device success!
Info    2026-06-06 16:18:54:011  DevID:MV-CS050-60GC(DA6358574)  Source-Line:libMvCameraControl.so(GigEDeviceEvent.cpp-L0046)  ProcessName:python3.12(18362)     Description:[Deinit]GigEDeviceEvent Deinit  RecvAllEvent  [0],
Info    2026-06-06 16:18:54:021  DevID:  Source-Line:libMvCameraControl.so(GigELoadLibrary.cpp-L1732)  ProcessName:python3.12(18362)     Description:[UnloadGigEAllFunctions]UnLoad MVGigEVisionSDK success
Info    2026-06-06 16:18:54:021  DevID:  Source-Line:libMvCameraControl.so(U3VLoadLibrary.cpp-L0931)  ProcessName:python3.12(18362)     Description:[UnloadU3VAllFunctions]UnLoad MvUsb3vTLDLL success
Error   2026-06-06 16:20:30:181  DevID:  Source-Line:libMvCameraControl.so(GenTLLoadLibraryEx.cpp-L0222)  ProcessName:python3.12(19485)     Description:[LoadCtiLibInter]Load CTI failed! CTI path[/opt/MVS/lib/aarch64/libMvProducerVIR.so], nRet[0x8000000c]
Info    2026-06-06 16:20:30:181  DevID:  Source-Line:libMvCameraControl.so(GigELoadLibrary.cpp-L1607)  ProcessName:python3.12(19485)     Description:[LoadGigEAllFunctions]Load MVGigEVisionSDK success
Error   2026-06-06 16:20:30:181  DevID:  Source-Line:libMvCameraControl.so(GenTLLoadLibraryEx.cpp-L0222)  ProcessName:python3.12(19485)     Description:[LoadCtiLibInter]Load CTI failed! CTI path[/opt/MVS/lib/aarch64/libMvProducerVIR.so], nRet[0x8000000c]
Error   2026-06-06 16:20:30:181  DevID:  Source-Line:libMvCameraControl.so(GenTLLoadLibraryEx.cpp-L0222)  ProcessName:python3.12(19485)     Description:[LoadCtiLibInter]Load CTI failed! CTI path[/opt/MVS/lib/aarch64/MvFGProducerGEV.cti], nRet[0x8000000c]
Error   2026-06-06 16:20:30:181  DevID:  Source-Line:libMvCameraControl.so(FGDeviceEnumerator.cpp-L0103)  ProcessName:python3.12(19485)     Description:[EnumInterfaceInter]EnumInterfaces failed! Ret[0x8000000c], TLayerType[0x1], CTI[/opt/MVS/lib/aarch64/MvFGProducerGEV.cti]
Error   2026-06-06 16:20:30:181  DevID:  Source-Line:libMvCameraControl.so(GenTLLoadLibraryEx.cpp-L0222)  ProcessName:python3.12(19485)     Description:[LoadCtiLibInter]Load CTI failed! CTI path[/opt/MVS/lib/aarch64/MvFGProducerCXP.cti], nRet[0x8000000c]
Error   2026-06-06 16:20:30:181  DevID:  Source-Line:libMvCameraControl.so(FGDeviceEnumerator.cpp-L0103)  ProcessName:python3.12(19485)     Description:[EnumInterfaceInter]EnumInterfaces failed! Ret[0x8000000c], TLayerType[0x8], CTI[/opt/MVS/lib/aarch64/MvFGProducerCXP.cti]
Error   2026-06-06 16:20:30:181  DevID:  Source-Line:libMvCameraControl.so(GenTLLoadLibraryEx.cpp-L0222)  ProcessName:python3.12(19485)     Description:[LoadCtiLibInter]Load CTI failed! CTI path[/opt/MVS/lib/aarch64/MvFGProducerCML.cti], nRet[0x8000000c]
Error   2026-06-06 16:20:30:181  DevID:  Source-Line:libMvCameraControl.so(FGDeviceEnumerator.cpp-L0103)  ProcessName:python3.12(19485)     Description:[EnumInterfaceInter]EnumInterfaces failed! Ret[0x8000000c], TLayerType[0x4], CTI[/opt/MVS/lib/aarch64/MvFGProducerCML.cti]
Error   2026-06-06 16:20:30:181  DevID:  Source-Line:libMvCameraControl.so(GenTLLoadLibraryEx.cpp-L0222)  ProcessName:python3.12(19485)     Description:[LoadCtiLibInter]Load CTI failed! CTI path[/opt/MVS/lib/aarch64/MvFGProducerXoF.cti], nRet[0x8000000c]
Error   2026-06-06 16:20:30:181  DevID:  Source-Line:libMvCameraControl.so(FGDeviceEnumerator.cpp-L0103)  ProcessName:python3.12(19485)     Description:[EnumInterfaceInter]EnumInterfaces failed! Ret[0x8000000c], TLayerType[0x10], CTI[/opt/MVS/lib/aarch64/MvFGProducerXoF.cti]
Info    2026-06-06 16:20:31:192  DevID:MV-CS050-60GC(DA6358574)  Source-Line:libMvCameraControl.so(GigEDevice.cpp-L0263)  ProcessName:python3.12(19485)     Description:[Init]GEV INFO DeviceIP[192.168.195.100], NetIP[192.168.195.254], ManufacturerInfo[Hikrobot], DeviceVersion[V4.0.30 241011 1385495], UserID[]
Info    2026-06-06 16:20:31:192  DevID:MV-CS050-60GC(DA6358574)  Source-Line:libMvCameraControl.so(MediaProcess.cpp-L0884)  ProcessName:python3.12(19485)     Description:[SetBayerCvtQuality]Set Bayer CvtQuality success! BayerCvtQuality[1]
Info    2026-06-06 16:20:31:193  DevID:MV-CS050-60GC(DA6358574)  Source-Line:libMvCameraControl.so(MediaProcess.cpp-L1732)  ProcessName:python3.12(19485)     Description:[SetBayerThreadNum]Set Bayer Thread Num success! BayerThreadNum[4]
Info    2026-06-06 16:20:31:193  DevID:MV-CS050-60GC(DA6358574)  Source-Line:libMvCameraControl.so(MediaProcess.cpp-L0884)  ProcessName:python3.12(19485)     Description:[SetBayerCvtQuality]Set Bayer CvtQuality success! BayerCvtQuality[1]
Info    2026-06-06 16:20:31:193  DevID:MV-CS050-60GC(DA6358574)  Source-Line:libMvCameraControl.so(MediaProcess.cpp-L1732)  ProcessName:python3.12(19485)     Description:[SetBayerThreadNum]Set Bayer Thread Num success! BayerThreadNum[4]
Info    2026-06-06 16:20:31:193  DevID:MV-CS050-60GC(DA6358574)  Source-Line:libMvCameraControl.so(GigEDevice.cpp-L0299)  ProcessName:python3.12(19485)     Description:[IsValidVersion]MvCameraControl Version[0x4070003], GigE SDKVersion[0x4070003], DriverVersion[0x4070001]
Info    2026-06-06 16:20:31:223  DevID:  Source-Line:libMvCameraControl.so(CacheXmlToFile.cpp-L0516)  ProcessName:python3.12(19485)     Description:[ReadCacheFile]ReadLocalFile XMLPath[SchemaVersion.1.0@Hikrobot#GEV#MV-CS050-60GC#V4.0.30 241011 1385495@XMLVersion.1.0.0.zip]
Info    2026-06-06 16:20:31:223  DevID:MV-CS050-60GC(DA6358574)  Source-Line:libMvCameraControl.so(GigEDevice.cpp-L0464)  ProcessName:python3.12(19485)     Description:[GetXmlInfo]Get GenICamXML From local File, len [0x19132] Type[1]
Info    2026-06-06 16:20:31:382  DevID:MV-CS050-60GC(DA6358574)  Source-Line:libMvCameraControl.so(GigEDevice.cpp-L0805)  ProcessName:python3.12(19485)     Description:[OpenDevice]Load XML success
Info    2026-06-06 16:20:31:385  DevID:MV-CS050-60GC(DA6358574)  Source-Line:libMvCameraControl.so(GenICamImpl.cpp-L0752)  ProcessName:python3.12(19485)     Description:[InvalidateNodes]Invalidate Nodes success
Info    2026-06-06 16:20:31:385  DevID:MV-CS050-60GC(DA6358574)  Source-Line:libMvCameraControl.so(GigEDevice.cpp-L0818)  ProcessName:python3.12(19485)     Description:[OpenDevice]Invalidate Nodes success
Info    2026-06-06 16:20:31:387  DevID:MV-CS050-60GC(DA6358574)  Source-Line:libMvCameraControl.so(StreamGrab.cpp-L0234)  ProcessName:python3.12(19485)     Description:[Open]Stream channel[0] opened
Info    2026-06-06 16:20:31:390  DevID:MV-CS050-60GC(DA6358574)  Source-Line:libMvCameraControl.so(GigEDevice.cpp-L0849)  ProcessName:python3.12(19485)     Description:[OpenDevice]Open device success! PrivilegeMode[1], SwitchoverKey[0], DeviceUptime[2298],DeviceFirmwareVersion[V4.0.30 2410111385495 24091104]
Info    2026-06-06 16:20:31:390  DevID:MV-CS050-60GC(DA6358574)  Source-Line:libMvCameraControl.so(GigEDevice.cpp-L0865)  ProcessName:python3.12(19485)     Description:[OpenDevice]OpenDevice, cost time 197.000000ms 
Info    2026-06-06 16:20:31:390  DevID:  Source-Line:libMvCameraControl.so(GenICamImpl.cpp-L2342)  ProcessName:python3.12(19485)     Description:[RecordThread]RecordThread Start, ThreadId[872411600]
Info    2026-06-06 16:20:31:397  DevID:MV-CS050-60GC(DA6358574)  Source-Line:libMvCameraControl.so(GenICamImpl.cpp-L2373)  ProcessName:python3.12(19485)     Description:[RecordThreadProc][Record] Get BlackLevel value [64]
Info    2026-06-06 16:20:32:834  DevID:MV-CS050-60GC(DA6358574)  Source-Line:libMvCameraControl.so(GenICamImpl.cpp-L2395)  ProcessName:python3.12(19485)     Description:[RecordThreadProc][Record] Get BalanceWhiteAuto Value [1] (0:off 1:contineu; 2:once):
Error   2026-06-06 16:20:32:878  DevID:MV-CS050-60GC(DA6358574)  Source-Line:libMvCameraControl.so(GenICamImpl.cpp-L1111)  ProcessName:python3.12(19485)     Description:[XML_GetNodeAccessMode]PropertyName[SeqExpEnable], Ret[0x80000100]
Error   2026-06-06 16:20:32:878  DevID:MV-CS050-60GC(DA6358574)  Source-Line:libMvCameraControl.so(XmlParse.cpp-L3037)  ProcessName:python3.12(19485)     Description:[GetBooleanValue]Get Node Value, Node does not exist, NodeName[SeqExpEnable]
Error   2026-06-06 16:20:32:878  DevID:MV-CS050-60GC(DA6358574)  Source-Line:libMvCameraControl.so(GenICamImpl.cpp-L0551)  ProcessName:python3.12(19485)     Description:[GetBoolValue]Property[SeqExpEnable], Ret[0x80000100]
Error   2026-06-06 16:20:32:878  DevID:MV-CS050-60GC(DA6358574)  Source-Line:libMvCameraControl.so(GenICamImpl.cpp-L1111)  ProcessName:python3.12(19485)     Description:[XML_GetNodeAccessMode]PropertyName[MultiLightControl], Ret[0x80000100]
Error   2026-06-06 16:20:32:878  DevID:MV-CS050-60GC(DA6358574)  Source-Line:libMvCameraControl.so(XmlParse.cpp-L2386)  ProcessName:python3.12(19485)     Description:[GetEnumValue]Get Node Value, Node does not exist, NodeName[MultiLightControl]
Error   2026-06-06 16:20:32:878  DevID:MV-CS050-60GC(DA6358574)  Source-Line:libMvCameraControl.so(GenICamImpl.cpp-L0364)  ProcessName:python3.12(19485)     Description:[GetEnumValue]Property[MultiLightControl], Ret[0x80000100]
Info    2026-06-06 16:20:32:878  DevID:MV-CS050-60GC(DA6358574)  Source-Line:libMvCameraControl.so(GigEStream.cpp-L0067)  ProcessName:python3.12(19485)     Description:[StartAcquisition][GEV]Width[2448], Height[2048], PixelFormat[0x1080008], PayloadSize[5013504], ChunkCount[100], CompressMode[0], DeviceUptime[2300]
Info    2026-06-06 16:20:32:889  DevID:MV-CS050-60GC(DA6358574)  Source-Line:libMvCameraControl.so(GenICamImpl.cpp-L2461)  ProcessName:python3.12(19485)     Description:[RecordThreadProc][Record] Get ExposureAuto value [0]
Info    2026-06-06 16:20:32:892  DevID:MV-CS050-60GC(DA6358574)  Source-Line:libMvCameraControl.so(StreamGrab.cpp-L0869)  ProcessName:python3.12(19485)     Description:[StartGrabbing]StreamChannel[0], Start grabbing success, There is no registration callback.
Info    2026-06-06 16:20:32:897  DevID:MV-CS050-60GC(DA6358574)  Source-Line:libMvCameraControl.so(GenICamImpl.cpp-L2483)  ProcessName:python3.12(19485)     Description:[RecordThreadProc][Record] Get ExposureTime value [50000.000000] 
Info    2026-06-06 16:20:32:899  DevID:MV-CS050-60GC(DA6358574)  Source-Line:libMvCameraControl.so(GenICamImpl.cpp-L2504)  ProcessName:python3.12(19485)     Description:[RecordThreadProc][Record] Get GainAuto value [0] (0:off 1:contineu; 2:once):
Info    2026-06-06 16:20:32:904  DevID:MV-CS050-60GC(DA6358574)  Source-Line:libMvCameraControl.so(GenICamImpl.cpp-L2525)  ProcessName:python3.12(19485)     Description:[RecordThreadProc][Record] Get Gain value [10.016100] 
Info    2026-06-06 16:20:32:905  DevID:MV-CS050-60GC(DA6358574)  Source-Line:libMvCameraControl.so(GenICamImpl.cpp-L2546)  ProcessName:python3.12(19485)     Description:[RecordThreadProc][Record] Get PixelFormat value [17301512] :
Info    2026-06-06 16:20:32:911  DevID:MV-CS050-60GC(DA6358574)  Source-Line:libMvCameraControl.so(GenICamImpl.cpp-L2609)  ProcessName:python3.12(19485)     Description:[RecordThreadProc][Record] Get UserSetCurrent value [0]
Info    2026-06-06 16:20:32:912  DevID:MV-CS050-60GC(DA6358574)  Source-Line:libMvCameraControl.so(GenICamImpl.cpp-L2630)  ProcessName:python3.12(19485)     Description:[RecordThreadProc][Record] Get UserSetSelector value [0] 
Info    2026-06-06 16:20:32:913  DevID:MV-CS050-60GC(DA6358574)  Source-Line:libMvCameraControl.so(GenICamImpl.cpp-L2651)  ProcessName:python3.12(19485)     Description:[RecordThreadProc][Record] Get UserSetDefault value[0]
Info    2026-06-06 16:20:32:913  DevID:  Source-Line:libMvCameraControl.so(GenICamImpl.cpp-L2347)  ProcessName:python3.12(19485)     Description:[RecordThread]RecordThread End, ThreadId[872411600]
Info    2026-06-06 16:22:33:363  DevID:MV-CS050-60GC(DA6358574)  Source-Line:libMvCameraControl.so(StreamGrab.cpp-L0934)  ProcessName:python3.12(19485)     Description:[StopGrabbing]Stop grabbing success! DeviceUptime[2420]
Info    2026-06-06 16:22:33:363  DevID:MV-CS050-60GC(DA6358574)  Source-Line:libMvCameraControl.so(GigEDevice.cpp-L0648)  ProcessName:python3.12(19485)     Description:[CloseGigEDevice] Close device begin!
Error   2026-06-06 16:22:33:363  DevID:MV-CS050-60GC(DA6358574)  Source-Line:libMvCameraControl.so(StreamGrab.cpp-L0882)  ProcessName:python3.12(19485)     Description:[StopGrabbing]StreamChannel[0], bGrabbing[0], pDevStream[0xaaab0e0192f0]
Info    2026-06-06 16:22:33:363  DevID:MV-CS050-60GC(DA6358574)  Source-Line:libMvCameraControl.so(StreamGrab.cpp-L0270)  ProcessName:python3.12(19485)     Description:[Close]Stream channel[0] closed
Info    2026-06-06 16:22:33:364  DevID:MV-CS050-60GC(DA6358574)  Source-Line:libMvCameraControl.so(GigEDevice.cpp-L0665)  ProcessName:python3.12(19485)     Description:[CloseGigEDevice]DeviceUptime[2420]
Info    2026-06-06 16:22:33:472  DevID:MV-CS050-60GC(DA6358574)  Source-Line:libMvCameraControl.so(GigEDevice.cpp-L0687)  ProcessName:python3.12(19485)     Description:[CloseGigEDevice]Close device success!
Info    2026-06-06 16:22:33:472  DevID:MV-CS050-60GC(DA6358574)  Source-Line:libMvCameraControl.so(GigEDeviceEvent.cpp-L0046)  ProcessName:python3.12(19485)     Description:[Deinit]GigEDeviceEvent Deinit  RecvAllEvent  [0],
Info    2026-06-06 16:22:33:481  DevID:  Source-Line:libMvCameraControl.so(GigELoadLibrary.cpp-L1732)  ProcessName:python3.12(19485)     Description:[UnloadGigEAllFunctions]UnLoad MVGigEVisionSDK success
Info    2026-06-06 16:22:33:481  DevID:  Source-Line:libMvCameraControl.so(U3VLoadLibrary.cpp-L0931)  ProcessName:python3.12(19485)     Description:[UnloadU3VAllFunctions]UnLoad MvUsb3vTLDLL success
Error   2026-06-06 16:23:49:392  DevID:  Source-Line:libMvCameraControl.so(GenTLLoadLibraryEx.cpp-L0222)  ProcessName:python3.12(20526)     Description:[LoadCtiLibInter]Load CTI failed! CTI path[/opt/MVS/lib/aarch64/libMvProducerVIR.so], nRet[0x8000000c]
Error   2026-06-06 16:23:49:392  DevID:  Source-Line:libMvCameraControl.so(GenTLLoadLibraryEx.cpp-L0222)  ProcessName:python3.12(20526)     Description:[LoadCtiLibInter]Load CTI failed! CTI path[/opt/MVS/lib/aarch64/libMvProducerVIR.so], nRet[0x8000000c]
Info    2026-06-06 16:23:49:392  DevID:  Source-Line:libMvCameraControl.so(GigELoadLibrary.cpp-L1607)  ProcessName:python3.12(20526)     Description:[LoadGigEAllFunctions]Load MVGigEVisionSDK success
Error   2026-06-06 16:23:49:392  DevID:  Source-Line:libMvCameraControl.so(GenTLLoadLibraryEx.cpp-L0222)  ProcessName:python3.12(20526)     Description:[LoadCtiLibInter]Load CTI failed! CTI path[/opt/MVS/lib/aarch64/MvFGProducerGEV.cti], nRet[0x8000000c]
Error   2026-06-06 16:23:49:392  DevID:  Source-Line:libMvCameraControl.so(FGDeviceEnumerator.cpp-L0103)  ProcessName:python3.12(20526)     Description:[EnumInterfaceInter]EnumInterfaces failed! Ret[0x8000000c], TLayerType[0x1], CTI[/opt/MVS/lib/aarch64/MvFGProducerGEV.cti]
Error   2026-06-06 16:23:49:392  DevID:  Source-Line:libMvCameraControl.so(GenTLLoadLibraryEx.cpp-L0222)  ProcessName:python3.12(20526)     Description:[LoadCtiLibInter]Load CTI failed! CTI path[/opt/MVS/lib/aarch64/MvFGProducerCXP.cti], nRet[0x8000000c]
Error   2026-06-06 16:23:49:392  DevID:  Source-Line:libMvCameraControl.so(FGDeviceEnumerator.cpp-L0103)  ProcessName:python3.12(20526)     Description:[EnumInterfaceInter]EnumInterfaces failed! Ret[0x8000000c], TLayerType[0x8], CTI[/opt/MVS/lib/aarch64/MvFGProducerCXP.cti]
Error   2026-06-06 16:23:49:393  DevID:  Source-Line:libMvCameraControl.so(GenTLLoadLibraryEx.cpp-L0222)  ProcessName:python3.12(20526)     Description:[LoadCtiLibInter]Load CTI failed! CTI path[/opt/MVS/lib/aarch64/MvFGProducerCML.cti], nRet[0x8000000c]
Error   2026-06-06 16:23:49:393  DevID:  Source-Line:libMvCameraControl.so(FGDeviceEnumerator.cpp-L0103)  ProcessName:python3.12(20526)     Description:[EnumInterfaceInter]EnumInterfaces failed! Ret[0x8000000c], TLayerType[0x4], CTI[/opt/MVS/lib/aarch64/MvFGProducerCML.cti]
Error   2026-06-06 16:23:49:393  DevID:  Source-Line:libMvCameraControl.so(GenTLLoadLibraryEx.cpp-L0222)  ProcessName:python3.12(20526)     Description:[LoadCtiLibInter]Load CTI failed! CTI path[/opt/MVS/lib/aarch64/MvFGProducerXoF.cti], nRet[0x8000000c]
Error   2026-06-06 16:23:49:393  DevID:  Source-Line:libMvCameraControl.so(FGDeviceEnumerator.cpp-L0103)  ProcessName:python3.12(20526)     Description:[EnumInterfaceInter]EnumInterfaces failed! Ret[0x8000000c], TLayerType[0x10], CTI[/opt/MVS/lib/aarch64/MvFGProducerXoF.cti]
Info    2026-06-06 16:23:49:979  DevID:MV-CS050-60GC(DA6358574)  Source-Line:libMvCameraControl.so(GigEDevice.cpp-L0263)  ProcessName:python3.12(20526)     Description:[Init]GEV INFO DeviceIP[192.168.195.100], NetIP[192.168.195.254], ManufacturerInfo[Hikrobot], DeviceVersion[V4.0.30 241011 1385495], UserID[]
Info    2026-06-06 16:23:49:979  DevID:MV-CS050-60GC(DA6358574)  Source-Line:libMvCameraControl.so(MediaProcess.cpp-L0884)  ProcessName:python3.12(20526)     Description:[SetBayerCvtQuality]Set Bayer CvtQuality success! BayerCvtQuality[1]
Info    2026-06-06 16:23:49:979  DevID:MV-CS050-60GC(DA6358574)  Source-Line:libMvCameraControl.so(MediaProcess.cpp-L1732)  ProcessName:python3.12(20526)     Description:[SetBayerThreadNum]Set Bayer Thread Num success! BayerThreadNum[4]
Info    2026-06-06 16:23:49:979  DevID:MV-CS050-60GC(DA6358574)  Source-Line:libMvCameraControl.so(MediaProcess.cpp-L0884)  ProcessName:python3.12(20526)     Description:[SetBayerCvtQuality]Set Bayer CvtQuality success! BayerCvtQuality[1]
Info    2026-06-06 16:23:49:979  DevID:MV-CS050-60GC(DA6358574)  Source-Line:libMvCameraControl.so(MediaProcess.cpp-L1732)  ProcessName:python3.12(20526)     Description:[SetBayerThreadNum]Set Bayer Thread Num success! BayerThreadNum[4]
Info    2026-06-06 16:23:49:979  DevID:MV-CS050-60GC(DA6358574)  Source-Line:libMvCameraControl.so(GigEDevice.cpp-L0299)  ProcessName:python3.12(20526)     Description:[IsValidVersion]MvCameraControl Version[0x4070003], GigE SDKVersion[0x4070003], DriverVersion[0x4070001]
Info    2026-06-06 16:23:50:011  DevID:  Source-Line:libMvCameraControl.so(CacheXmlToFile.cpp-L0516)  ProcessName:python3.12(20526)     Description:[ReadCacheFile]ReadLocalFile XMLPath[SchemaVersion.1.0@Hikrobot#GEV#MV-CS050-60GC#V4.0.30 241011 1385495@XMLVersion.1.0.0.zip]
Info    2026-06-06 16:23:50:011  DevID:MV-CS050-60GC(DA6358574)  Source-Line:libMvCameraControl.so(GigEDevice.cpp-L0464)  ProcessName:python3.12(20526)     Description:[GetXmlInfo]Get GenICamXML From local File, len [0x19132] Type[1]
Info    2026-06-06 16:23:50:169  DevID:MV-CS050-60GC(DA6358574)  Source-Line:libMvCameraControl.so(GigEDevice.cpp-L0805)  ProcessName:python3.12(20526)     Description:[OpenDevice]Load XML success
Info    2026-06-06 16:23:50:172  DevID:MV-CS050-60GC(DA6358574)  Source-Line:libMvCameraControl.so(GenICamImpl.cpp-L0752)  ProcessName:python3.12(20526)     Description:[InvalidateNodes]Invalidate Nodes success
Info    2026-06-06 16:23:50:172  DevID:MV-CS050-60GC(DA6358574)  Source-Line:libMvCameraControl.so(GigEDevice.cpp-L0818)  ProcessName:python3.12(20526)     Description:[OpenDevice]Invalidate Nodes success
Info    2026-06-06 16:23:50:174  DevID:MV-CS050-60GC(DA6358574)  Source-Line:libMvCameraControl.so(StreamGrab.cpp-L0234)  ProcessName:python3.12(20526)     Description:[Open]Stream channel[0] opened
Info    2026-06-06 16:23:50:177  DevID:MV-CS050-60GC(DA6358574)  Source-Line:libMvCameraControl.so(GigEDevice.cpp-L0849)  ProcessName:python3.12(20526)     Description:[OpenDevice]Open device success! PrivilegeMode[1], SwitchoverKey[0], DeviceUptime[2497],DeviceFirmwareVersion[V4.0.30 2410111385495 24091104]
Info    2026-06-06 16:23:50:177  DevID:MV-CS050-60GC(DA6358574)  Source-Line:libMvCameraControl.so(GigEDevice.cpp-L0865)  ProcessName:python3.12(20526)     Description:[OpenDevice]OpenDevice, cost time 198.000000ms 
Info    2026-06-06 16:23:50:177  DevID:  Source-Line:libMvCameraControl.so(GenICamImpl.cpp-L2342)  ProcessName:python3.12(20526)     Description:[RecordThread]RecordThread Start, ThreadId[791654864]
Info    2026-06-06 16:23:50:184  DevID:MV-CS050-60GC(DA6358574)  Source-Line:libMvCameraControl.so(GenICamImpl.cpp-L2373)  ProcessName:python3.12(20526)     Description:[RecordThreadProc][Record] Get BlackLevel value [64]
Info    2026-06-06 16:23:51:619  DevID:MV-CS050-60GC(DA6358574)  Source-Line:libMvCameraControl.so(GenICamImpl.cpp-L2395)  ProcessName:python3.12(20526)     Description:[RecordThreadProc][Record] Get BalanceWhiteAuto Value [1] (0:off 1:contineu; 2:once):
Info    2026-06-06 16:23:51:627  DevID:MV-CS050-60GC(DA6358574)  Source-Line:libMvCameraControl.so(GenICamImpl.cpp-L2461)  ProcessName:python3.12(20526)     Description:[RecordThreadProc][Record] Get ExposureAuto value [0]
Info    2026-06-06 16:23:51:641  DevID:MV-CS050-60GC(DA6358574)  Source-Line:libMvCameraControl.so(GenICamImpl.cpp-L2483)  ProcessName:python3.12(20526)     Description:[RecordThreadProc][Record] Get ExposureTime value [50000.000000] 
Error   2026-06-06 16:23:51:675  DevID:MV-CS050-60GC(DA6358574)  Source-Line:libMvCameraControl.so(GenICamImpl.cpp-L1111)  ProcessName:python3.12(20526)     Description:[XML_GetNodeAccessMode]PropertyName[SeqExpEnable], Ret[0x80000100]
Error   2026-06-06 16:23:51:675  DevID:MV-CS050-60GC(DA6358574)  Source-Line:libMvCameraControl.so(XmlParse.cpp-L3037)  ProcessName:python3.12(20526)     Description:[GetBooleanValue]Get Node Value, Node does not exist, NodeName[SeqExpEnable]
Error   2026-06-06 16:23:51:675  DevID:MV-CS050-60GC(DA6358574)  Source-Line:libMvCameraControl.so(GenICamImpl.cpp-L0551)  ProcessName:python3.12(20526)     Description:[GetBoolValue]Property[SeqExpEnable], Ret[0x80000100]
Error   2026-06-06 16:23:51:675  DevID:MV-CS050-60GC(DA6358574)  Source-Line:libMvCameraControl.so(GenICamImpl.cpp-L1111)  ProcessName:python3.12(20526)     Description:[XML_GetNodeAccessMode]PropertyName[MultiLightControl], Ret[0x80000100]
Error   2026-06-06 16:23:51:675  DevID:MV-CS050-60GC(DA6358574)  Source-Line:libMvCameraControl.so(XmlParse.cpp-L2386)  ProcessName:python3.12(20526)     Description:[GetEnumValue]Get Node Value, Node does not exist, NodeName[MultiLightControl]
Error   2026-06-06 16:23:51:675  DevID:MV-CS050-60GC(DA6358574)  Source-Line:libMvCameraControl.so(GenICamImpl.cpp-L0364)  ProcessName:python3.12(20526)     Description:[GetEnumValue]Property[MultiLightControl], Ret[0x80000100]
Info    2026-06-06 16:23:51:675  DevID:MV-CS050-60GC(DA6358574)  Source-Line:libMvCameraControl.so(GigEStream.cpp-L0067)  ProcessName:python3.12(20526)     Description:[StartAcquisition][GEV]Width[2448], Height[2048], PixelFormat[0x1080008], PayloadSize[5013504], ChunkCount[100], CompressMode[0], DeviceUptime[2498]
Info    2026-06-06 16:23:51:684  DevID:MV-CS050-60GC(DA6358574)  Source-Line:libMvCameraControl.so(GenICamImpl.cpp-L2504)  ProcessName:python3.12(20526)     Description:[RecordThreadProc][Record] Get GainAuto value [0] (0:off 1:contineu; 2:once):
Info    2026-06-06 16:23:51:686  DevID:MV-CS050-60GC(DA6358574)  Source-Line:libMvCameraControl.so(StreamGrab.cpp-L0869)  ProcessName:python3.12(20526)     Description:[StartGrabbing]StreamChannel[0], Start grabbing success, There is no registration callback.
Info    2026-06-06 16:23:51:691  DevID:MV-CS050-60GC(DA6358574)  Source-Line:libMvCameraControl.so(GenICamImpl.cpp-L2525)  ProcessName:python3.12(20526)     Description:[RecordThreadProc][Record] Get Gain value [10.016100] 
Info    2026-06-06 16:23:51:692  DevID:MV-CS050-60GC(DA6358574)  Source-Line:libMvCameraControl.so(GenICamImpl.cpp-L2546)  ProcessName:python3.12(20526)     Description:[RecordThreadProc][Record] Get PixelFormat value [17301512] :
Info    2026-06-06 16:23:51:697  DevID:MV-CS050-60GC(DA6358574)  Source-Line:libMvCameraControl.so(GenICamImpl.cpp-L2609)  ProcessName:python3.12(20526)     Description:[RecordThreadProc][Record] Get UserSetCurrent value [0]
Info    2026-06-06 16:23:51:699  DevID:MV-CS050-60GC(DA6358574)  Source-Line:libMvCameraControl.so(GenICamImpl.cpp-L2630)  ProcessName:python3.12(20526)     Description:[RecordThreadProc][Record] Get UserSetSelector value [0] 
Info    2026-06-06 16:23:51:700  DevID:MV-CS050-60GC(DA6358574)  Source-Line:libMvCameraControl.so(GenICamImpl.cpp-L2651)  ProcessName:python3.12(20526)     Description:[RecordThreadProc][Record] Get UserSetDefault value[0]
Info    2026-06-06 16:23:51:700  DevID:  Source-Line:libMvCameraControl.so(GenICamImpl.cpp-L2347)  ProcessName:python3.12(20526)     Description:[RecordThread]RecordThread End, ThreadId[791654864]
Info    2026-06-06 16:27:24:799  DevID:MV-CS050-60GC(DA6358574)  Source-Line:libMvCameraControl.so(StreamGrab.cpp-L0934)  ProcessName:python3.12(20526)     Description:[StopGrabbing]Stop grabbing success! DeviceUptime[2712]
Info    2026-06-06 16:27:24:800  DevID:MV-CS050-60GC(DA6358574)  Source-Line:libMvCameraControl.so(GigEDevice.cpp-L0648)  ProcessName:python3.12(20526)     Description:[CloseGigEDevice] Close device begin!
Error   2026-06-06 16:27:24:800  DevID:MV-CS050-60GC(DA6358574)  Source-Line:libMvCameraControl.so(StreamGrab.cpp-L0882)  ProcessName:python3.12(20526)     Description:[StopGrabbing]StreamChannel[0], bGrabbing[0], pDevStream[0xaaaae9c352f0]
Info    2026-06-06 16:27:24:800  DevID:MV-CS050-60GC(DA6358574)  Source-Line:libMvCameraControl.so(StreamGrab.cpp-L0270)  ProcessName:python3.12(20526)     Description:[Close]Stream channel[0] closed
Info    2026-06-06 16:27:24:801  DevID:MV-CS050-60GC(DA6358574)  Source-Line:libMvCameraControl.so(GigEDevice.cpp-L0665)  ProcessName:python3.12(20526)     Description:[CloseGigEDevice]DeviceUptime[2712]
Info    2026-06-06 16:27:24:907  DevID:MV-CS050-60GC(DA6358574)  Source-Line:libMvCameraControl.so(GigEDevice.cpp-L0687)  ProcessName:python3.12(20526)     Description:[CloseGigEDevice]Close device success!
Info    2026-06-06 16:27:24:907  DevID:MV-CS050-60GC(DA6358574)  Source-Line:libMvCameraControl.so(GigEDeviceEvent.cpp-L0046)  ProcessName:python3.12(20526)     Description:[Deinit]GigEDeviceEvent Deinit  RecvAllEvent  [0],
Info    2026-06-06 16:27:24:915  DevID:  Source-Line:libMvCameraControl.so(GigELoadLibrary.cpp-L1732)  ProcessName:python3.12(20526)     Description:[UnloadGigEAllFunctions]UnLoad MVGigEVisionSDK success
Info    2026-06-06 16:27:24:916  DevID:  Source-Line:libMvCameraControl.so(U3VLoadLibrary.cpp-L0931)  ProcessName:python3.12(20526)     Description:[UnloadU3VAllFunctions]UnLoad MvUsb3vTLDLL success
Error   2026-06-06 16:30:54:800  DevID:  Source-Line:libMvCameraControl.so(GenTLLoadLibraryEx.cpp-L0222)  ProcessName:python3.12(22597)     Description:[LoadCtiLibInter]Load CTI failed! CTI path[/opt/MVS/lib/aarch64/libMvProducerVIR.so], nRet[0x8000000c]
Error   2026-06-06 16:30:54:801  DevID:  Source-Line:libMvCameraControl.so(GenTLLoadLibraryEx.cpp-L0222)  ProcessName:python3.12(22597)     Description:[LoadCtiLibInter]Load CTI failed! CTI path[/opt/MVS/lib/aarch64/libMvProducerVIR.so], nRet[0x8000000c]
Error   2026-06-06 16:30:54:801  DevID:  Source-Line:libMvCameraControl.so(GenTLLoadLibraryEx.cpp-L0222)  ProcessName:python3.12(22597)     Description:[LoadCtiLibInter]Load CTI failed! CTI path[/opt/MVS/lib/aarch64/MvFGProducerGEV.cti], nRet[0x8000000c]
Error   2026-06-06 16:30:54:801  DevID:  Source-Line:libMvCameraControl.so(FGDeviceEnumerator.cpp-L0103)  ProcessName:python3.12(22597)     Description:[EnumInterfaceInter]EnumInterfaces failed! Ret[0x8000000c], TLayerType[0x1], CTI[/opt/MVS/lib/aarch64/MvFGProducerGEV.cti]
Info    2026-06-06 16:30:54:801  DevID:  Source-Line:libMvCameraControl.so(GigELoadLibrary.cpp-L1607)  ProcessName:python3.12(22597)     Description:[LoadGigEAllFunctions]Load MVGigEVisionSDK success
Error   2026-06-06 16:30:54:801  DevID:  Source-Line:libMvCameraControl.so(GenTLLoadLibraryEx.cpp-L0222)  ProcessName:python3.12(22597)     Description:[LoadCtiLibInter]Load CTI failed! CTI path[/opt/MVS/lib/aarch64/MvFGProducerCXP.cti], nRet[0x8000000c]
Error   2026-06-06 16:30:54:801  DevID:  Source-Line:libMvCameraControl.so(FGDeviceEnumerator.cpp-L0103)  ProcessName:python3.12(22597)     Description:[EnumInterfaceInter]EnumInterfaces failed! Ret[0x8000000c], TLayerType[0x8], CTI[/opt/MVS/lib/aarch64/MvFGProducerCXP.cti]
Error   2026-06-06 16:30:54:801  DevID:  Source-Line:libMvCameraControl.so(GenTLLoadLibraryEx.cpp-L0222)  ProcessName:python3.12(22597)     Description:[LoadCtiLibInter]Load CTI failed! CTI path[/opt/MVS/lib/aarch64/MvFGProducerCML.cti], nRet[0x8000000c]
Error   2026-06-06 16:30:54:801  DevID:  Source-Line:libMvCameraControl.so(FGDeviceEnumerator.cpp-L0103)  ProcessName:python3.12(22597)     Description:[EnumInterfaceInter]EnumInterfaces failed! Ret[0x8000000c], TLayerType[0x4], CTI[/opt/MVS/lib/aarch64/MvFGProducerCML.cti]
Error   2026-06-06 16:30:54:801  DevID:  Source-Line:libMvCameraControl.so(GenTLLoadLibraryEx.cpp-L0222)  ProcessName:python3.12(22597)     Description:[LoadCtiLibInter]Load CTI failed! CTI path[/opt/MVS/lib/aarch64/MvFGProducerXoF.cti], nRet[0x8000000c]
Error   2026-06-06 16:30:54:801  DevID:  Source-Line:libMvCameraControl.so(FGDeviceEnumerator.cpp-L0103)  ProcessName:python3.12(22597)     Description:[EnumInterfaceInter]EnumInterfaces failed! Ret[0x8000000c], TLayerType[0x10], CTI[/opt/MVS/lib/aarch64/MvFGProducerXoF.cti]
Info    2026-06-06 16:30:55:856  DevID:MV-CS050-60GC(DA6358574)  Source-Line:libMvCameraControl.so(GigEDevice.cpp-L0263)  ProcessName:python3.12(22597)     Description:[Init]GEV INFO DeviceIP[192.168.195.100], NetIP[192.168.195.254], ManufacturerInfo[Hikrobot], DeviceVersion[V4.0.30 241011 1385495], UserID[]
Info    2026-06-06 16:30:55:856  DevID:MV-CS050-60GC(DA6358574)  Source-Line:libMvCameraControl.so(MediaProcess.cpp-L0884)  ProcessName:python3.12(22597)     Description:[SetBayerCvtQuality]Set Bayer CvtQuality success! BayerCvtQuality[1]
Info    2026-06-06 16:30:55:856  DevID:MV-CS050-60GC(DA6358574)  Source-Line:libMvCameraControl.so(MediaProcess.cpp-L1732)  ProcessName:python3.12(22597)     Description:[SetBayerThreadNum]Set Bayer Thread Num success! BayerThreadNum[4]
Info    2026-06-06 16:30:55:856  DevID:MV-CS050-60GC(DA6358574)  Source-Line:libMvCameraControl.so(MediaProcess.cpp-L0884)  ProcessName:python3.12(22597)     Description:[SetBayerCvtQuality]Set Bayer CvtQuality success! BayerCvtQuality[1]
Info    2026-06-06 16:30:55:856  DevID:MV-CS050-60GC(DA6358574)  Source-Line:libMvCameraControl.so(MediaProcess.cpp-L1732)  ProcessName:python3.12(22597)     Description:[SetBayerThreadNum]Set Bayer Thread Num success! BayerThreadNum[4]
Info    2026-06-06 16:30:55:857  DevID:MV-CS050-60GC(DA6358574)  Source-Line:libMvCameraControl.so(GigEDevice.cpp-L0299)  ProcessName:python3.12(22597)     Description:[IsValidVersion]MvCameraControl Version[0x4070003], GigE SDKVersion[0x4070003], DriverVersion[0x4070001]
Info    2026-06-06 16:30:55:890  DevID:  Source-Line:libMvCameraControl.so(CacheXmlToFile.cpp-L0516)  ProcessName:python3.12(22597)     Description:[ReadCacheFile]ReadLocalFile XMLPath[SchemaVersion.1.0@Hikrobot#GEV#MV-CS050-60GC#V4.0.30 241011 1385495@XMLVersion.1.0.0.zip]
Info    2026-06-06 16:30:55:890  DevID:MV-CS050-60GC(DA6358574)  Source-Line:libMvCameraControl.so(GigEDevice.cpp-L0464)  ProcessName:python3.12(22597)     Description:[GetXmlInfo]Get GenICamXML From local File, len [0x19132] Type[1]
Info    2026-06-06 16:30:56:046  DevID:MV-CS050-60GC(DA6358574)  Source-Line:libMvCameraControl.so(GigEDevice.cpp-L0805)  ProcessName:python3.12(22597)     Description:[OpenDevice]Load XML success
Info    2026-06-06 16:30:56:048  DevID:MV-CS050-60GC(DA6358574)  Source-Line:libMvCameraControl.so(GenICamImpl.cpp-L0752)  ProcessName:python3.12(22597)     Description:[InvalidateNodes]Invalidate Nodes success
Info    2026-06-06 16:30:56:048  DevID:MV-CS050-60GC(DA6358574)  Source-Line:libMvCameraControl.so(GigEDevice.cpp-L0818)  ProcessName:python3.12(22597)     Description:[OpenDevice]Invalidate Nodes success
Info    2026-06-06 16:30:56:051  DevID:MV-CS050-60GC(DA6358574)  Source-Line:libMvCameraControl.so(StreamGrab.cpp-L0234)  ProcessName:python3.12(22597)     Description:[Open]Stream channel[0] opened
Info    2026-06-06 16:30:56:054  DevID:MV-CS050-60GC(DA6358574)  Source-Line:libMvCameraControl.so(GigEDevice.cpp-L0849)  ProcessName:python3.12(22597)     Description:[OpenDevice]Open device success! PrivilegeMode[1], SwitchoverKey[0], DeviceUptime[2923],DeviceFirmwareVersion[V4.0.30 2410111385495 24091104]
Info    2026-06-06 16:30:56:054  DevID:MV-CS050-60GC(DA6358574)  Source-Line:libMvCameraControl.so(GigEDevice.cpp-L0865)  ProcessName:python3.12(22597)     Description:[OpenDevice]OpenDevice, cost time 197.000000ms 
Info    2026-06-06 16:30:56:054  DevID:  Source-Line:libMvCameraControl.so(GenICamImpl.cpp-L2342)  ProcessName:python3.12(22597)     Description:[RecordThread]RecordThread Start, ThreadId[686428624]
Info    2026-06-06 16:30:56:061  DevID:MV-CS050-60GC(DA6358574)  Source-Line:libMvCameraControl.so(GenICamImpl.cpp-L2373)  ProcessName:python3.12(22597)     Description:[RecordThreadProc][Record] Get BlackLevel value [64]
Info    2026-06-06 16:30:57:500  DevID:MV-CS050-60GC(DA6358574)  Source-Line:libMvCameraControl.so(GenICamImpl.cpp-L2395)  ProcessName:python3.12(22597)     Description:[RecordThreadProc][Record] Get BalanceWhiteAuto Value [1] (0:off 1:contineu; 2:once):
Info    2026-06-06 16:30:57:514  DevID:MV-CS050-60GC(DA6358574)  Source-Line:libMvCameraControl.so(GenICamImpl.cpp-L2461)  ProcessName:python3.12(22597)     Description:[RecordThreadProc][Record] Get ExposureAuto value [0]
Info    2026-06-06 16:30:57:519  DevID:MV-CS050-60GC(DA6358574)  Source-Line:libMvCameraControl.so(GenICamImpl.cpp-L2483)  ProcessName:python3.12(22597)     Description:[RecordThreadProc][Record] Get ExposureTime value [50000.000000] 
Info    2026-06-06 16:30:57:521  DevID:MV-CS050-60GC(DA6358574)  Source-Line:libMvCameraControl.so(GenICamImpl.cpp-L2504)  ProcessName:python3.12(22597)     Description:[RecordThreadProc][Record] Get GainAuto value [0] (0:off 1:contineu; 2:once):
Error   2026-06-06 16:30:57:564  DevID:MV-CS050-60GC(DA6358574)  Source-Line:libMvCameraControl.so(GenICamImpl.cpp-L1111)  ProcessName:python3.12(22597)     Description:[XML_GetNodeAccessMode]PropertyName[SeqExpEnable], Ret[0x80000100]
Error   2026-06-06 16:30:57:564  DevID:MV-CS050-60GC(DA6358574)  Source-Line:libMvCameraControl.so(XmlParse.cpp-L3037)  ProcessName:python3.12(22597)     Description:[GetBooleanValue]Get Node Value, Node does not exist, NodeName[SeqExpEnable]
Error   2026-06-06 16:30:57:564  DevID:MV-CS050-60GC(DA6358574)  Source-Line:libMvCameraControl.so(GenICamImpl.cpp-L0551)  ProcessName:python3.12(22597)     Description:[GetBoolValue]Property[SeqExpEnable], Ret[0x80000100]
Error   2026-06-06 16:30:57:564  DevID:MV-CS050-60GC(DA6358574)  Source-Line:libMvCameraControl.so(GenICamImpl.cpp-L1111)  ProcessName:python3.12(22597)     Description:[XML_GetNodeAccessMode]PropertyName[MultiLightControl], Ret[0x80000100]
Error   2026-06-06 16:30:57:565  DevID:MV-CS050-60GC(DA6358574)  Source-Line:libMvCameraControl.so(XmlParse.cpp-L2386)  ProcessName:python3.12(22597)     Description:[GetEnumValue]Get Node Value, Node does not exist, NodeName[MultiLightControl]
Error   2026-06-06 16:30:57:565  DevID:MV-CS050-60GC(DA6358574)  Source-Line:libMvCameraControl.so(GenICamImpl.cpp-L0364)  ProcessName:python3.12(22597)     Description:[GetEnumValue]Property[MultiLightControl], Ret[0x80000100]
Info    2026-06-06 16:30:57:565  DevID:MV-CS050-60GC(DA6358574)  Source-Line:libMvCameraControl.so(GigEStream.cpp-L0067)  ProcessName:python3.12(22597)     Description:[StartAcquisition][GEV]Width[2448], Height[2048], PixelFormat[0x1080008], PayloadSize[5013504], ChunkCount[100], CompressMode[0], DeviceUptime[2924]
Info    2026-06-06 16:30:57:576  DevID:MV-CS050-60GC(DA6358574)  Source-Line:libMvCameraControl.so(GenICamImpl.cpp-L2525)  ProcessName:python3.12(22597)     Description:[RecordThreadProc][Record] Get Gain value [10.016100] 
Info    2026-06-06 16:30:57:579  DevID:MV-CS050-60GC(DA6358574)  Source-Line:libMvCameraControl.so(StreamGrab.cpp-L0869)  ProcessName:python3.12(22597)     Description:[StartGrabbing]StreamChannel[0], Start grabbing success, There is no registration callback.
Info    2026-06-06 16:30:57:580  DevID:MV-CS050-60GC(DA6358574)  Source-Line:libMvCameraControl.so(GenICamImpl.cpp-L2546)  ProcessName:python3.12(22597)     Description:[RecordThreadProc][Record] Get PixelFormat value [17301512] :
Info    2026-06-06 16:30:57:585  DevID:MV-CS050-60GC(DA6358574)  Source-Line:libMvCameraControl.so(GenICamImpl.cpp-L2609)  ProcessName:python3.12(22597)     Description:[RecordThreadProc][Record] Get UserSetCurrent value [0]
Info    2026-06-06 16:30:57:587  DevID:MV-CS050-60GC(DA6358574)  Source-Line:libMvCameraControl.so(GenICamImpl.cpp-L2630)  ProcessName:python3.12(22597)     Description:[RecordThreadProc][Record] Get UserSetSelector value [0] 
Info    2026-06-06 16:30:57:587  DevID:MV-CS050-60GC(DA6358574)  Source-Line:libMvCameraControl.so(GenICamImpl.cpp-L2651)  ProcessName:python3.12(22597)     Description:[RecordThreadProc][Record] Get UserSetDefault value[0]
Info    2026-06-06 16:30:57:587  DevID:  Source-Line:libMvCameraControl.so(GenICamImpl.cpp-L2347)  ProcessName:python3.12(22597)     Description:[RecordThread]RecordThread End, ThreadId[686428624]
Info    2026-06-06 16:32:15:772  DevID:MV-CS050-60GC(DA6358574)  Source-Line:libMvCameraControl.so(StreamGrab.cpp-L0934)  ProcessName:python3.12(22597)     Description:[StopGrabbing]Stop grabbing success! DeviceUptime[3003]
Info    2026-06-06 16:32:15:772  DevID:MV-CS050-60GC(DA6358574)  Source-Line:libMvCameraControl.so(GigEDevice.cpp-L0648)  ProcessName:python3.12(22597)     Description:[CloseGigEDevice] Close device begin!
Error   2026-06-06 16:32:15:772  DevID:MV-CS050-60GC(DA6358574)  Source-Line:libMvCameraControl.so(StreamGrab.cpp-L0882)  ProcessName:python3.12(22597)     Description:[StopGrabbing]StreamChannel[0], bGrabbing[0], pDevStream[0xaaab054e32f0]
Info    2026-06-06 16:32:15:772  DevID:MV-CS050-60GC(DA6358574)  Source-Line:libMvCameraControl.so(StreamGrab.cpp-L0270)  ProcessName:python3.12(22597)     Description:[Close]Stream channel[0] closed
Info    2026-06-06 16:32:15:773  DevID:MV-CS050-60GC(DA6358574)  Source-Line:libMvCameraControl.so(GigEDevice.cpp-L0665)  ProcessName:python3.12(22597)     Description:[CloseGigEDevice]DeviceUptime[3003]
Info    2026-06-06 16:32:15:881  DevID:MV-CS050-60GC(DA6358574)  Source-Line:libMvCameraControl.so(GigEDevice.cpp-L0687)  ProcessName:python3.12(22597)     Description:[CloseGigEDevice]Close device success!
Info    2026-06-06 16:32:15:881  DevID:MV-CS050-60GC(DA6358574)  Source-Line:libMvCameraControl.so(GigEDeviceEvent.cpp-L0046)  ProcessName:python3.12(22597)     Description:[Deinit]GigEDeviceEvent Deinit  RecvAllEvent  [0],
Info    2026-06-06 16:32:15:895  DevID:  Source-Line:libMvCameraControl.so(GigELoadLibrary.cpp-L1732)  ProcessName:python3.12(22597)     Description:[UnloadGigEAllFunctions]UnLoad MVGigEVisionSDK success
Info    2026-06-06 16:32:15:896  DevID:  Source-Line:libMvCameraControl.so(U3VLoadLibrary.cpp-L0931)  ProcessName:python3.12(22597)     Description:[UnloadU3VAllFunctions]UnLoad MvUsb3vTLDLL success
Error   2026-06-06 16:44:33:957  DevID:  Source-Line:libMvCameraControl.so(GenTLLoadLibraryEx.cpp-L0222)  ProcessName:python3.12(29101)     Description:[LoadCtiLibInter]Load CTI failed! CTI path[/opt/MVS/lib/aarch64/libMvProducerVIR.so], nRet[0x8000000c]
Error   2026-06-06 16:44:33:958  DevID:  Source-Line:libMvCameraControl.so(GenTLLoadLibraryEx.cpp-L0222)  ProcessName:python3.12(29101)     Description:[LoadCtiLibInter]Load CTI failed! CTI path[/opt/MVS/lib/aarch64/MvFGProducerGEV.cti], nRet[0x8000000c]
Error   2026-06-06 16:44:33:958  DevID:  Source-Line:libMvCameraControl.so(FGDeviceEnumerator.cpp-L0103)  ProcessName:python3.12(29101)     Description:[EnumInterfaceInter]EnumInterfaces failed! Ret[0x8000000c], TLayerType[0x1], CTI[/opt/MVS/lib/aarch64/MvFGProducerGEV.cti]
Error   2026-06-06 16:44:33:958  DevID:  Source-Line:libMvCameraControl.so(GenTLLoadLibraryEx.cpp-L0222)  ProcessName:python3.12(29101)     Description:[LoadCtiLibInter]Load CTI failed! CTI path[/opt/MVS/lib/aarch64/libMvProducerVIR.so], nRet[0x8000000c]
Info    2026-06-06 16:44:33:958  DevID:  Source-Line:libMvCameraControl.so(GigELoadLibrary.cpp-L1607)  ProcessName:python3.12(29101)     Description:[LoadGigEAllFunctions]Load MVGigEVisionSDK success
Error   2026-06-06 16:44:33:959  DevID:  Source-Line:libMvCameraControl.so(GenTLLoadLibraryEx.cpp-L0222)  ProcessName:python3.12(29101)     Description:[LoadCtiLibInter]Load CTI failed! CTI path[/opt/MVS/lib/aarch64/MvFGProducerCXP.cti], nRet[0x8000000c]
Error   2026-06-06 16:44:33:959  DevID:  Source-Line:libMvCameraControl.so(FGDeviceEnumerator.cpp-L0103)  ProcessName:python3.12(29101)     Description:[EnumInterfaceInter]EnumInterfaces failed! Ret[0x8000000c], TLayerType[0x8], CTI[/opt/MVS/lib/aarch64/MvFGProducerCXP.cti]
Error   2026-06-06 16:44:33:959  DevID:  Source-Line:libMvCameraControl.so(GenTLLoadLibraryEx.cpp-L0222)  ProcessName:python3.12(29101)     Description:[LoadCtiLibInter]Load CTI failed! CTI path[/opt/MVS/lib/aarch64/MvFGProducerCML.cti], nRet[0x8000000c]
Error   2026-06-06 16:44:33:959  DevID:  Source-Line:libMvCameraControl.so(FGDeviceEnumerator.cpp-L0103)  ProcessName:python3.12(29101)     Description:[EnumInterfaceInter]EnumInterfaces failed! Ret[0x8000000c], TLayerType[0x4], CTI[/opt/MVS/lib/aarch64/MvFGProducerCML.cti]
Error   2026-06-06 16:44:33:959  DevID:  Source-Line:libMvCameraControl.so(GenTLLoadLibraryEx.cpp-L0222)  ProcessName:python3.12(29101)     Description:[LoadCtiLibInter]Load CTI failed! CTI path[/opt/MVS/lib/aarch64/MvFGProducerXoF.cti], nRet[0x8000000c]
Error   2026-06-06 16:44:33:959  DevID:  Source-Line:libMvCameraControl.so(FGDeviceEnumerator.cpp-L0103)  ProcessName:python3.12(29101)     Description:[EnumInterfaceInter]EnumInterfaces failed! Ret[0x8000000c], TLayerType[0x10], CTI[/opt/MVS/lib/aarch64/MvFGProducerXoF.cti]
Info    2026-06-06 16:44:34:963  DevID:MV-CS050-60GC(DA6358574)  Source-Line:libMvCameraControl.so(GigEDevice.cpp-L0263)  ProcessName:python3.12(29101)     Description:[Init]GEV INFO DeviceIP[192.168.195.100], NetIP[192.168.195.254], ManufacturerInfo[Hikrobot], DeviceVersion[V4.0.30 241011 1385495], UserID[]
Info    2026-06-06 16:44:34:963  DevID:MV-CS050-60GC(DA6358574)  Source-Line:libMvCameraControl.so(MediaProcess.cpp-L0884)  ProcessName:python3.12(29101)     Description:[SetBayerCvtQuality]Set Bayer CvtQuality success! BayerCvtQuality[1]
Info    2026-06-06 16:44:34:963  DevID:MV-CS050-60GC(DA6358574)  Source-Line:libMvCameraControl.so(MediaProcess.cpp-L1732)  ProcessName:python3.12(29101)     Description:[SetBayerThreadNum]Set Bayer Thread Num success! BayerThreadNum[4]
Info    2026-06-06 16:44:34:963  DevID:MV-CS050-60GC(DA6358574)  Source-Line:libMvCameraControl.so(MediaProcess.cpp-L0884)  ProcessName:python3.12(29101)     Description:[SetBayerCvtQuality]Set Bayer CvtQuality success! BayerCvtQuality[1]
Info    2026-06-06 16:44:34:963  DevID:MV-CS050-60GC(DA6358574)  Source-Line:libMvCameraControl.so(MediaProcess.cpp-L1732)  ProcessName:python3.12(29101)     Description:[SetBayerThreadNum]Set Bayer Thread Num success! BayerThreadNum[4]
Info    2026-06-06 16:44:34:963  DevID:MV-CS050-60GC(DA6358574)  Source-Line:libMvCameraControl.so(GigEDevice.cpp-L0299)  ProcessName:python3.12(29101)     Description:[IsValidVersion]MvCameraControl Version[0x4070003], GigE SDKVersion[0x4070003], DriverVersion[0x4070001]
Info    2026-06-06 16:44:34:995  DevID:  Source-Line:libMvCameraControl.so(CacheXmlToFile.cpp-L0516)  ProcessName:python3.12(29101)     Description:[ReadCacheFile]ReadLocalFile XMLPath[SchemaVersion.1.0@Hikrobot#GEV#MV-CS050-60GC#V4.0.30 241011 1385495@XMLVersion.1.0.0.zip]
Info    2026-06-06 16:44:34:995  DevID:MV-CS050-60GC(DA6358574)  Source-Line:libMvCameraControl.so(GigEDevice.cpp-L0464)  ProcessName:python3.12(29101)     Description:[GetXmlInfo]Get GenICamXML From local File, len [0x19132] Type[1]
Info    2026-06-06 16:44:35:156  DevID:MV-CS050-60GC(DA6358574)  Source-Line:libMvCameraControl.so(GigEDevice.cpp-L0805)  ProcessName:python3.12(29101)     Description:[OpenDevice]Load XML success
Info    2026-06-06 16:44:35:158  DevID:MV-CS050-60GC(DA6358574)  Source-Line:libMvCameraControl.so(GenICamImpl.cpp-L0752)  ProcessName:python3.12(29101)     Description:[InvalidateNodes]Invalidate Nodes success
Info    2026-06-06 16:44:35:158  DevID:MV-CS050-60GC(DA6358574)  Source-Line:libMvCameraControl.so(GigEDevice.cpp-L0818)  ProcessName:python3.12(29101)     Description:[OpenDevice]Invalidate Nodes success
Info    2026-06-06 16:44:35:161  DevID:MV-CS050-60GC(DA6358574)  Source-Line:libMvCameraControl.so(StreamGrab.cpp-L0234)  ProcessName:python3.12(29101)     Description:[Open]Stream channel[0] opened
Info    2026-06-06 16:44:35:163  DevID:MV-CS050-60GC(DA6358574)  Source-Line:libMvCameraControl.so(GigEDevice.cpp-L0849)  ProcessName:python3.12(29101)     Description:[OpenDevice]Open device success! PrivilegeMode[1], SwitchoverKey[0], DeviceUptime[3742],DeviceFirmwareVersion[V4.0.30 2410111385495 24091104]
Info    2026-06-06 16:44:35:163  DevID:MV-CS050-60GC(DA6358574)  Source-Line:libMvCameraControl.so(GigEDevice.cpp-L0865)  ProcessName:python3.12(29101)     Description:[OpenDevice]OpenDevice, cost time 200.000000ms 
Info    2026-06-06 16:44:35:163  DevID:  Source-Line:libMvCameraControl.so(GenICamImpl.cpp-L2342)  ProcessName:python3.12(29101)     Description:[RecordThread]RecordThread Start, ThreadId[953082320]
Info    2026-06-06 16:44:35:170  DevID:MV-CS050-60GC(DA6358574)  Source-Line:libMvCameraControl.so(GenICamImpl.cpp-L2373)  ProcessName:python3.12(29101)     Description:[RecordThreadProc][Record] Get BlackLevel value [64]
Info    2026-06-06 16:44:36:607  DevID:MV-CS050-60GC(DA6358574)  Source-Line:libMvCameraControl.so(GenICamImpl.cpp-L2395)  ProcessName:python3.12(29101)     Description:[RecordThreadProc][Record] Get BalanceWhiteAuto Value [1] (0:off 1:contineu; 2:once):
Info    2026-06-06 16:44:36:615  DevID:MV-CS050-60GC(DA6358574)  Source-Line:libMvCameraControl.so(GenICamImpl.cpp-L2461)  ProcessName:python3.12(29101)     Description:[RecordThreadProc][Record] Get ExposureAuto value [0]
Info    2026-06-06 16:44:36:627  DevID:MV-CS050-60GC(DA6358574)  Source-Line:libMvCameraControl.so(GenICamImpl.cpp-L2483)  ProcessName:python3.12(29101)     Description:[RecordThreadProc][Record] Get ExposureTime value [50000.000000] 
Error   2026-06-06 16:44:36:661  DevID:MV-CS050-60GC(DA6358574)  Source-Line:libMvCameraControl.so(GenICamImpl.cpp-L1111)  ProcessName:python3.12(29101)     Description:[XML_GetNodeAccessMode]PropertyName[SeqExpEnable], Ret[0x80000100]
Error   2026-06-06 16:44:36:661  DevID:MV-CS050-60GC(DA6358574)  Source-Line:libMvCameraControl.so(XmlParse.cpp-L3037)  ProcessName:python3.12(29101)     Description:[GetBooleanValue]Get Node Value, Node does not exist, NodeName[SeqExpEnable]
Error   2026-06-06 16:44:36:661  DevID:MV-CS050-60GC(DA6358574)  Source-Line:libMvCameraControl.so(GenICamImpl.cpp-L0551)  ProcessName:python3.12(29101)     Description:[GetBoolValue]Property[SeqExpEnable], Ret[0x80000100]
Error   2026-06-06 16:44:36:661  DevID:MV-CS050-60GC(DA6358574)  Source-Line:libMvCameraControl.so(GenICamImpl.cpp-L1111)  ProcessName:python3.12(29101)     Description:[XML_GetNodeAccessMode]PropertyName[MultiLightControl], Ret[0x80000100]
Error   2026-06-06 16:44:36:661  DevID:MV-CS050-60GC(DA6358574)  Source-Line:libMvCameraControl.so(XmlParse.cpp-L2386)  ProcessName:python3.12(29101)     Description:[GetEnumValue]Get Node Value, Node does not exist, NodeName[MultiLightControl]
Error   2026-06-06 16:44:36:661  DevID:MV-CS050-60GC(DA6358574)  Source-Line:libMvCameraControl.so(GenICamImpl.cpp-L0364)  ProcessName:python3.12(29101)     Description:[GetEnumValue]Property[MultiLightControl], Ret[0x80000100]
Info    2026-06-06 16:44:36:661  DevID:MV-CS050-60GC(DA6358574)  Source-Line:libMvCameraControl.so(GigEStream.cpp-L0067)  ProcessName:python3.12(29101)     Description:[StartAcquisition][GEV]Width[2448], Height[2048], PixelFormat[0x1080008], PayloadSize[5013504], ChunkCount[100], CompressMode[0], DeviceUptime[3743]
Info    2026-06-06 16:44:36:670  DevID:MV-CS050-60GC(DA6358574)  Source-Line:libMvCameraControl.so(GenICamImpl.cpp-L2504)  ProcessName:python3.12(29101)     Description:[RecordThreadProc][Record] Get GainAuto value [0] (0:off 1:contineu; 2:once):
Info    2026-06-06 16:44:36:672  DevID:MV-CS050-60GC(DA6358574)  Source-Line:libMvCameraControl.so(StreamGrab.cpp-L0869)  ProcessName:python3.12(29101)     Description:[StartGrabbing]StreamChannel[0], Start grabbing success, There is no registration callback.
Info    2026-06-06 16:44:36:677  DevID:MV-CS050-60GC(DA6358574)  Source-Line:libMvCameraControl.so(GenICamImpl.cpp-L2525)  ProcessName:python3.12(29101)     Description:[RecordThreadProc][Record] Get Gain value [10.016100] 
Info    2026-06-06 16:44:36:678  DevID:MV-CS050-60GC(DA6358574)  Source-Line:libMvCameraControl.so(GenICamImpl.cpp-L2546)  ProcessName:python3.12(29101)     Description:[RecordThreadProc][Record] Get PixelFormat value [17301512] :
Info    2026-06-06 16:44:36:683  DevID:MV-CS050-60GC(DA6358574)  Source-Line:libMvCameraControl.so(GenICamImpl.cpp-L2609)  ProcessName:python3.12(29101)     Description:[RecordThreadProc][Record] Get UserSetCurrent value [0]
Info    2026-06-06 16:44:36:685  DevID:MV-CS050-60GC(DA6358574)  Source-Line:libMvCameraControl.so(GenICamImpl.cpp-L2630)  ProcessName:python3.12(29101)     Description:[RecordThreadProc][Record] Get UserSetSelector value [0] 
Info    2026-06-06 16:44:36:685  DevID:MV-CS050-60GC(DA6358574)  Source-Line:libMvCameraControl.so(GenICamImpl.cpp-L2651)  ProcessName:python3.12(29101)     Description:[RecordThreadProc][Record] Get UserSetDefault value[0]
Info    2026-06-06 16:44:36:685  DevID:  Source-Line:libMvCameraControl.so(GenICamImpl.cpp-L2347)  ProcessName:python3.12(29101)     Description:[RecordThread]RecordThread End, ThreadId[953082320]
Info    2026-06-06 16:46:43:391  DevID:MV-CS050-60GC(DA6358574)  Source-Line:libMvCameraControl.so(StreamGrab.cpp-L0934)  ProcessName:python3.12(29101)     Description:[StopGrabbing]Stop grabbing success! DeviceUptime[3870]
Info    2026-06-06 16:46:43:391  DevID:MV-CS050-60GC(DA6358574)  Source-Line:libMvCameraControl.so(GigEDevice.cpp-L0648)  ProcessName:python3.12(29101)     Description:[CloseGigEDevice] Close device begin!
Error   2026-06-06 16:46:43:391  DevID:MV-CS050-60GC(DA6358574)  Source-Line:libMvCameraControl.so(StreamGrab.cpp-L0882)  ProcessName:python3.12(29101)     Description:[StopGrabbing]StreamChannel[0], bGrabbing[0], pDevStream[0xaaaacd7be2f0]
Info    2026-06-06 16:46:43:391  DevID:MV-CS050-60GC(DA6358574)  Source-Line:libMvCameraControl.so(StreamGrab.cpp-L0270)  ProcessName:python3.12(29101)     Description:[Close]Stream channel[0] closed
Info    2026-06-06 16:46:43:393  DevID:MV-CS050-60GC(DA6358574)  Source-Line:libMvCameraControl.so(GigEDevice.cpp-L0665)  ProcessName:python3.12(29101)     Description:[CloseGigEDevice]DeviceUptime[3870]
Info    2026-06-06 16:46:43:500  DevID:MV-CS050-60GC(DA6358574)  Source-Line:libMvCameraControl.so(GigEDevice.cpp-L0687)  ProcessName:python3.12(29101)     Description:[CloseGigEDevice]Close device success!
Info    2026-06-06 16:46:43:500  DevID:MV-CS050-60GC(DA6358574)  Source-Line:libMvCameraControl.so(GigEDeviceEvent.cpp-L0046)  ProcessName:python3.12(29101)     Description:[Deinit]GigEDeviceEvent Deinit  RecvAllEvent  [0],
Info    2026-06-06 16:46:43:510  DevID:  Source-Line:libMvCameraControl.so(GigELoadLibrary.cpp-L1732)  ProcessName:python3.12(29101)     Description:[UnloadGigEAllFunctions]UnLoad MVGigEVisionSDK success
Info    2026-06-06 16:46:43:510  DevID:  Source-Line:libMvCameraControl.so(U3VLoadLibrary.cpp-L0931)  ProcessName:python3.12(29101)     Description:[UnloadU3VAllFunctions]UnLoad MvUsb3vTLDLL success
Error   2026-06-06 16:48:20:271  DevID:  Source-Line:libMvCameraControl.so(GenTLLoadLibraryEx.cpp-L0222)  ProcessName:python3.12(30164)     Description:[LoadCtiLibInter]Load CTI failed! CTI path[/opt/MVS/lib/aarch64/libMvProducerVIR.so], nRet[0x8000000c]
Error   2026-06-06 16:48:20:271  DevID:  Source-Line:libMvCameraControl.so(GenTLLoadLibraryEx.cpp-L0222)  ProcessName:python3.12(30164)     Description:[LoadCtiLibInter]Load CTI failed! CTI path[/opt/MVS/lib/aarch64/libMvProducerVIR.so], nRet[0x8000000c]
Error   2026-06-06 16:48:20:271  DevID:  Source-Line:libMvCameraControl.so(GenTLLoadLibraryEx.cpp-L0222)  ProcessName:python3.12(30164)     Description:[LoadCtiLibInter]Load CTI failed! CTI path[/opt/MVS/lib/aarch64/MvFGProducerGEV.cti], nRet[0x8000000c]
Info    2026-06-06 16:48:20:271  DevID:  Source-Line:libMvCameraControl.so(GigELoadLibrary.cpp-L1607)  ProcessName:python3.12(30164)     Description:[LoadGigEAllFunctions]Load MVGigEVisionSDK success
Error   2026-06-06 16:48:20:271  DevID:  Source-Line:libMvCameraControl.so(FGDeviceEnumerator.cpp-L0103)  ProcessName:python3.12(30164)     Description:[EnumInterfaceInter]EnumInterfaces failed! Ret[0x8000000c], TLayerType[0x1], CTI[/opt/MVS/lib/aarch64/MvFGProducerGEV.cti]
Error   2026-06-06 16:48:20:271  DevID:  Source-Line:libMvCameraControl.so(GenTLLoadLibraryEx.cpp-L0222)  ProcessName:python3.12(30164)     Description:[LoadCtiLibInter]Load CTI failed! CTI path[/opt/MVS/lib/aarch64/MvFGProducerCXP.cti], nRet[0x8000000c]
Error   2026-06-06 16:48:20:271  DevID:  Source-Line:libMvCameraControl.so(FGDeviceEnumerator.cpp-L0103)  ProcessName:python3.12(30164)     Description:[EnumInterfaceInter]EnumInterfaces failed! Ret[0x8000000c], TLayerType[0x8], CTI[/opt/MVS/lib/aarch64/MvFGProducerCXP.cti]
Error   2026-06-06 16:48:20:272  DevID:  Source-Line:libMvCameraControl.so(GenTLLoadLibraryEx.cpp-L0222)  ProcessName:python3.12(30164)     Description:[LoadCtiLibInter]Load CTI failed! CTI path[/opt/MVS/lib/aarch64/MvFGProducerCML.cti], nRet[0x8000000c]
Error   2026-06-06 16:48:20:272  DevID:  Source-Line:libMvCameraControl.so(FGDeviceEnumerator.cpp-L0103)  ProcessName:python3.12(30164)     Description:[EnumInterfaceInter]EnumInterfaces failed! Ret[0x8000000c], TLayerType[0x4], CTI[/opt/MVS/lib/aarch64/MvFGProducerCML.cti]
Error   2026-06-06 16:48:20:272  DevID:  Source-Line:libMvCameraControl.so(GenTLLoadLibraryEx.cpp-L0222)  ProcessName:python3.12(30164)     Description:[LoadCtiLibInter]Load CTI failed! CTI path[/opt/MVS/lib/aarch64/MvFGProducerXoF.cti], nRet[0x8000000c]
Error   2026-06-06 16:48:20:272  DevID:  Source-Line:libMvCameraControl.so(FGDeviceEnumerator.cpp-L0103)  ProcessName:python3.12(30164)     Description:[EnumInterfaceInter]EnumInterfaces failed! Ret[0x8000000c], TLayerType[0x10], CTI[/opt/MVS/lib/aarch64/MvFGProducerXoF.cti]
Info    2026-06-06 16:48:21:020  DevID:MV-CS050-60GC(DA6358574)  Source-Line:libMvCameraControl.so(GigEDevice.cpp-L0263)  ProcessName:python3.12(30164)     Description:[Init]GEV INFO DeviceIP[192.168.195.100], NetIP[192.168.195.254], ManufacturerInfo[Hikrobot], DeviceVersion[V4.0.30 241011 1385495], UserID[]
Info    2026-06-06 16:48:21:020  DevID:MV-CS050-60GC(DA6358574)  Source-Line:libMvCameraControl.so(MediaProcess.cpp-L0884)  ProcessName:python3.12(30164)     Description:[SetBayerCvtQuality]Set Bayer CvtQuality success! BayerCvtQuality[1]
Info    2026-06-06 16:48:21:020  DevID:MV-CS050-60GC(DA6358574)  Source-Line:libMvCameraControl.so(MediaProcess.cpp-L1732)  ProcessName:python3.12(30164)     Description:[SetBayerThreadNum]Set Bayer Thread Num success! BayerThreadNum[4]
Info    2026-06-06 16:48:21:020  DevID:MV-CS050-60GC(DA6358574)  Source-Line:libMvCameraControl.so(MediaProcess.cpp-L0884)  ProcessName:python3.12(30164)     Description:[SetBayerCvtQuality]Set Bayer CvtQuality success! BayerCvtQuality[1]
Info    2026-06-06 16:48:21:020  DevID:MV-CS050-60GC(DA6358574)  Source-Line:libMvCameraControl.so(MediaProcess.cpp-L1732)  ProcessName:python3.12(30164)     Description:[SetBayerThreadNum]Set Bayer Thread Num success! BayerThreadNum[4]
Info    2026-06-06 16:48:21:020  DevID:MV-CS050-60GC(DA6358574)  Source-Line:libMvCameraControl.so(GigEDevice.cpp-L0299)  ProcessName:python3.12(30164)     Description:[IsValidVersion]MvCameraControl Version[0x4070003], GigE SDKVersion[0x4070003], DriverVersion[0x4070001]
Info    2026-06-06 16:48:21:053  DevID:  Source-Line:libMvCameraControl.so(CacheXmlToFile.cpp-L0516)  ProcessName:python3.12(30164)     Description:[ReadCacheFile]ReadLocalFile XMLPath[SchemaVersion.1.0@Hikrobot#GEV#MV-CS050-60GC#V4.0.30 241011 1385495@XMLVersion.1.0.0.zip]
Info    2026-06-06 16:48:21:053  DevID:MV-CS050-60GC(DA6358574)  Source-Line:libMvCameraControl.so(GigEDevice.cpp-L0464)  ProcessName:python3.12(30164)     Description:[GetXmlInfo]Get GenICamXML From local File, len [0x19132] Type[1]
Info    2026-06-06 16:48:21:211  DevID:MV-CS050-60GC(DA6358574)  Source-Line:libMvCameraControl.so(GigEDevice.cpp-L0805)  ProcessName:python3.12(30164)     Description:[OpenDevice]Load XML success
Info    2026-06-06 16:48:21:213  DevID:MV-CS050-60GC(DA6358574)  Source-Line:libMvCameraControl.so(GenICamImpl.cpp-L0752)  ProcessName:python3.12(30164)     Description:[InvalidateNodes]Invalidate Nodes success
Info    2026-06-06 16:48:21:213  DevID:MV-CS050-60GC(DA6358574)  Source-Line:libMvCameraControl.so(GigEDevice.cpp-L0818)  ProcessName:python3.12(30164)     Description:[OpenDevice]Invalidate Nodes success
Info    2026-06-06 16:48:21:216  DevID:MV-CS050-60GC(DA6358574)  Source-Line:libMvCameraControl.so(StreamGrab.cpp-L0234)  ProcessName:python3.12(30164)     Description:[Open]Stream channel[0] opened
Info    2026-06-06 16:48:21:218  DevID:MV-CS050-60GC(DA6358574)  Source-Line:libMvCameraControl.so(GigEDevice.cpp-L0849)  ProcessName:python3.12(30164)     Description:[OpenDevice]Open device success! PrivilegeMode[1], SwitchoverKey[0], DeviceUptime[3968],DeviceFirmwareVersion[V4.0.30 2410111385495 24091104]
Info    2026-06-06 16:48:21:218  DevID:MV-CS050-60GC(DA6358574)  Source-Line:libMvCameraControl.so(GigEDevice.cpp-L0865)  ProcessName:python3.12(30164)     Description:[OpenDevice]OpenDevice, cost time 198.000000ms 
Info    2026-06-06 16:48:21:218  DevID:  Source-Line:libMvCameraControl.so(GenICamImpl.cpp-L2342)  ProcessName:python3.12(30164)     Description:[RecordThread]RecordThread Start, ThreadId[832004560]
Info    2026-06-06 16:48:21:225  DevID:MV-CS050-60GC(DA6358574)  Source-Line:libMvCameraControl.so(GenICamImpl.cpp-L2373)  ProcessName:python3.12(30164)     Description:[RecordThreadProc][Record] Get BlackLevel value [64]
Info    2026-06-06 16:48:22:663  DevID:MV-CS050-60GC(DA6358574)  Source-Line:libMvCameraControl.so(GenICamImpl.cpp-L2395)  ProcessName:python3.12(30164)     Description:[RecordThreadProc][Record] Get BalanceWhiteAuto Value [1] (0:off 1:contineu; 2:once):
Error   2026-06-06 16:48:22:703  DevID:MV-CS050-60GC(DA6358574)  Source-Line:libMvCameraControl.so(GenICamImpl.cpp-L1111)  ProcessName:python3.12(30164)     Description:[XML_GetNodeAccessMode]PropertyName[SeqExpEnable], Ret[0x80000100]
Error   2026-06-06 16:48:22:703  DevID:MV-CS050-60GC(DA6358574)  Source-Line:libMvCameraControl.so(XmlParse.cpp-L3037)  ProcessName:python3.12(30164)     Description:[GetBooleanValue]Get Node Value, Node does not exist, NodeName[SeqExpEnable]
Error   2026-06-06 16:48:22:703  DevID:MV-CS050-60GC(DA6358574)  Source-Line:libMvCameraControl.so(GenICamImpl.cpp-L0551)  ProcessName:python3.12(30164)     Description:[GetBoolValue]Property[SeqExpEnable], Ret[0x80000100]
Error   2026-06-06 16:48:22:703  DevID:MV-CS050-60GC(DA6358574)  Source-Line:libMvCameraControl.so(GenICamImpl.cpp-L1111)  ProcessName:python3.12(30164)     Description:[XML_GetNodeAccessMode]PropertyName[MultiLightControl], Ret[0x80000100]
Error   2026-06-06 16:48:22:703  DevID:MV-CS050-60GC(DA6358574)  Source-Line:libMvCameraControl.so(XmlParse.cpp-L2386)  ProcessName:python3.12(30164)     Description:[GetEnumValue]Get Node Value, Node does not exist, NodeName[MultiLightControl]
Error   2026-06-06 16:48:22:703  DevID:MV-CS050-60GC(DA6358574)  Source-Line:libMvCameraControl.so(GenICamImpl.cpp-L0364)  ProcessName:python3.12(30164)     Description:[GetEnumValue]Property[MultiLightControl], Ret[0x80000100]
Info    2026-06-06 16:48:22:703  DevID:MV-CS050-60GC(DA6358574)  Source-Line:libMvCameraControl.so(GigEStream.cpp-L0067)  ProcessName:python3.12(30164)     Description:[StartAcquisition][GEV]Width[2448], Height[2048], PixelFormat[0x1080008], PayloadSize[5013504], ChunkCount[100], CompressMode[0], DeviceUptime[3970]
Info    2026-06-06 16:48:22:715  DevID:MV-CS050-60GC(DA6358574)  Source-Line:libMvCameraControl.so(GenICamImpl.cpp-L2461)  ProcessName:python3.12(30164)     Description:[RecordThreadProc][Record] Get ExposureAuto value [0]
Info    2026-06-06 16:48:22:717  DevID:MV-CS050-60GC(DA6358574)  Source-Line:libMvCameraControl.so(StreamGrab.cpp-L0869)  ProcessName:python3.12(30164)     Description:[StartGrabbing]StreamChannel[0], Start grabbing success, There is no registration callback.
Info    2026-06-06 16:48:22:722  DevID:MV-CS050-60GC(DA6358574)  Source-Line:libMvCameraControl.so(GenICamImpl.cpp-L2483)  ProcessName:python3.12(30164)     Description:[RecordThreadProc][Record] Get ExposureTime value [50000.000000] 
Info    2026-06-06 16:48:22:724  DevID:MV-CS050-60GC(DA6358574)  Source-Line:libMvCameraControl.so(GenICamImpl.cpp-L2504)  ProcessName:python3.12(30164)     Description:[RecordThreadProc][Record] Get GainAuto value [0] (0:off 1:contineu; 2:once):
Info    2026-06-06 16:48:22:728  DevID:MV-CS050-60GC(DA6358574)  Source-Line:libMvCameraControl.so(GenICamImpl.cpp-L2525)  ProcessName:python3.12(30164)     Description:[RecordThreadProc][Record] Get Gain value [10.016100] 
Info    2026-06-06 16:48:22:730  DevID:MV-CS050-60GC(DA6358574)  Source-Line:libMvCameraControl.so(GenICamImpl.cpp-L2546)  ProcessName:python3.12(30164)     Description:[RecordThreadProc][Record] Get PixelFormat value [17301512] :
Info    2026-06-06 16:48:22:734  DevID:MV-CS050-60GC(DA6358574)  Source-Line:libMvCameraControl.so(GenICamImpl.cpp-L2609)  ProcessName:python3.12(30164)     Description:[RecordThreadProc][Record] Get UserSetCurrent value [0]
Info    2026-06-06 16:48:22:736  DevID:MV-CS050-60GC(DA6358574)  Source-Line:libMvCameraControl.so(GenICamImpl.cpp-L2630)  ProcessName:python3.12(30164)     Description:[RecordThreadProc][Record] Get UserSetSelector value [0] 
Info    2026-06-06 16:48:22:737  DevID:MV-CS050-60GC(DA6358574)  Source-Line:libMvCameraControl.so(GenICamImpl.cpp-L2651)  ProcessName:python3.12(30164)     Description:[RecordThreadProc][Record] Get UserSetDefault value[0]
Info    2026-06-06 16:48:22:737  DevID:  Source-Line:libMvCameraControl.so(GenICamImpl.cpp-L2347)  ProcessName:python3.12(30164)     Description:[RecordThread]RecordThread End, ThreadId[832004560]
Info    2026-06-06 16:49:03:427  DevID:MV-CS050-60GC(DA6358574)  Source-Line:libMvCameraControl.so(StreamGrab.cpp-L0934)  ProcessName:python3.12(30164)     Description:[StopGrabbing]Stop grabbing success! DeviceUptime[4010]
Info    2026-06-06 16:49:03:427  DevID:MV-CS050-60GC(DA6358574)  Source-Line:libMvCameraControl.so(GigEDevice.cpp-L0648)  ProcessName:python3.12(30164)     Description:[CloseGigEDevice] Close device begin!
Error   2026-06-06 16:49:03:427  DevID:MV-CS050-60GC(DA6358574)  Source-Line:libMvCameraControl.so(StreamGrab.cpp-L0882)  ProcessName:python3.12(30164)     Description:[StopGrabbing]StreamChannel[0], bGrabbing[0], pDevStream[0xaaab0eb362f0]
Info    2026-06-06 16:49:03:427  DevID:MV-CS050-60GC(DA6358574)  Source-Line:libMvCameraControl.so(StreamGrab.cpp-L0270)  ProcessName:python3.12(30164)     Description:[Close]Stream channel[0] closed
Info    2026-06-06 16:49:03:428  DevID:MV-CS050-60GC(DA6358574)  Source-Line:libMvCameraControl.so(GigEDevice.cpp-L0665)  ProcessName:python3.12(30164)     Description:[CloseGigEDevice]DeviceUptime[4010]
Info    2026-06-06 16:49:03:434  DevID:MV-CS050-60GC(DA6358574)  Source-Line:libMvCameraControl.so(GigEDevice.cpp-L0687)  ProcessName:python3.12(30164)     Description:[CloseGigEDevice]Close device success!
Info    2026-06-06 16:49:03:434  DevID:MV-CS050-60GC(DA6358574)  Source-Line:libMvCameraControl.so(GigEDeviceEvent.cpp-L0046)  ProcessName:python3.12(30164)     Description:[Deinit]GigEDeviceEvent Deinit  RecvAllEvent  [0],
Info    2026-06-06 16:49:03:445  DevID:  Source-Line:libMvCameraControl.so(GigELoadLibrary.cpp-L1732)  ProcessName:python3.12(30164)     Description:[UnloadGigEAllFunctions]UnLoad MVGigEVisionSDK success
Info    2026-06-06 16:49:03:445  DevID:  Source-Line:libMvCameraControl.so(U3VLoadLibrary.cpp-L0931)  ProcessName:python3.12(30164)     Description:[UnloadU3VAllFunctions]UnLoad MvUsb3vTLDLL success
Error   2026-06-06 16:50:39:579  DevID:  Source-Line:libMvCameraControl.so(GenTLLoadLibraryEx.cpp-L0222)  ProcessName:python3.12(30875)     Description:[LoadCtiLibInter]Load CTI failed! CTI path[/opt/MVS/lib/aarch64/libMvProducerVIR.so], nRet[0x8000000c]
Error   2026-06-06 16:50:39:580  DevID:  Source-Line:libMvCameraControl.so(GenTLLoadLibraryEx.cpp-L0222)  ProcessName:python3.12(30875)     Description:[LoadCtiLibInter]Load CTI failed! CTI path[/opt/MVS/lib/aarch64/libMvProducerVIR.so], nRet[0x8000000c]
Info    2026-06-06 16:50:39:581  DevID:  Source-Line:libMvCameraControl.so(GigELoadLibrary.cpp-L1607)  ProcessName:python3.12(30875)     Description:[LoadGigEAllFunctions]Load MVGigEVisionSDK success
Error   2026-06-06 16:50:39:581  DevID:  Source-Line:libMvCameraControl.so(GenTLLoadLibraryEx.cpp-L0222)  ProcessName:python3.12(30875)     Description:[LoadCtiLibInter]Load CTI failed! CTI path[/opt/MVS/lib/aarch64/MvFGProducerGEV.cti], nRet[0x8000000c]
Error   2026-06-06 16:50:39:581  DevID:  Source-Line:libMvCameraControl.so(FGDeviceEnumerator.cpp-L0103)  ProcessName:python3.12(30875)     Description:[EnumInterfaceInter]EnumInterfaces failed! Ret[0x8000000c], TLayerType[0x1], CTI[/opt/MVS/lib/aarch64/MvFGProducerGEV.cti]
Error   2026-06-06 16:50:39:581  DevID:  Source-Line:libMvCameraControl.so(GenTLLoadLibraryEx.cpp-L0222)  ProcessName:python3.12(30875)     Description:[LoadCtiLibInter]Load CTI failed! CTI path[/opt/MVS/lib/aarch64/MvFGProducerCXP.cti], nRet[0x8000000c]
Error   2026-06-06 16:50:39:581  DevID:  Source-Line:libMvCameraControl.so(FGDeviceEnumerator.cpp-L0103)  ProcessName:python3.12(30875)     Description:[EnumInterfaceInter]EnumInterfaces failed! Ret[0x8000000c], TLayerType[0x8], CTI[/opt/MVS/lib/aarch64/MvFGProducerCXP.cti]
Error   2026-06-06 16:50:39:581  DevID:  Source-Line:libMvCameraControl.so(GenTLLoadLibraryEx.cpp-L0222)  ProcessName:python3.12(30875)     Description:[LoadCtiLibInter]Load CTI failed! CTI path[/opt/MVS/lib/aarch64/MvFGProducerCML.cti], nRet[0x8000000c]
Error   2026-06-06 16:50:39:581  DevID:  Source-Line:libMvCameraControl.so(FGDeviceEnumerator.cpp-L0103)  ProcessName:python3.12(30875)     Description:[EnumInterfaceInter]EnumInterfaces failed! Ret[0x8000000c], TLayerType[0x4], CTI[/opt/MVS/lib/aarch64/MvFGProducerCML.cti]
Error   2026-06-06 16:50:39:581  DevID:  Source-Line:libMvCameraControl.so(GenTLLoadLibraryEx.cpp-L0222)  ProcessName:python3.12(30875)     Description:[LoadCtiLibInter]Load CTI failed! CTI path[/opt/MVS/lib/aarch64/MvFGProducerXoF.cti], nRet[0x8000000c]
Error   2026-06-06 16:50:39:581  DevID:  Source-Line:libMvCameraControl.so(FGDeviceEnumerator.cpp-L0103)  ProcessName:python3.12(30875)     Description:[EnumInterfaceInter]EnumInterfaces failed! Ret[0x8000000c], TLayerType[0x10], CTI[/opt/MVS/lib/aarch64/MvFGProducerXoF.cti]
Info    2026-06-06 16:50:40:970  DevID:MV-CS050-60GC(DA6358574)  Source-Line:libMvCameraControl.so(GigEDevice.cpp-L0263)  ProcessName:python3.12(30875)     Description:[Init]GEV INFO DeviceIP[192.168.195.100], NetIP[192.168.195.254], ManufacturerInfo[Hikrobot], DeviceVersion[V4.0.30 241011 1385495], UserID[]
Info    2026-06-06 16:50:40:970  DevID:MV-CS050-60GC(DA6358574)  Source-Line:libMvCameraControl.so(MediaProcess.cpp-L0884)  ProcessName:python3.12(30875)     Description:[SetBayerCvtQuality]Set Bayer CvtQuality success! BayerCvtQuality[1]
Info    2026-06-06 16:50:40:970  DevID:MV-CS050-60GC(DA6358574)  Source-Line:libMvCameraControl.so(MediaProcess.cpp-L1732)  ProcessName:python3.12(30875)     Description:[SetBayerThreadNum]Set Bayer Thread Num success! BayerThreadNum[4]
Info    2026-06-06 16:50:40:970  DevID:MV-CS050-60GC(DA6358574)  Source-Line:libMvCameraControl.so(MediaProcess.cpp-L0884)  ProcessName:python3.12(30875)     Description:[SetBayerCvtQuality]Set Bayer CvtQuality success! BayerCvtQuality[1]
Info    2026-06-06 16:50:40:970  DevID:MV-CS050-60GC(DA6358574)  Source-Line:libMvCameraControl.so(MediaProcess.cpp-L1732)  ProcessName:python3.12(30875)     Description:[SetBayerThreadNum]Set Bayer Thread Num success! BayerThreadNum[4]
Info    2026-06-06 16:50:40:970  DevID:MV-CS050-60GC(DA6358574)  Source-Line:libMvCameraControl.so(GigEDevice.cpp-L0299)  ProcessName:python3.12(30875)     Description:[IsValidVersion]MvCameraControl Version[0x4070003], GigE SDKVersion[0x4070003], DriverVersion[0x4070001]
Info    2026-06-06 16:50:40:002  DevID:  Source-Line:libMvCameraControl.so(CacheXmlToFile.cpp-L0516)  ProcessName:python3.12(30875)     Description:[ReadCacheFile]ReadLocalFile XMLPath[SchemaVersion.1.0@Hikrobot#GEV#MV-CS050-60GC#V4.0.30 241011 1385495@XMLVersion.1.0.0.zip]
Info    2026-06-06 16:50:40:002  DevID:MV-CS050-60GC(DA6358574)  Source-Line:libMvCameraControl.so(GigEDevice.cpp-L0464)  ProcessName:python3.12(30875)     Description:[GetXmlInfo]Get GenICamXML From local File, len [0x19132] Type[1]
Info    2026-06-06 16:50:41:178  DevID:MV-CS050-60GC(DA6358574)  Source-Line:libMvCameraControl.so(GigEDevice.cpp-L0805)  ProcessName:python3.12(30875)     Description:[OpenDevice]Load XML success
Info    2026-06-06 16:50:41:180  DevID:MV-CS050-60GC(DA6358574)  Source-Line:libMvCameraControl.so(GenICamImpl.cpp-L0752)  ProcessName:python3.12(30875)     Description:[InvalidateNodes]Invalidate Nodes success
Info    2026-06-06 16:50:41:180  DevID:MV-CS050-60GC(DA6358574)  Source-Line:libMvCameraControl.so(GigEDevice.cpp-L0818)  ProcessName:python3.12(30875)     Description:[OpenDevice]Invalidate Nodes success
Info    2026-06-06 16:50:41:183  DevID:MV-CS050-60GC(DA6358574)  Source-Line:libMvCameraControl.so(StreamGrab.cpp-L0234)  ProcessName:python3.12(30875)     Description:[Open]Stream channel[0] opened
Info    2026-06-06 16:50:41:185  DevID:MV-CS050-60GC(DA6358574)  Source-Line:libMvCameraControl.so(GigEDevice.cpp-L0849)  ProcessName:python3.12(30875)     Description:[OpenDevice]Open device success! PrivilegeMode[1], SwitchoverKey[0], DeviceUptime[4108],DeviceFirmwareVersion[V4.0.30 2410111385495 24091104]
Info    2026-06-06 16:50:41:185  DevID:MV-CS050-60GC(DA6358574)  Source-Line:libMvCameraControl.so(GigEDevice.cpp-L0865)  ProcessName:python3.12(30875)     Description:[OpenDevice]OpenDevice, cost time 215.000000ms 
Info    2026-06-06 16:50:41:185  DevID:  Source-Line:libMvCameraControl.so(GenICamImpl.cpp-L2342)  ProcessName:python3.12(30875)     Description:[RecordThread]RecordThread Start, ThreadId[758198736]
Info    2026-06-06 16:50:41:192  DevID:MV-CS050-60GC(DA6358574)  Source-Line:libMvCameraControl.so(GenICamImpl.cpp-L2373)  ProcessName:python3.12(30875)     Description:[RecordThreadProc][Record] Get BlackLevel value [64]
Info    2026-06-06 16:50:42:628  DevID:MV-CS050-60GC(DA6358574)  Source-Line:libMvCameraControl.so(GenICamImpl.cpp-L2395)  ProcessName:python3.12(30875)     Description:[RecordThreadProc][Record] Get BalanceWhiteAuto Value [1] (0:off 1:contineu; 2:once):
Info    2026-06-06 16:50:42:637  DevID:MV-CS050-60GC(DA6358574)  Source-Line:libMvCameraControl.so(GenICamImpl.cpp-L2461)  ProcessName:python3.12(30875)     Description:[RecordThreadProc][Record] Get ExposureAuto value [0]
Info    2026-06-06 16:50:42:651  DevID:MV-CS050-60GC(DA6358574)  Source-Line:libMvCameraControl.so(GenICamImpl.cpp-L2483)  ProcessName:python3.12(30875)     Description:[RecordThreadProc][Record] Get ExposureTime value [50000.000000] 
Error   2026-06-06 16:50:42:685  DevID:MV-CS050-60GC(DA6358574)  Source-Line:libMvCameraControl.so(GenICamImpl.cpp-L1111)  ProcessName:python3.12(30875)     Description:[XML_GetNodeAccessMode]PropertyName[SeqExpEnable], Ret[0x80000100]
Error   2026-06-06 16:50:42:686  DevID:MV-CS050-60GC(DA6358574)  Source-Line:libMvCameraControl.so(XmlParse.cpp-L3037)  ProcessName:python3.12(30875)     Description:[GetBooleanValue]Get Node Value, Node does not exist, NodeName[SeqExpEnable]
Error   2026-06-06 16:50:42:686  DevID:MV-CS050-60GC(DA6358574)  Source-Line:libMvCameraControl.so(GenICamImpl.cpp-L0551)  ProcessName:python3.12(30875)     Description:[GetBoolValue]Property[SeqExpEnable], Ret[0x80000100]
Error   2026-06-06 16:50:42:686  DevID:MV-CS050-60GC(DA6358574)  Source-Line:libMvCameraControl.so(GenICamImpl.cpp-L1111)  ProcessName:python3.12(30875)     Description:[XML_GetNodeAccessMode]PropertyName[MultiLightControl], Ret[0x80000100]
Error   2026-06-06 16:50:42:686  DevID:MV-CS050-60GC(DA6358574)  Source-Line:libMvCameraControl.so(XmlParse.cpp-L2386)  ProcessName:python3.12(30875)     Description:[GetEnumValue]Get Node Value, Node does not exist, NodeName[MultiLightControl]
Error   2026-06-06 16:50:42:686  DevID:MV-CS050-60GC(DA6358574)  Source-Line:libMvCameraControl.so(GenICamImpl.cpp-L0364)  ProcessName:python3.12(30875)     Description:[GetEnumValue]Property[MultiLightControl], Ret[0x80000100]
Info    2026-06-06 16:50:42:686  DevID:MV-CS050-60GC(DA6358574)  Source-Line:libMvCameraControl.so(GigEStream.cpp-L0067)  ProcessName:python3.12(30875)     Description:[StartAcquisition][GEV]Width[2448], Height[2048], PixelFormat[0x1080008], PayloadSize[5013504], ChunkCount[100], CompressMode[0], DeviceUptime[4109]
Info    2026-06-06 16:50:42:695  DevID:MV-CS050-60GC(DA6358574)  Source-Line:libMvCameraControl.so(GenICamImpl.cpp-L2504)  ProcessName:python3.12(30875)     Description:[RecordThreadProc][Record] Get GainAuto value [0] (0:off 1:contineu; 2:once):
Info    2026-06-06 16:50:42:697  DevID:MV-CS050-60GC(DA6358574)  Source-Line:libMvCameraControl.so(StreamGrab.cpp-L0869)  ProcessName:python3.12(30875)     Description:[StartGrabbing]StreamChannel[0], Start grabbing success, There is no registration callback.
Info    2026-06-06 16:50:42:703  DevID:MV-CS050-60GC(DA6358574)  Source-Line:libMvCameraControl.so(GenICamImpl.cpp-L2525)  ProcessName:python3.12(30875)     Description:[RecordThreadProc][Record] Get Gain value [10.016100] 
Info    2026-06-06 16:50:42:704  DevID:MV-CS050-60GC(DA6358574)  Source-Line:libMvCameraControl.so(GenICamImpl.cpp-L2546)  ProcessName:python3.12(30875)     Description:[RecordThreadProc][Record] Get PixelFormat value [17301512] :
Info    2026-06-06 16:50:42:710  DevID:MV-CS050-60GC(DA6358574)  Source-Line:libMvCameraControl.so(GenICamImpl.cpp-L2609)  ProcessName:python3.12(30875)     Description:[RecordThreadProc][Record] Get UserSetCurrent value [0]
Info    2026-06-06 16:50:42:712  DevID:MV-CS050-60GC(DA6358574)  Source-Line:libMvCameraControl.so(GenICamImpl.cpp-L2630)  ProcessName:python3.12(30875)     Description:[RecordThreadProc][Record] Get UserSetSelector value [0] 
Info    2026-06-06 16:50:42:713  DevID:MV-CS050-60GC(DA6358574)  Source-Line:libMvCameraControl.so(GenICamImpl.cpp-L2651)  ProcessName:python3.12(30875)     Description:[RecordThreadProc][Record] Get UserSetDefault value[0]
Info    2026-06-06 16:50:42:713  DevID:  Source-Line:libMvCameraControl.so(GenICamImpl.cpp-L2347)  ProcessName:python3.12(30875)     Description:[RecordThread]RecordThread End, ThreadId[758198736]
Info    2026-06-06 16:51:20:388  DevID:MV-CS050-60GC(DA6358574)  Source-Line:libMvCameraControl.so(StreamGrab.cpp-L0934)  ProcessName:python3.12(30875)     Description:[StopGrabbing]Stop grabbing success! DeviceUptime[4147]
Info    2026-06-06 16:51:20:388  DevID:MV-CS050-60GC(DA6358574)  Source-Line:libMvCameraControl.so(GigEDevice.cpp-L0648)  ProcessName:python3.12(30875)     Description:[CloseGigEDevice] Close device begin!
Error   2026-06-06 16:51:20:388  DevID:MV-CS050-60GC(DA6358574)  Source-Line:libMvCameraControl.so(StreamGrab.cpp-L0882)  ProcessName:python3.12(30875)     Description:[StopGrabbing]StreamChannel[0], bGrabbing[0], pDevStream[0xaaaaf92112f0]
Info    2026-06-06 16:51:20:388  DevID:MV-CS050-60GC(DA6358574)  Source-Line:libMvCameraControl.so(StreamGrab.cpp-L0270)  ProcessName:python3.12(30875)     Description:[Close]Stream channel[0] closed
Info    2026-06-06 16:51:20:389  DevID:MV-CS050-60GC(DA6358574)  Source-Line:libMvCameraControl.so(GigEDevice.cpp-L0665)  ProcessName:python3.12(30875)     Description:[CloseGigEDevice]DeviceUptime[4147]
Info    2026-06-06 16:51:20:497  DevID:MV-CS050-60GC(DA6358574)  Source-Line:libMvCameraControl.so(GigEDevice.cpp-L0687)  ProcessName:python3.12(30875)     Description:[CloseGigEDevice]Close device success!
Info    2026-06-06 16:51:20:497  DevID:MV-CS050-60GC(DA6358574)  Source-Line:libMvCameraControl.so(GigEDeviceEvent.cpp-L0046)  ProcessName:python3.12(30875)     Description:[Deinit]GigEDeviceEvent Deinit  RecvAllEvent  [0],
Info    2026-06-06 16:51:20:508  DevID:  Source-Line:libMvCameraControl.so(GigELoadLibrary.cpp-L1732)  ProcessName:python3.12(30875)     Description:[UnloadGigEAllFunctions]UnLoad MVGigEVisionSDK success
Info    2026-06-06 16:51:20:508  DevID:  Source-Line:libMvCameraControl.so(U3VLoadLibrary.cpp-L0931)  ProcessName:python3.12(30875)     Description:[UnloadU3VAllFunctions]UnLoad MvUsb3vTLDLL success
Error   2026-06-06 16:57:12:481  DevID:  Source-Line:libMvCameraControl.so(GenTLLoadLibraryEx.cpp-L0222)  ProcessName:python3.12(33061)     Description:[LoadCtiLibInter]Load CTI failed! CTI path[/opt/MVS/lib/aarch64/libMvProducerVIR.so], nRet[0x8000000c]
Error   2026-06-06 16:57:12:482  DevID:  Source-Line:libMvCameraControl.so(GenTLLoadLibraryEx.cpp-L0222)  ProcessName:python3.12(33061)     Description:[LoadCtiLibInter]Load CTI failed! CTI path[/opt/MVS/lib/aarch64/libMvProducerVIR.so], nRet[0x8000000c]
Error   2026-06-06 16:57:12:482  DevID:  Source-Line:libMvCameraControl.so(GenTLLoadLibraryEx.cpp-L0222)  ProcessName:python3.12(33061)     Description:[LoadCtiLibInter]Load CTI failed! CTI path[/opt/MVS/lib/aarch64/MvFGProducerGEV.cti], nRet[0x8000000c]
Info    2026-06-06 16:57:12:482  DevID:  Source-Line:libMvCameraControl.so(GigELoadLibrary.cpp-L1607)  ProcessName:python3.12(33061)     Description:[LoadGigEAllFunctions]Load MVGigEVisionSDK success
Error   2026-06-06 16:57:12:482  DevID:  Source-Line:libMvCameraControl.so(FGDeviceEnumerator.cpp-L0103)  ProcessName:python3.12(33061)     Description:[EnumInterfaceInter]EnumInterfaces failed! Ret[0x8000000c], TLayerType[0x1], CTI[/opt/MVS/lib/aarch64/MvFGProducerGEV.cti]
Error   2026-06-06 16:57:12:482  DevID:  Source-Line:libMvCameraControl.so(GenTLLoadLibraryEx.cpp-L0222)  ProcessName:python3.12(33061)     Description:[LoadCtiLibInter]Load CTI failed! CTI path[/opt/MVS/lib/aarch64/MvFGProducerCXP.cti], nRet[0x8000000c]
Error   2026-06-06 16:57:12:482  DevID:  Source-Line:libMvCameraControl.so(FGDeviceEnumerator.cpp-L0103)  ProcessName:python3.12(33061)     Description:[EnumInterfaceInter]EnumInterfaces failed! Ret[0x8000000c], TLayerType[0x8], CTI[/opt/MVS/lib/aarch64/MvFGProducerCXP.cti]
Error   2026-06-06 16:57:12:482  DevID:  Source-Line:libMvCameraControl.so(GenTLLoadLibraryEx.cpp-L0222)  ProcessName:python3.12(33061)     Description:[LoadCtiLibInter]Load CTI failed! CTI path[/opt/MVS/lib/aarch64/MvFGProducerCML.cti], nRet[0x8000000c]
Error   2026-06-06 16:57:12:482  DevID:  Source-Line:libMvCameraControl.so(FGDeviceEnumerator.cpp-L0103)  ProcessName:python3.12(33061)     Description:[EnumInterfaceInter]EnumInterfaces failed! Ret[0x8000000c], TLayerType[0x4], CTI[/opt/MVS/lib/aarch64/MvFGProducerCML.cti]
Error   2026-06-06 16:57:12:482  DevID:  Source-Line:libMvCameraControl.so(GenTLLoadLibraryEx.cpp-L0222)  ProcessName:python3.12(33061)     Description:[LoadCtiLibInter]Load CTI failed! CTI path[/opt/MVS/lib/aarch64/MvFGProducerXoF.cti], nRet[0x8000000c]
Error   2026-06-06 16:57:12:482  DevID:  Source-Line:libMvCameraControl.so(FGDeviceEnumerator.cpp-L0103)  ProcessName:python3.12(33061)     Description:[EnumInterfaceInter]EnumInterfaces failed! Ret[0x8000000c], TLayerType[0x10], CTI[/opt/MVS/lib/aarch64/MvFGProducerXoF.cti]
Info    2026-06-06 16:57:13:177  DevID:MV-CS050-60GC(DA6358574)  Source-Line:libMvCameraControl.so(GigEDevice.cpp-L0263)  ProcessName:python3.12(33061)     Description:[Init]GEV INFO DeviceIP[192.168.195.100], NetIP[192.168.195.254], ManufacturerInfo[Hikrobot], DeviceVersion[V4.0.30 241011 1385495], UserID[]
Info    2026-06-06 16:57:13:177  DevID:MV-CS050-60GC(DA6358574)  Source-Line:libMvCameraControl.so(MediaProcess.cpp-L0884)  ProcessName:python3.12(33061)     Description:[SetBayerCvtQuality]Set Bayer CvtQuality success! BayerCvtQuality[1]
Info    2026-06-06 16:57:13:177  DevID:MV-CS050-60GC(DA6358574)  Source-Line:libMvCameraControl.so(MediaProcess.cpp-L1732)  ProcessName:python3.12(33061)     Description:[SetBayerThreadNum]Set Bayer Thread Num success! BayerThreadNum[4]
Info    2026-06-06 16:57:13:177  DevID:MV-CS050-60GC(DA6358574)  Source-Line:libMvCameraControl.so(MediaProcess.cpp-L0884)  ProcessName:python3.12(33061)     Description:[SetBayerCvtQuality]Set Bayer CvtQuality success! BayerCvtQuality[1]
Info    2026-06-06 16:57:13:177  DevID:MV-CS050-60GC(DA6358574)  Source-Line:libMvCameraControl.so(MediaProcess.cpp-L1732)  ProcessName:python3.12(33061)     Description:[SetBayerThreadNum]Set Bayer Thread Num success! BayerThreadNum[4]
Info    2026-06-06 16:57:13:177  DevID:MV-CS050-60GC(DA6358574)  Source-Line:libMvCameraControl.so(GigEDevice.cpp-L0299)  ProcessName:python3.12(33061)     Description:[IsValidVersion]MvCameraControl Version[0x4070003], GigE SDKVersion[0x4070003], DriverVersion[0x4070001]
Info    2026-06-06 16:57:13:209  DevID:  Source-Line:libMvCameraControl.so(CacheXmlToFile.cpp-L0516)  ProcessName:python3.12(33061)     Description:[ReadCacheFile]ReadLocalFile XMLPath[SchemaVersion.1.0@Hikrobot#GEV#MV-CS050-60GC#V4.0.30 241011 1385495@XMLVersion.1.0.0.zip]
Info    2026-06-06 16:57:13:209  DevID:MV-CS050-60GC(DA6358574)  Source-Line:libMvCameraControl.so(GigEDevice.cpp-L0464)  ProcessName:python3.12(33061)     Description:[GetXmlInfo]Get GenICamXML From local File, len [0x19132] Type[1]
Info    2026-06-06 16:57:13:381  DevID:MV-CS050-60GC(DA6358574)  Source-Line:libMvCameraControl.so(GigEDevice.cpp-L0805)  ProcessName:python3.12(33061)     Description:[OpenDevice]Load XML success
Info    2026-06-06 16:57:13:383  DevID:MV-CS050-60GC(DA6358574)  Source-Line:libMvCameraControl.so(GenICamImpl.cpp-L0752)  ProcessName:python3.12(33061)     Description:[InvalidateNodes]Invalidate Nodes success
Info    2026-06-06 16:57:13:383  DevID:MV-CS050-60GC(DA6358574)  Source-Line:libMvCameraControl.so(GigEDevice.cpp-L0818)  ProcessName:python3.12(33061)     Description:[OpenDevice]Invalidate Nodes success
Info    2026-06-06 16:57:13:386  DevID:MV-CS050-60GC(DA6358574)  Source-Line:libMvCameraControl.so(StreamGrab.cpp-L0234)  ProcessName:python3.12(33061)     Description:[Open]Stream channel[0] opened
Info    2026-06-06 16:57:13:390  DevID:MV-CS050-60GC(DA6358574)  Source-Line:libMvCameraControl.so(GigEDevice.cpp-L0849)  ProcessName:python3.12(33061)     Description:[OpenDevice]Open device success! PrivilegeMode[1], SwitchoverKey[0], DeviceUptime[4500],DeviceFirmwareVersion[V4.0.30 2410111385495 24091104]
Info    2026-06-06 16:57:13:390  DevID:MV-CS050-60GC(DA6358574)  Source-Line:libMvCameraControl.so(GigEDevice.cpp-L0865)  ProcessName:python3.12(33061)     Description:[OpenDevice]OpenDevice, cost time 213.000000ms 
Info    2026-06-06 16:57:13:390  DevID:  Source-Line:libMvCameraControl.so(GenICamImpl.cpp-L2342)  ProcessName:python3.12(33061)     Description:[RecordThread]RecordThread Start, ThreadId[487174608]
Info    2026-06-06 16:57:13:397  DevID:MV-CS050-60GC(DA6358574)  Source-Line:libMvCameraControl.so(GenICamImpl.cpp-L2373)  ProcessName:python3.12(33061)     Description:[RecordThreadProc][Record] Get BlackLevel value [64]
Info    2026-06-06 16:57:14:832  DevID:MV-CS050-60GC(DA6358574)  Source-Line:libMvCameraControl.so(GenICamImpl.cpp-L2395)  ProcessName:python3.12(33061)     Description:[RecordThreadProc][Record] Get BalanceWhiteAuto Value [1] (0:off 1:contineu; 2:once):
Info    2026-06-06 16:57:14:840  DevID:MV-CS050-60GC(DA6358574)  Source-Line:libMvCameraControl.so(GenICamImpl.cpp-L2461)  ProcessName:python3.12(33061)     Description:[RecordThreadProc][Record] Get ExposureAuto value [0]
Info    2026-06-06 16:57:14:853  DevID:MV-CS050-60GC(DA6358574)  Source-Line:libMvCameraControl.so(GenICamImpl.cpp-L2483)  ProcessName:python3.12(33061)     Description:[RecordThreadProc][Record] Get ExposureTime value [50000.000000] 
Info    2026-06-06 16:57:14:892  DevID:MV-CS050-60GC(DA6358574)  Source-Line:libMvCameraControl.so(GenICamImpl.cpp-L2504)  ProcessName:python3.12(33061)     Description:[RecordThreadProc][Record] Get GainAuto value [0] (0:off 1:contineu; 2:once):
Error   2026-06-06 16:57:14:897  DevID:MV-CS050-60GC(DA6358574)  Source-Line:libMvCameraControl.so(GenICamImpl.cpp-L1111)  ProcessName:python3.12(33061)     Description:[XML_GetNodeAccessMode]PropertyName[SeqExpEnable], Ret[0x80000100]
Error   2026-06-06 16:57:14:897  DevID:MV-CS050-60GC(DA6358574)  Source-Line:libMvCameraControl.so(XmlParse.cpp-L3037)  ProcessName:python3.12(33061)     Description:[GetBooleanValue]Get Node Value, Node does not exist, NodeName[SeqExpEnable]
Error   2026-06-06 16:57:14:897  DevID:MV-CS050-60GC(DA6358574)  Source-Line:libMvCameraControl.so(GenICamImpl.cpp-L0551)  ProcessName:python3.12(33061)     Description:[GetBoolValue]Property[SeqExpEnable], Ret[0x80000100]
Error   2026-06-06 16:57:14:897  DevID:MV-CS050-60GC(DA6358574)  Source-Line:libMvCameraControl.so(GenICamImpl.cpp-L1111)  ProcessName:python3.12(33061)     Description:[XML_GetNodeAccessMode]PropertyName[MultiLightControl], Ret[0x80000100]
Error   2026-06-06 16:57:14:897  DevID:MV-CS050-60GC(DA6358574)  Source-Line:libMvCameraControl.so(XmlParse.cpp-L2386)  ProcessName:python3.12(33061)     Description:[GetEnumValue]Get Node Value, Node does not exist, NodeName[MultiLightControl]
Error   2026-06-06 16:57:14:897  DevID:MV-CS050-60GC(DA6358574)  Source-Line:libMvCameraControl.so(GenICamImpl.cpp-L0364)  ProcessName:python3.12(33061)     Description:[GetEnumValue]Property[MultiLightControl], Ret[0x80000100]
Info    2026-06-06 16:57:14:897  DevID:MV-CS050-60GC(DA6358574)  Source-Line:libMvCameraControl.so(GigEStream.cpp-L0067)  ProcessName:python3.12(33061)     Description:[StartAcquisition][GEV]Width[2448], Height[2048], PixelFormat[0x1080008], PayloadSize[5013504], ChunkCount[100], CompressMode[0], DeviceUptime[4502]
Info    2026-06-06 16:57:14:909  DevID:MV-CS050-60GC(DA6358574)  Source-Line:libMvCameraControl.so(GenICamImpl.cpp-L2525)  ProcessName:python3.12(33061)     Description:[RecordThreadProc][Record] Get Gain value [10.016100] 
Info    2026-06-06 16:57:14:911  DevID:MV-CS050-60GC(DA6358574)  Source-Line:libMvCameraControl.so(StreamGrab.cpp-L0869)  ProcessName:python3.12(33061)     Description:[StartGrabbing]StreamChannel[0], Start grabbing success, There is no registration callback.
Info    2026-06-06 16:57:14:912  DevID:MV-CS050-60GC(DA6358574)  Source-Line:libMvCameraControl.so(GenICamImpl.cpp-L2546)  ProcessName:python3.12(33061)     Description:[RecordThreadProc][Record] Get PixelFormat value [17301512] :
Info    2026-06-06 16:57:14:917  DevID:MV-CS050-60GC(DA6358574)  Source-Line:libMvCameraControl.so(GenICamImpl.cpp-L2609)  ProcessName:python3.12(33061)     Description:[RecordThreadProc][Record] Get UserSetCurrent value [0]
Info    2026-06-06 16:57:14:919  DevID:MV-CS050-60GC(DA6358574)  Source-Line:libMvCameraControl.so(GenICamImpl.cpp-L2630)  ProcessName:python3.12(33061)     Description:[RecordThreadProc][Record] Get UserSetSelector value [0] 
Info    2026-06-06 16:57:14:920  DevID:MV-CS050-60GC(DA6358574)  Source-Line:libMvCameraControl.so(GenICamImpl.cpp-L2651)  ProcessName:python3.12(33061)     Description:[RecordThreadProc][Record] Get UserSetDefault value[0]
Info    2026-06-06 16:57:14:920  DevID:  Source-Line:libMvCameraControl.so(GenICamImpl.cpp-L2347)  ProcessName:python3.12(33061)     Description:[RecordThread]RecordThread End, ThreadId[487174608]
Info    2026-06-06 16:59:22:179  DevID:MV-CS050-60GC(DA6358574)  Source-Line:libMvCameraControl.so(StreamGrab.cpp-L0934)  ProcessName:python3.12(33061)     Description:[StopGrabbing]Stop grabbing success! DeviceUptime[4629]
Info    2026-06-06 16:59:22:179  DevID:MV-CS050-60GC(DA6358574)  Source-Line:libMvCameraControl.so(GigEDevice.cpp-L0648)  ProcessName:python3.12(33061)     Description:[CloseGigEDevice] Close device begin!
Error   2026-06-06 16:59:22:179  DevID:MV-CS050-60GC(DA6358574)  Source-Line:libMvCameraControl.so(StreamGrab.cpp-L0882)  ProcessName:python3.12(33061)     Description:[StopGrabbing]StreamChannel[0], bGrabbing[0], pDevStream[0xaaaae42d81c0]
Info    2026-06-06 16:59:22:179  DevID:MV-CS050-60GC(DA6358574)  Source-Line:libMvCameraControl.so(StreamGrab.cpp-L0270)  ProcessName:python3.12(33061)     Description:[Close]Stream channel[0] closed
Info    2026-06-06 16:59:22:180  DevID:MV-CS050-60GC(DA6358574)  Source-Line:libMvCameraControl.so(GigEDevice.cpp-L0665)  ProcessName:python3.12(33061)     Description:[CloseGigEDevice]DeviceUptime[4629]
Info    2026-06-06 16:59:22:287  DevID:MV-CS050-60GC(DA6358574)  Source-Line:libMvCameraControl.so(GigEDevice.cpp-L0687)  ProcessName:python3.12(33061)     Description:[CloseGigEDevice]Close device success!
Info    2026-06-06 16:59:22:287  DevID:MV-CS050-60GC(DA6358574)  Source-Line:libMvCameraControl.so(GigEDeviceEvent.cpp-L0046)  ProcessName:python3.12(33061)     Description:[Deinit]GigEDeviceEvent Deinit  RecvAllEvent  [0],
Info    2026-06-06 16:59:22:298  DevID:  Source-Line:libMvCameraControl.so(GigELoadLibrary.cpp-L1732)  ProcessName:python3.12(33061)     Description:[UnloadGigEAllFunctions]UnLoad MVGigEVisionSDK success
Info    2026-06-06 16:59:22:298  DevID:  Source-Line:libMvCameraControl.so(U3VLoadLibrary.cpp-L0931)  ProcessName:python3.12(33061)     Description:[UnloadU3VAllFunctions]UnLoad MvUsb3vTLDLL success
Error   2026-06-06 17:02:58:880  DevID:  Source-Line:libMvCameraControl.so(GenTLLoadLibraryEx.cpp-L0222)  ProcessName:python3.12(34638)     Description:[LoadCtiLibInter]Load CTI failed! CTI path[/opt/MVS/lib/aarch64/libMvProducerVIR.so], nRet[0x8000000c]
Error   2026-06-06 17:02:58:881  DevID:  Source-Line:libMvCameraControl.so(GenTLLoadLibraryEx.cpp-L0222)  ProcessName:python3.12(34638)     Description:[LoadCtiLibInter]Load CTI failed! CTI path[/opt/MVS/lib/aarch64/libMvProducerVIR.so], nRet[0x8000000c]
Error   2026-06-06 17:02:58:881  DevID:  Source-Line:libMvCameraControl.so(GenTLLoadLibraryEx.cpp-L0222)  ProcessName:python3.12(34638)     Description:[LoadCtiLibInter]Load CTI failed! CTI path[/opt/MVS/lib/aarch64/MvFGProducerGEV.cti], nRet[0x8000000c]
Error   2026-06-06 17:02:58:881  DevID:  Source-Line:libMvCameraControl.so(FGDeviceEnumerator.cpp-L0103)  ProcessName:python3.12(34638)     Description:[EnumInterfaceInter]EnumInterfaces failed! Ret[0x8000000c], TLayerType[0x1], CTI[/opt/MVS/lib/aarch64/MvFGProducerGEV.cti]
Info    2026-06-06 17:02:58:881  DevID:  Source-Line:libMvCameraControl.so(GigELoadLibrary.cpp-L1607)  ProcessName:python3.12(34638)     Description:[LoadGigEAllFunctions]Load MVGigEVisionSDK success
Error   2026-06-06 17:02:58:881  DevID:  Source-Line:libMvCameraControl.so(GenTLLoadLibraryEx.cpp-L0222)  ProcessName:python3.12(34638)     Description:[LoadCtiLibInter]Load CTI failed! CTI path[/opt/MVS/lib/aarch64/MvFGProducerCXP.cti], nRet[0x8000000c]
Error   2026-06-06 17:02:58:881  DevID:  Source-Line:libMvCameraControl.so(FGDeviceEnumerator.cpp-L0103)  ProcessName:python3.12(34638)     Description:[EnumInterfaceInter]EnumInterfaces failed! Ret[0x8000000c], TLayerType[0x8], CTI[/opt/MVS/lib/aarch64/MvFGProducerCXP.cti]
Error   2026-06-06 17:02:58:881  DevID:  Source-Line:libMvCameraControl.so(GenTLLoadLibraryEx.cpp-L0222)  ProcessName:python3.12(34638)     Description:[LoadCtiLibInter]Load CTI failed! CTI path[/opt/MVS/lib/aarch64/MvFGProducerCML.cti], nRet[0x8000000c]
Error   2026-06-06 17:02:58:881  DevID:  Source-Line:libMvCameraControl.so(FGDeviceEnumerator.cpp-L0103)  ProcessName:python3.12(34638)     Description:[EnumInterfaceInter]EnumInterfaces failed! Ret[0x8000000c], TLayerType[0x4], CTI[/opt/MVS/lib/aarch64/MvFGProducerCML.cti]
Error   2026-06-06 17:02:58:881  DevID:  Source-Line:libMvCameraControl.so(GenTLLoadLibraryEx.cpp-L0222)  ProcessName:python3.12(34638)     Description:[LoadCtiLibInter]Load CTI failed! CTI path[/opt/MVS/lib/aarch64/MvFGProducerXoF.cti], nRet[0x8000000c]
Error   2026-06-06 17:02:58:881  DevID:  Source-Line:libMvCameraControl.so(FGDeviceEnumerator.cpp-L0103)  ProcessName:python3.12(34638)     Description:[EnumInterfaceInter]EnumInterfaces failed! Ret[0x8000000c], TLayerType[0x10], CTI[/opt/MVS/lib/aarch64/MvFGProducerXoF.cti]
Info    2026-06-06 17:02:59:717  DevID:MV-CS050-60GC(DA6358574)  Source-Line:libMvCameraControl.so(GigEDevice.cpp-L0263)  ProcessName:python3.12(34638)     Description:[Init]GEV INFO DeviceIP[192.168.195.100], NetIP[192.168.195.254], ManufacturerInfo[Hikrobot], DeviceVersion[V4.0.30 241011 1385495], UserID[]
Info    2026-06-06 17:02:59:717  DevID:MV-CS050-60GC(DA6358574)  Source-Line:libMvCameraControl.so(MediaProcess.cpp-L0884)  ProcessName:python3.12(34638)     Description:[SetBayerCvtQuality]Set Bayer CvtQuality success! BayerCvtQuality[1]
Info    2026-06-06 17:02:59:717  DevID:MV-CS050-60GC(DA6358574)  Source-Line:libMvCameraControl.so(MediaProcess.cpp-L1732)  ProcessName:python3.12(34638)     Description:[SetBayerThreadNum]Set Bayer Thread Num success! BayerThreadNum[4]
Info    2026-06-06 17:02:59:717  DevID:MV-CS050-60GC(DA6358574)  Source-Line:libMvCameraControl.so(MediaProcess.cpp-L0884)  ProcessName:python3.12(34638)     Description:[SetBayerCvtQuality]Set Bayer CvtQuality success! BayerCvtQuality[1]
Info    2026-06-06 17:02:59:717  DevID:MV-CS050-60GC(DA6358574)  Source-Line:libMvCameraControl.so(MediaProcess.cpp-L1732)  ProcessName:python3.12(34638)     Description:[SetBayerThreadNum]Set Bayer Thread Num success! BayerThreadNum[4]
Info    2026-06-06 17:02:59:717  DevID:MV-CS050-60GC(DA6358574)  Source-Line:libMvCameraControl.so(GigEDevice.cpp-L0299)  ProcessName:python3.12(34638)     Description:[IsValidVersion]MvCameraControl Version[0x4070003], GigE SDKVersion[0x4070003], DriverVersion[0x4070001]
Info    2026-06-06 17:02:59:749  DevID:  Source-Line:libMvCameraControl.so(CacheXmlToFile.cpp-L0516)  ProcessName:python3.12(34638)     Description:[ReadCacheFile]ReadLocalFile XMLPath[SchemaVersion.1.0@Hikrobot#GEV#MV-CS050-60GC#V4.0.30 241011 1385495@XMLVersion.1.0.0.zip]
Info    2026-06-06 17:02:59:749  DevID:MV-CS050-60GC(DA6358574)  Source-Line:libMvCameraControl.so(GigEDevice.cpp-L0464)  ProcessName:python3.12(34638)     Description:[GetXmlInfo]Get GenICamXML From local File, len [0x19132] Type[1]
Info    2026-06-06 17:02:59:905  DevID:MV-CS050-60GC(DA6358574)  Source-Line:libMvCameraControl.so(GigEDevice.cpp-L0805)  ProcessName:python3.12(34638)     Description:[OpenDevice]Load XML success
Info    2026-06-06 17:02:59:908  DevID:MV-CS050-60GC(DA6358574)  Source-Line:libMvCameraControl.so(GenICamImpl.cpp-L0752)  ProcessName:python3.12(34638)     Description:[InvalidateNodes]Invalidate Nodes success
Info    2026-06-06 17:02:59:908  DevID:MV-CS050-60GC(DA6358574)  Source-Line:libMvCameraControl.so(GigEDevice.cpp-L0818)  ProcessName:python3.12(34638)     Description:[OpenDevice]Invalidate Nodes success
Info    2026-06-06 17:02:59:910  DevID:MV-CS050-60GC(DA6358574)  Source-Line:libMvCameraControl.so(StreamGrab.cpp-L0234)  ProcessName:python3.12(34638)     Description:[Open]Stream channel[0] opened
Info    2026-06-06 17:02:59:912  DevID:MV-CS050-60GC(DA6358574)  Source-Line:libMvCameraControl.so(GigEDevice.cpp-L0849)  ProcessName:python3.12(34638)     Description:[OpenDevice]Open device success! PrivilegeMode[1], SwitchoverKey[0], DeviceUptime[4847],DeviceFirmwareVersion[V4.0.30 2410111385495 24091104]
Info    2026-06-06 17:02:59:913  DevID:MV-CS050-60GC(DA6358574)  Source-Line:libMvCameraControl.so(GigEDevice.cpp-L0865)  ProcessName:python3.12(34638)     Description:[OpenDevice]OpenDevice, cost time 195.000000ms 
Info    2026-06-06 17:02:59:913  DevID:  Source-Line:libMvCameraControl.so(GenICamImpl.cpp-L2342)  ProcessName:python3.12(34638)     Description:[RecordThread]RecordThread Start, ThreadId[1243230672]
Info    2026-06-06 17:02:59:921  DevID:MV-CS050-60GC(DA6358574)  Source-Line:libMvCameraControl.so(GenICamImpl.cpp-L2373)  ProcessName:python3.12(34638)     Description:[RecordThreadProc][Record] Get BlackLevel value [64]
Info    2026-06-06 17:03:01:356  DevID:MV-CS050-60GC(DA6358574)  Source-Line:libMvCameraControl.so(GenICamImpl.cpp-L2395)  ProcessName:python3.12(34638)     Description:[RecordThreadProc][Record] Get BalanceWhiteAuto Value [1] (0:off 1:contineu; 2:once):
Info    2026-06-06 17:03:01:362  DevID:MV-CS050-60GC(DA6358574)  Source-Line:libMvCameraControl.so(GenICamImpl.cpp-L2461)  ProcessName:python3.12(34638)     Description:[RecordThreadProc][Record] Get ExposureAuto value [0]
Info    2026-06-06 17:03:01:368  DevID:MV-CS050-60GC(DA6358574)  Source-Line:libMvCameraControl.so(GenICamImpl.cpp-L2483)  ProcessName:python3.12(34638)     Description:[RecordThreadProc][Record] Get ExposureTime value [50000.000000] 
Info    2026-06-06 17:03:01:370  DevID:MV-CS050-60GC(DA6358574)  Source-Line:libMvCameraControl.so(GenICamImpl.cpp-L2504)  ProcessName:python3.12(34638)     Description:[RecordThreadProc][Record] Get GainAuto value [0] (0:off 1:contineu; 2:once):
Info    2026-06-06 17:03:01:375  DevID:MV-CS050-60GC(DA6358574)  Source-Line:libMvCameraControl.so(GenICamImpl.cpp-L2525)  ProcessName:python3.12(34638)     Description:[RecordThreadProc][Record] Get Gain value [10.016100] 
Info    2026-06-06 17:03:01:388  DevID:MV-CS050-60GC(DA6358574)  Source-Line:libMvCameraControl.so(GenICamImpl.cpp-L2546)  ProcessName:python3.12(34638)     Description:[RecordThreadProc][Record] Get PixelFormat value [17301512] :
Error   2026-06-06 17:03:01:423  DevID:MV-CS050-60GC(DA6358574)  Source-Line:libMvCameraControl.so(GenICamImpl.cpp-L1111)  ProcessName:python3.12(34638)     Description:[XML_GetNodeAccessMode]PropertyName[SeqExpEnable], Ret[0x80000100]
Error   2026-06-06 17:03:01:423  DevID:MV-CS050-60GC(DA6358574)  Source-Line:libMvCameraControl.so(XmlParse.cpp-L3037)  ProcessName:python3.12(34638)     Description:[GetBooleanValue]Get Node Value, Node does not exist, NodeName[SeqExpEnable]
Error   2026-06-06 17:03:01:423  DevID:MV-CS050-60GC(DA6358574)  Source-Line:libMvCameraControl.so(GenICamImpl.cpp-L0551)  ProcessName:python3.12(34638)     Description:[GetBoolValue]Property[SeqExpEnable], Ret[0x80000100]
Error   2026-06-06 17:03:01:423  DevID:MV-CS050-60GC(DA6358574)  Source-Line:libMvCameraControl.so(GenICamImpl.cpp-L1111)  ProcessName:python3.12(34638)     Description:[XML_GetNodeAccessMode]PropertyName[MultiLightControl], Ret[0x80000100]
Error   2026-06-06 17:03:01:423  DevID:MV-CS050-60GC(DA6358574)  Source-Line:libMvCameraControl.so(XmlParse.cpp-L2386)  ProcessName:python3.12(34638)     Description:[GetEnumValue]Get Node Value, Node does not exist, NodeName[MultiLightControl]
Error   2026-06-06 17:03:01:423  DevID:MV-CS050-60GC(DA6358574)  Source-Line:libMvCameraControl.so(GenICamImpl.cpp-L0364)  ProcessName:python3.12(34638)     Description:[GetEnumValue]Property[MultiLightControl], Ret[0x80000100]
Info    2026-06-06 17:03:01:423  DevID:MV-CS050-60GC(DA6358574)  Source-Line:libMvCameraControl.so(GigEStream.cpp-L0067)  ProcessName:python3.12(34638)     Description:[StartAcquisition][GEV]Width[2448], Height[2048], PixelFormat[0x1080008], PayloadSize[5013504], ChunkCount[100], CompressMode[0], DeviceUptime[4848]
Info    2026-06-06 17:03:01:435  DevID:MV-CS050-60GC(DA6358574)  Source-Line:libMvCameraControl.so(GenICamImpl.cpp-L2609)  ProcessName:python3.12(34638)     Description:[RecordThreadProc][Record] Get UserSetCurrent value [0]
Info    2026-06-06 17:03:01:437  DevID:MV-CS050-60GC(DA6358574)  Source-Line:libMvCameraControl.so(StreamGrab.cpp-L0869)  ProcessName:python3.12(34638)     Description:[StartGrabbing]StreamChannel[0], Start grabbing success, There is no registration callback.
Info    2026-06-06 17:03:01:439  DevID:MV-CS050-60GC(DA6358574)  Source-Line:libMvCameraControl.so(GenICamImpl.cpp-L2630)  ProcessName:python3.12(34638)     Description:[RecordThreadProc][Record] Get UserSetSelector value [0] 
Info    2026-06-06 17:03:01:440  DevID:MV-CS050-60GC(DA6358574)  Source-Line:libMvCameraControl.so(GenICamImpl.cpp-L2651)  ProcessName:python3.12(34638)     Description:[RecordThreadProc][Record] Get UserSetDefault value[0]
Info    2026-06-06 17:03:01:440  DevID:  Source-Line:libMvCameraControl.so(GenICamImpl.cpp-L2347)  ProcessName:python3.12(34638)     Description:[RecordThread]RecordThread End, ThreadId[1243230672]
Info    2026-06-06 17:03:19:899  DevID:MV-CS050-60GC(DA6358574)  Source-Line:libMvCameraControl.so(StreamGrab.cpp-L0934)  ProcessName:python3.12(34638)     Description:[StopGrabbing]Stop grabbing success! DeviceUptime[4867]
Info    2026-06-06 17:03:19:899  DevID:MV-CS050-60GC(DA6358574)  Source-Line:libMvCameraControl.so(GigEDevice.cpp-L0648)  ProcessName:python3.12(34638)     Description:[CloseGigEDevice] Close device begin!
Error   2026-06-06 17:03:19:899  DevID:MV-CS050-60GC(DA6358574)  Source-Line:libMvCameraControl.so(StreamGrab.cpp-L0882)  ProcessName:python3.12(34638)     Description:[StopGrabbing]StreamChannel[0], bGrabbing[0], pDevStream[0xaaaaf45b91c0]
Info    2026-06-06 17:03:19:899  DevID:MV-CS050-60GC(DA6358574)  Source-Line:libMvCameraControl.so(StreamGrab.cpp-L0270)  ProcessName:python3.12(34638)     Description:[Close]Stream channel[0] closed
Info    2026-06-06 17:03:19:900  DevID:MV-CS050-60GC(DA6358574)  Source-Line:libMvCameraControl.so(GigEDevice.cpp-L0665)  ProcessName:python3.12(34638)     Description:[CloseGigEDevice]DeviceUptime[4867]
Info    2026-06-06 17:03:19:907  DevID:MV-CS050-60GC(DA6358574)  Source-Line:libMvCameraControl.so(GigEDevice.cpp-L0687)  ProcessName:python3.12(34638)     Description:[CloseGigEDevice]Close device success!
Info    2026-06-06 17:03:19:907  DevID:MV-CS050-60GC(DA6358574)  Source-Line:libMvCameraControl.so(GigEDeviceEvent.cpp-L0046)  ProcessName:python3.12(34638)     Description:[Deinit]GigEDeviceEvent Deinit  RecvAllEvent  [0],
Info    2026-06-06 17:03:19:916  DevID:  Source-Line:libMvCameraControl.so(GigELoadLibrary.cpp-L1732)  ProcessName:python3.12(34638)     Description:[UnloadGigEAllFunctions]UnLoad MVGigEVisionSDK success
Info    2026-06-06 17:03:19:916  DevID:  Source-Line:libMvCameraControl.so(U3VLoadLibrary.cpp-L0931)  ProcessName:python3.12(34638)     Description:[UnloadU3VAllFunctions]UnLoad MvUsb3vTLDLL success
Error   2026-06-06 17:21:01:586  DevID:  Source-Line:libMvCameraControl.so(GenTLLoadLibraryEx.cpp-L0222)  ProcessName:python3.12(40459)     Description:[LoadCtiLibInter]Load CTI failed! CTI path[/opt/MVS/lib/aarch64/libMvProducerVIR.so], nRet[0x8000000c]
Error   2026-06-06 17:21:01:587  DevID:  Source-Line:libMvCameraControl.so(GenTLLoadLibraryEx.cpp-L0222)  ProcessName:python3.12(40459)     Description:[LoadCtiLibInter]Load CTI failed! CTI path[/opt/MVS/lib/aarch64/MvFGProducerCXP.cti], nRet[0x8000000c]
Error   2026-06-06 17:21:01:587  DevID:  Source-Line:libMvCameraControl.so(FGDeviceEnumerator.cpp-L0103)  ProcessName:python3.12(40459)     Description:[EnumInterfaceInter]EnumInterfaces failed! Ret[0x8000000c], TLayerType[0x8], CTI[/opt/MVS/lib/aarch64/MvFGProducerCXP.cti]
Info    2026-06-06 17:21:01:587  DevID:  Source-Line:libMvCameraControl.so(GigELoadLibrary.cpp-L1607)  ProcessName:python3.12(40459)     Description:[LoadGigEAllFunctions]Load MVGigEVisionSDK success
Error   2026-06-06 17:21:01:587  DevID:  Source-Line:libMvCameraControl.so(GenTLLoadLibraryEx.cpp-L0222)  ProcessName:python3.12(40459)     Description:[LoadCtiLibInter]Load CTI failed! CTI path[/opt/MVS/lib/aarch64/MvFGProducerGEV.cti], nRet[0x8000000c]
Error   2026-06-06 17:21:01:587  DevID:  Source-Line:libMvCameraControl.so(FGDeviceEnumerator.cpp-L0103)  ProcessName:python3.12(40459)     Description:[EnumInterfaceInter]EnumInterfaces failed! Ret[0x8000000c], TLayerType[0x1], CTI[/opt/MVS/lib/aarch64/MvFGProducerGEV.cti]
Error   2026-06-06 17:21:01:587  DevID:  Source-Line:libMvCameraControl.so(GenTLLoadLibraryEx.cpp-L0222)  ProcessName:python3.12(40459)     Description:[LoadCtiLibInter]Load CTI failed! CTI path[/opt/MVS/lib/aarch64/libMvProducerVIR.so], nRet[0x8000000c]
Error   2026-06-06 17:21:01:587  DevID:  Source-Line:libMvCameraControl.so(GenTLLoadLibraryEx.cpp-L0222)  ProcessName:python3.12(40459)     Description:[LoadCtiLibInter]Load CTI failed! CTI path[/opt/MVS/lib/aarch64/MvFGProducerCML.cti], nRet[0x8000000c]
Error   2026-06-06 17:21:01:587  DevID:  Source-Line:libMvCameraControl.so(FGDeviceEnumerator.cpp-L0103)  ProcessName:python3.12(40459)     Description:[EnumInterfaceInter]EnumInterfaces failed! Ret[0x8000000c], TLayerType[0x4], CTI[/opt/MVS/lib/aarch64/MvFGProducerCML.cti]
Error   2026-06-06 17:21:01:587  DevID:  Source-Line:libMvCameraControl.so(GenTLLoadLibraryEx.cpp-L0222)  ProcessName:python3.12(40459)     Description:[LoadCtiLibInter]Load CTI failed! CTI path[/opt/MVS/lib/aarch64/MvFGProducerXoF.cti], nRet[0x8000000c]
Error   2026-06-06 17:21:01:587  DevID:  Source-Line:libMvCameraControl.so(FGDeviceEnumerator.cpp-L0103)  ProcessName:python3.12(40459)     Description:[EnumInterfaceInter]EnumInterfaces failed! Ret[0x8000000c], TLayerType[0x10], CTI[/opt/MVS/lib/aarch64/MvFGProducerXoF.cti]
Info    2026-06-06 17:21:02:772  DevID:MV-CS050-60GC(DA6358574)  Source-Line:libMvCameraControl.so(GigEDevice.cpp-L0263)  ProcessName:python3.12(40459)     Description:[Init]GEV INFO DeviceIP[192.168.195.100], NetIP[192.168.195.254], ManufacturerInfo[Hikrobot], DeviceVersion[V4.0.30 241011 1385495], UserID[]
Info    2026-06-06 17:21:02:772  DevID:MV-CS050-60GC(DA6358574)  Source-Line:libMvCameraControl.so(MediaProcess.cpp-L0884)  ProcessName:python3.12(40459)     Description:[SetBayerCvtQuality]Set Bayer CvtQuality success! BayerCvtQuality[1]
Info    2026-06-06 17:21:02:773  DevID:MV-CS050-60GC(DA6358574)  Source-Line:libMvCameraControl.so(MediaProcess.cpp-L1732)  ProcessName:python3.12(40459)     Description:[SetBayerThreadNum]Set Bayer Thread Num success! BayerThreadNum[4]
Info    2026-06-06 17:21:02:773  DevID:MV-CS050-60GC(DA6358574)  Source-Line:libMvCameraControl.so(MediaProcess.cpp-L0884)  ProcessName:python3.12(40459)     Description:[SetBayerCvtQuality]Set Bayer CvtQuality success! BayerCvtQuality[1]
Info    2026-06-06 17:21:02:773  DevID:MV-CS050-60GC(DA6358574)  Source-Line:libMvCameraControl.so(MediaProcess.cpp-L1732)  ProcessName:python3.12(40459)     Description:[SetBayerThreadNum]Set Bayer Thread Num success! BayerThreadNum[4]
Info    2026-06-06 17:21:02:773  DevID:MV-CS050-60GC(DA6358574)  Source-Line:libMvCameraControl.so(GigEDevice.cpp-L0299)  ProcessName:python3.12(40459)     Description:[IsValidVersion]MvCameraControl Version[0x4070003], GigE SDKVersion[0x4070003], DriverVersion[0x4070001]
Info    2026-06-06 17:21:02:805  DevID:  Source-Line:libMvCameraControl.so(CacheXmlToFile.cpp-L0516)  ProcessName:python3.12(40459)     Description:[ReadCacheFile]ReadLocalFile XMLPath[SchemaVersion.1.0@Hikrobot#GEV#MV-CS050-60GC#V4.0.30 241011 1385495@XMLVersion.1.0.0.zip]
Info    2026-06-06 17:21:02:805  DevID:MV-CS050-60GC(DA6358574)  Source-Line:libMvCameraControl.so(GigEDevice.cpp-L0464)  ProcessName:python3.12(40459)     Description:[GetXmlInfo]Get GenICamXML From local File, len [0x19132] Type[1]
Info    2026-06-06 17:21:02:961  DevID:MV-CS050-60GC(DA6358574)  Source-Line:libMvCameraControl.so(GigEDevice.cpp-L0805)  ProcessName:python3.12(40459)     Description:[OpenDevice]Load XML success
Info    2026-06-06 17:21:02:964  DevID:MV-CS050-60GC(DA6358574)  Source-Line:libMvCameraControl.so(GenICamImpl.cpp-L0752)  ProcessName:python3.12(40459)     Description:[InvalidateNodes]Invalidate Nodes success
Info    2026-06-06 17:21:02:964  DevID:MV-CS050-60GC(DA6358574)  Source-Line:libMvCameraControl.so(GigEDevice.cpp-L0818)  ProcessName:python3.12(40459)     Description:[OpenDevice]Invalidate Nodes success
Info    2026-06-06 17:21:02:966  DevID:MV-CS050-60GC(DA6358574)  Source-Line:libMvCameraControl.so(StreamGrab.cpp-L0234)  ProcessName:python3.12(40459)     Description:[Open]Stream channel[0] opened
Info    2026-06-06 17:21:02:969  DevID:MV-CS050-60GC(DA6358574)  Source-Line:libMvCameraControl.so(GigEDevice.cpp-L0849)  ProcessName:python3.12(40459)     Description:[OpenDevice]Open device success! PrivilegeMode[1], SwitchoverKey[0], DeviceUptime[5930],DeviceFirmwareVersion[V4.0.30 2410111385495 24091104]
Info    2026-06-06 17:21:02:969  DevID:MV-CS050-60GC(DA6358574)  Source-Line:libMvCameraControl.so(GigEDevice.cpp-L0865)  ProcessName:python3.12(40459)     Description:[OpenDevice]OpenDevice, cost time 196.000000ms 
Info    2026-06-06 17:21:02:969  DevID:  Source-Line:libMvCameraControl.so(GenICamImpl.cpp-L2342)  ProcessName:python3.12(40459)     Description:[RecordThread]RecordThread Start, ThreadId[826364368]
Info    2026-06-06 17:21:02:976  DevID:MV-CS050-60GC(DA6358574)  Source-Line:libMvCameraControl.so(GenICamImpl.cpp-L2373)  ProcessName:python3.12(40459)     Description:[RecordThreadProc][Record] Get BlackLevel value [64]
Info    2026-06-06 17:21:02:979  DevID:MV-CS050-60GC(DA6358574)  Source-Line:libMvCameraControl.so(GenICamImpl.cpp-L2395)  ProcessName:python3.12(40459)     Description:[RecordThreadProc][Record] Get BalanceWhiteAuto Value [1] (0:off 1:contineu; 2:once):
Info    2026-06-06 17:21:04:415  DevID:MV-CS050-60GC(DA6358574)  Source-Line:libMvCameraControl.so(GenICamImpl.cpp-L2461)  ProcessName:python3.12(40459)     Description:[RecordThreadProc][Record] Get ExposureAuto value [0]
Info    2026-06-06 17:21:04:425  DevID:MV-CS050-60GC(DA6358574)  Source-Line:libMvCameraControl.so(GenICamImpl.cpp-L2483)  ProcessName:python3.12(40459)     Description:[RecordThreadProc][Record] Get ExposureTime value [50000.000000] 
Info    2026-06-06 17:21:04:435  DevID:MV-CS050-60GC(DA6358574)  Source-Line:libMvCameraControl.so(GenICamImpl.cpp-L2504)  ProcessName:python3.12(40459)     Description:[RecordThreadProc][Record] Get GainAuto value [0] (0:off 1:contineu; 2:once):
Error   2026-06-06 17:21:04:475  DevID:MV-CS050-60GC(DA6358574)  Source-Line:libMvCameraControl.so(GenICamImpl.cpp-L1111)  ProcessName:python3.12(40459)     Description:[XML_GetNodeAccessMode]PropertyName[SeqExpEnable], Ret[0x80000100]
Error   2026-06-06 17:21:04:475  DevID:MV-CS050-60GC(DA6358574)  Source-Line:libMvCameraControl.so(XmlParse.cpp-L3037)  ProcessName:python3.12(40459)     Description:[GetBooleanValue]Get Node Value, Node does not exist, NodeName[SeqExpEnable]
Error   2026-06-06 17:21:04:475  DevID:MV-CS050-60GC(DA6358574)  Source-Line:libMvCameraControl.so(GenICamImpl.cpp-L0551)  ProcessName:python3.12(40459)     Description:[GetBoolValue]Property[SeqExpEnable], Ret[0x80000100]
Error   2026-06-06 17:21:04:475  DevID:MV-CS050-60GC(DA6358574)  Source-Line:libMvCameraControl.so(GenICamImpl.cpp-L1111)  ProcessName:python3.12(40459)     Description:[XML_GetNodeAccessMode]PropertyName[MultiLightControl], Ret[0x80000100]
Error   2026-06-06 17:21:04:475  DevID:MV-CS050-60GC(DA6358574)  Source-Line:libMvCameraControl.so(XmlParse.cpp-L2386)  ProcessName:python3.12(40459)     Description:[GetEnumValue]Get Node Value, Node does not exist, NodeName[MultiLightControl]
Error   2026-06-06 17:21:04:475  DevID:MV-CS050-60GC(DA6358574)  Source-Line:libMvCameraControl.so(GenICamImpl.cpp-L0364)  ProcessName:python3.12(40459)     Description:[GetEnumValue]Property[MultiLightControl], Ret[0x80000100]
Info    2026-06-06 17:21:04:475  DevID:MV-CS050-60GC(DA6358574)  Source-Line:libMvCameraControl.so(GigEStream.cpp-L0067)  ProcessName:python3.12(40459)     Description:[StartAcquisition][GEV]Width[2448], Height[2048], PixelFormat[0x1080008], PayloadSize[5013504], ChunkCount[100], CompressMode[0], DeviceUptime[5931]
Info    2026-06-06 17:21:04:487  DevID:MV-CS050-60GC(DA6358574)  Source-Line:libMvCameraControl.so(GenICamImpl.cpp-L2525)  ProcessName:python3.12(40459)     Description:[RecordThreadProc][Record] Get Gain value [10.016100] 
Info    2026-06-06 17:21:04:489  DevID:MV-CS050-60GC(DA6358574)  Source-Line:libMvCameraControl.so(StreamGrab.cpp-L0869)  ProcessName:python3.12(40459)     Description:[StartGrabbing]StreamChannel[0], Start grabbing success, There is no registration callback.
Info    2026-06-06 17:21:04:490  DevID:MV-CS050-60GC(DA6358574)  Source-Line:libMvCameraControl.so(GenICamImpl.cpp-L2546)  ProcessName:python3.12(40459)     Description:[RecordThreadProc][Record] Get PixelFormat value [17301512] :
Info    2026-06-06 17:21:04:495  DevID:MV-CS050-60GC(DA6358574)  Source-Line:libMvCameraControl.so(GenICamImpl.cpp-L2609)  ProcessName:python3.12(40459)     Description:[RecordThreadProc][Record] Get UserSetCurrent value [0]
Info    2026-06-06 17:21:04:497  DevID:MV-CS050-60GC(DA6358574)  Source-Line:libMvCameraControl.so(GenICamImpl.cpp-L2630)  ProcessName:python3.12(40459)     Description:[RecordThreadProc][Record] Get UserSetSelector value [0] 
Info    2026-06-06 17:21:04:498  DevID:MV-CS050-60GC(DA6358574)  Source-Line:libMvCameraControl.so(GenICamImpl.cpp-L2651)  ProcessName:python3.12(40459)     Description:[RecordThreadProc][Record] Get UserSetDefault value[0]
Info    2026-06-06 17:21:04:498  DevID:  Source-Line:libMvCameraControl.so(GenICamImpl.cpp-L2347)  ProcessName:python3.12(40459)     Description:[RecordThread]RecordThread End, ThreadId[826364368]
Info    2026-06-06 17:22:20:368  DevID:MV-CS050-60GC(DA6358574)  Source-Line:libMvCameraControl.so(StreamGrab.cpp-L0934)  ProcessName:python3.12(40459)     Description:[StopGrabbing]Stop grabbing success! DeviceUptime[6007]
Info    2026-06-06 17:22:20:368  DevID:MV-CS050-60GC(DA6358574)  Source-Line:libMvCameraControl.so(GigEDevice.cpp-L0648)  ProcessName:python3.12(40459)     Description:[CloseGigEDevice] Close device begin!
Error   2026-06-06 17:22:20:368  DevID:MV-CS050-60GC(DA6358574)  Source-Line:libMvCameraControl.so(StreamGrab.cpp-L0882)  ProcessName:python3.12(40459)     Description:[StopGrabbing]StreamChannel[0], bGrabbing[0], pDevStream[0xaaaafd107960]
Info    2026-06-06 17:22:20:368  DevID:MV-CS050-60GC(DA6358574)  Source-Line:libMvCameraControl.so(StreamGrab.cpp-L0270)  ProcessName:python3.12(40459)     Description:[Close]Stream channel[0] closed
Info    2026-06-06 17:22:20:369  DevID:MV-CS050-60GC(DA6358574)  Source-Line:libMvCameraControl.so(GigEDevice.cpp-L0665)  ProcessName:python3.12(40459)     Description:[CloseGigEDevice]DeviceUptime[6007]
Info    2026-06-06 17:22:20:375  DevID:MV-CS050-60GC(DA6358574)  Source-Line:libMvCameraControl.so(GigEDevice.cpp-L0687)  ProcessName:python3.12(40459)     Description:[CloseGigEDevice]Close device success!
Info    2026-06-06 17:22:20:375  DevID:MV-CS050-60GC(DA6358574)  Source-Line:libMvCameraControl.so(GigEDeviceEvent.cpp-L0046)  ProcessName:python3.12(40459)     Description:[Deinit]GigEDeviceEvent Deinit  RecvAllEvent  [0],
Info    2026-06-06 17:22:20:386  DevID:  Source-Line:libMvCameraControl.so(GigELoadLibrary.cpp-L1732)  ProcessName:python3.12(40459)     Description:[UnloadGigEAllFunctions]UnLoad MVGigEVisionSDK success
Info    2026-06-06 17:22:20:386  DevID:  Source-Line:libMvCameraControl.so(U3VLoadLibrary.cpp-L0931)  ProcessName:python3.12(40459)     Description:[UnloadU3VAllFunctions]UnLoad MvUsb3vTLDLL success
Error   2026-06-06 17:22:39:113  DevID:  Source-Line:libMvCameraControl.so(GenTLLoadLibraryEx.cpp-L0222)  ProcessName:python3.12(40972)     Description:[LoadCtiLibInter]Load CTI failed! CTI path[/opt/MVS/lib/aarch64/libMvProducerVIR.so], nRet[0x8000000c]
Error   2026-06-06 17:22:39:114  DevID:  Source-Line:libMvCameraControl.so(GenTLLoadLibraryEx.cpp-L0222)  ProcessName:python3.12(40972)     Description:[LoadCtiLibInter]Load CTI failed! CTI path[/opt/MVS/lib/aarch64/libMvProducerVIR.so], nRet[0x8000000c]
Info    2026-06-06 17:22:39:114  DevID:  Source-Line:libMvCameraControl.so(GigELoadLibrary.cpp-L1607)  ProcessName:python3.12(40972)     Description:[LoadGigEAllFunctions]Load MVGigEVisionSDK success
Error   2026-06-06 17:22:39:114  DevID:  Source-Line:libMvCameraControl.so(GenTLLoadLibraryEx.cpp-L0222)  ProcessName:python3.12(40972)     Description:[LoadCtiLibInter]Load CTI failed! CTI path[/opt/MVS/lib/aarch64/MvFGProducerGEV.cti], nRet[0x8000000c]
Error   2026-06-06 17:22:39:114  DevID:  Source-Line:libMvCameraControl.so(FGDeviceEnumerator.cpp-L0103)  ProcessName:python3.12(40972)     Description:[EnumInterfaceInter]EnumInterfaces failed! Ret[0x8000000c], TLayerType[0x1], CTI[/opt/MVS/lib/aarch64/MvFGProducerGEV.cti]
Error   2026-06-06 17:22:39:114  DevID:  Source-Line:libMvCameraControl.so(GenTLLoadLibraryEx.cpp-L0222)  ProcessName:python3.12(40972)     Description:[LoadCtiLibInter]Load CTI failed! CTI path[/opt/MVS/lib/aarch64/MvFGProducerCXP.cti], nRet[0x8000000c]
Error   2026-06-06 17:22:39:114  DevID:  Source-Line:libMvCameraControl.so(FGDeviceEnumerator.cpp-L0103)  ProcessName:python3.12(40972)     Description:[EnumInterfaceInter]EnumInterfaces failed! Ret[0x8000000c], TLayerType[0x8], CTI[/opt/MVS/lib/aarch64/MvFGProducerCXP.cti]
Error   2026-06-06 17:22:39:114  DevID:  Source-Line:libMvCameraControl.so(GenTLLoadLibraryEx.cpp-L0222)  ProcessName:python3.12(40972)     Description:[LoadCtiLibInter]Load CTI failed! CTI path[/opt/MVS/lib/aarch64/MvFGProducerCML.cti], nRet[0x8000000c]
Error   2026-06-06 17:22:39:114  DevID:  Source-Line:libMvCameraControl.so(FGDeviceEnumerator.cpp-L0103)  ProcessName:python3.12(40972)     Description:[EnumInterfaceInter]EnumInterfaces failed! Ret[0x8000000c], TLayerType[0x4], CTI[/opt/MVS/lib/aarch64/MvFGProducerCML.cti]
Error   2026-06-06 17:22:39:114  DevID:  Source-Line:libMvCameraControl.so(GenTLLoadLibraryEx.cpp-L0222)  ProcessName:python3.12(40972)     Description:[LoadCtiLibInter]Load CTI failed! CTI path[/opt/MVS/lib/aarch64/MvFGProducerXoF.cti], nRet[0x8000000c]
Error   2026-06-06 17:22:39:114  DevID:  Source-Line:libMvCameraControl.so(FGDeviceEnumerator.cpp-L0103)  ProcessName:python3.12(40972)     Description:[EnumInterfaceInter]EnumInterfaces failed! Ret[0x8000000c], TLayerType[0x10], CTI[/opt/MVS/lib/aarch64/MvFGProducerXoF.cti]
Info    2026-06-06 17:22:40:055  DevID:MV-CS050-60GC(DA6358574)  Source-Line:libMvCameraControl.so(GigEDevice.cpp-L0263)  ProcessName:python3.12(40972)     Description:[Init]GEV INFO DeviceIP[192.168.195.100], NetIP[192.168.195.254], ManufacturerInfo[Hikrobot], DeviceVersion[V4.0.30 241011 1385495], UserID[]
Info    2026-06-06 17:22:40:055  DevID:MV-CS050-60GC(DA6358574)  Source-Line:libMvCameraControl.so(MediaProcess.cpp-L0884)  ProcessName:python3.12(40972)     Description:[SetBayerCvtQuality]Set Bayer CvtQuality success! BayerCvtQuality[1]
Info    2026-06-06 17:22:40:055  DevID:MV-CS050-60GC(DA6358574)  Source-Line:libMvCameraControl.so(MediaProcess.cpp-L1732)  ProcessName:python3.12(40972)     Description:[SetBayerThreadNum]Set Bayer Thread Num success! BayerThreadNum[4]
Info    2026-06-06 17:22:40:055  DevID:MV-CS050-60GC(DA6358574)  Source-Line:libMvCameraControl.so(MediaProcess.cpp-L0884)  ProcessName:python3.12(40972)     Description:[SetBayerCvtQuality]Set Bayer CvtQuality success! BayerCvtQuality[1]
Info    2026-06-06 17:22:40:056  DevID:MV-CS050-60GC(DA6358574)  Source-Line:libMvCameraControl.so(MediaProcess.cpp-L1732)  ProcessName:python3.12(40972)     Description:[SetBayerThreadNum]Set Bayer Thread Num success! BayerThreadNum[4]
Info    2026-06-06 17:22:40:056  DevID:MV-CS050-60GC(DA6358574)  Source-Line:libMvCameraControl.so(GigEDevice.cpp-L0299)  ProcessName:python3.12(40972)     Description:[IsValidVersion]MvCameraControl Version[0x4070003], GigE SDKVersion[0x4070003], DriverVersion[0x4070001]
Info    2026-06-06 17:22:40:085  DevID:  Source-Line:libMvCameraControl.so(CacheXmlToFile.cpp-L0516)  ProcessName:python3.12(40972)     Description:[ReadCacheFile]ReadLocalFile XMLPath[SchemaVersion.1.0@Hikrobot#GEV#MV-CS050-60GC#V4.0.30 241011 1385495@XMLVersion.1.0.0.zip]
Info    2026-06-06 17:22:40:085  DevID:MV-CS050-60GC(DA6358574)  Source-Line:libMvCameraControl.so(GigEDevice.cpp-L0464)  ProcessName:python3.12(40972)     Description:[GetXmlInfo]Get GenICamXML From local File, len [0x19132] Type[1]
Info    2026-06-06 17:22:40:239  DevID:MV-CS050-60GC(DA6358574)  Source-Line:libMvCameraControl.so(GigEDevice.cpp-L0805)  ProcessName:python3.12(40972)     Description:[OpenDevice]Load XML success
Info    2026-06-06 17:22:40:242  DevID:MV-CS050-60GC(DA6358574)  Source-Line:libMvCameraControl.so(GenICamImpl.cpp-L0752)  ProcessName:python3.12(40972)     Description:[InvalidateNodes]Invalidate Nodes success
Info    2026-06-06 17:22:40:242  DevID:MV-CS050-60GC(DA6358574)  Source-Line:libMvCameraControl.so(GigEDevice.cpp-L0818)  ProcessName:python3.12(40972)     Description:[OpenDevice]Invalidate Nodes success
Info    2026-06-06 17:22:40:245  DevID:MV-CS050-60GC(DA6358574)  Source-Line:libMvCameraControl.so(StreamGrab.cpp-L0234)  ProcessName:python3.12(40972)     Description:[Open]Stream channel[0] opened
Info    2026-06-06 17:22:40:248  DevID:MV-CS050-60GC(DA6358574)  Source-Line:libMvCameraControl.so(GigEDevice.cpp-L0849)  ProcessName:python3.12(40972)     Description:[OpenDevice]Open device success! PrivilegeMode[1], SwitchoverKey[0], DeviceUptime[6027],DeviceFirmwareVersion[V4.0.30 2410111385495 24091104]
Info    2026-06-06 17:22:40:248  DevID:MV-CS050-60GC(DA6358574)  Source-Line:libMvCameraControl.so(GigEDevice.cpp-L0865)  ProcessName:python3.12(40972)     Description:[OpenDevice]OpenDevice, cost time 192.000000ms 
Info    2026-06-06 17:22:40:248  DevID:  Source-Line:libMvCameraControl.so(GenICamImpl.cpp-L2342)  ProcessName:python3.12(40972)     Description:[RecordThread]RecordThread Start, ThreadId[1363980752]
Info    2026-06-06 17:22:40:256  DevID:MV-CS050-60GC(DA6358574)  Source-Line:libMvCameraControl.so(GenICamImpl.cpp-L2373)  ProcessName:python3.12(40972)     Description:[RecordThreadProc][Record] Get BlackLevel value [64]
Info    2026-06-06 17:22:40:259  DevID:MV-CS050-60GC(DA6358574)  Source-Line:libMvCameraControl.so(GenICamImpl.cpp-L2395)  ProcessName:python3.12(40972)     Description:[RecordThreadProc][Record] Get BalanceWhiteAuto Value [1] (0:off 1:contineu; 2:once):
Info    2026-06-06 17:22:40:265  DevID:MV-CS050-60GC(DA6358574)  Source-Line:libMvCameraControl.so(GenICamImpl.cpp-L2461)  ProcessName:python3.12(40972)     Description:[RecordThreadProc][Record] Get ExposureAuto value [0]
Info    2026-06-06 17:22:41:706  DevID:MV-CS050-60GC(DA6358574)  Source-Line:libMvCameraControl.so(GenICamImpl.cpp-L2483)  ProcessName:python3.12(40972)     Description:[RecordThreadProc][Record] Get ExposureTime value [50000.000000] 
Info    2026-06-06 17:22:41:711  DevID:MV-CS050-60GC(DA6358574)  Source-Line:libMvCameraControl.so(GenICamImpl.cpp-L2504)  ProcessName:python3.12(40972)     Description:[RecordThreadProc][Record] Get GainAuto value [0] (0:off 1:contineu; 2:once):
Info    2026-06-06 17:22:41:723  DevID:MV-CS050-60GC(DA6358574)  Source-Line:libMvCameraControl.so(GenICamImpl.cpp-L2525)  ProcessName:python3.12(40972)     Description:[RecordThreadProc][Record] Get Gain value [10.016100] 
Info    2026-06-06 17:22:41:755  DevID:MV-CS050-60GC(DA6358574)  Source-Line:libMvCameraControl.so(GenICamImpl.cpp-L2546)  ProcessName:python3.12(40972)     Description:[RecordThreadProc][Record] Get PixelFormat value [17301512] :
Error   2026-06-06 17:22:41:761  DevID:MV-CS050-60GC(DA6358574)  Source-Line:libMvCameraControl.so(GenICamImpl.cpp-L1111)  ProcessName:python3.12(40972)     Description:[XML_GetNodeAccessMode]PropertyName[SeqExpEnable], Ret[0x80000100]
Error   2026-06-06 17:22:41:761  DevID:MV-CS050-60GC(DA6358574)  Source-Line:libMvCameraControl.so(XmlParse.cpp-L3037)  ProcessName:python3.12(40972)     Description:[GetBooleanValue]Get Node Value, Node does not exist, NodeName[SeqExpEnable]
Error   2026-06-06 17:22:41:761  DevID:MV-CS050-60GC(DA6358574)  Source-Line:libMvCameraControl.so(GenICamImpl.cpp-L0551)  ProcessName:python3.12(40972)     Description:[GetBoolValue]Property[SeqExpEnable], Ret[0x80000100]
Error   2026-06-06 17:22:41:761  DevID:MV-CS050-60GC(DA6358574)  Source-Line:libMvCameraControl.so(GenICamImpl.cpp-L1111)  ProcessName:python3.12(40972)     Description:[XML_GetNodeAccessMode]PropertyName[MultiLightControl], Ret[0x80000100]
Error   2026-06-06 17:22:41:761  DevID:MV-CS050-60GC(DA6358574)  Source-Line:libMvCameraControl.so(XmlParse.cpp-L2386)  ProcessName:python3.12(40972)     Description:[GetEnumValue]Get Node Value, Node does not exist, NodeName[MultiLightControl]
Error   2026-06-06 17:22:41:761  DevID:MV-CS050-60GC(DA6358574)  Source-Line:libMvCameraControl.so(GenICamImpl.cpp-L0364)  ProcessName:python3.12(40972)     Description:[GetEnumValue]Property[MultiLightControl], Ret[0x80000100]
Info    2026-06-06 17:22:41:762  DevID:MV-CS050-60GC(DA6358574)  Source-Line:libMvCameraControl.so(GigEStream.cpp-L0067)  ProcessName:python3.12(40972)     Description:[StartAcquisition][GEV]Width[2448], Height[2048], PixelFormat[0x1080008], PayloadSize[5013504], ChunkCount[100], CompressMode[0], DeviceUptime[6028]
Info    2026-06-06 17:22:41:774  DevID:MV-CS050-60GC(DA6358574)  Source-Line:libMvCameraControl.so(GenICamImpl.cpp-L2609)  ProcessName:python3.12(40972)     Description:[RecordThreadProc][Record] Get UserSetCurrent value [0]
Info    2026-06-06 17:22:41:776  DevID:MV-CS050-60GC(DA6358574)  Source-Line:libMvCameraControl.so(StreamGrab.cpp-L0869)  ProcessName:python3.12(40972)     Description:[StartGrabbing]StreamChannel[0], Start grabbing success, There is no registration callback.
Info    2026-06-06 17:22:41:778  DevID:MV-CS050-60GC(DA6358574)  Source-Line:libMvCameraControl.so(GenICamImpl.cpp-L2630)  ProcessName:python3.12(40972)     Description:[RecordThreadProc][Record] Get UserSetSelector value [0] 
Info    2026-06-06 17:22:41:779  DevID:MV-CS050-60GC(DA6358574)  Source-Line:libMvCameraControl.so(GenICamImpl.cpp-L2651)  ProcessName:python3.12(40972)     Description:[RecordThreadProc][Record] Get UserSetDefault value[0]
Info    2026-06-06 17:22:41:779  DevID:  Source-Line:libMvCameraControl.so(GenICamImpl.cpp-L2347)  ProcessName:python3.12(40972)     Description:[RecordThread]RecordThread End, ThreadId[1363980752]
Info    2026-06-06 17:24:16:883  DevID:MV-CS050-60GC(DA6358574)  Source-Line:libMvCameraControl.so(StreamGrab.cpp-L0934)  ProcessName:python3.12(40972)     Description:[StopGrabbing]Stop grabbing success! DeviceUptime[6124]
Info    2026-06-06 17:24:16:883  DevID:MV-CS050-60GC(DA6358574)  Source-Line:libMvCameraControl.so(GigEDevice.cpp-L0648)  ProcessName:python3.12(40972)     Description:[CloseGigEDevice] Close device begin!
Error   2026-06-06 17:24:16:883  DevID:MV-CS050-60GC(DA6358574)  Source-Line:libMvCameraControl.so(StreamGrab.cpp-L0882)  ProcessName:python3.12(40972)     Description:[StopGrabbing]StreamChannel[0], bGrabbing[0], pDevStream[0xaaaaebcd0b40]
Info    2026-06-06 17:24:16:883  DevID:MV-CS050-60GC(DA6358574)  Source-Line:libMvCameraControl.so(StreamGrab.cpp-L0270)  ProcessName:python3.12(40972)     Description:[Close]Stream channel[0] closed
Info    2026-06-06 17:24:16:884  DevID:MV-CS050-60GC(DA6358574)  Source-Line:libMvCameraControl.so(GigEDevice.cpp-L0665)  ProcessName:python3.12(40972)     Description:[CloseGigEDevice]DeviceUptime[6124]
Info    2026-06-06 17:24:16:992  DevID:MV-CS050-60GC(DA6358574)  Source-Line:libMvCameraControl.so(GigEDevice.cpp-L0687)  ProcessName:python3.12(40972)     Description:[CloseGigEDevice]Close device success!
Info    2026-06-06 17:24:16:992  DevID:MV-CS050-60GC(DA6358574)  Source-Line:libMvCameraControl.so(GigEDeviceEvent.cpp-L0046)  ProcessName:python3.12(40972)     Description:[Deinit]GigEDeviceEvent Deinit  RecvAllEvent  [0],
Info    2026-06-06 17:24:16:001  DevID:  Source-Line:libMvCameraControl.so(GigELoadLibrary.cpp-L1732)  ProcessName:python3.12(40972)     Description:[UnloadGigEAllFunctions]UnLoad MVGigEVisionSDK success
Info    2026-06-06 17:24:16:001  DevID:  Source-Line:libMvCameraControl.so(U3VLoadLibrary.cpp-L0931)  ProcessName:python3.12(40972)     Description:[UnloadU3VAllFunctions]UnLoad MvUsb3vTLDLL success
Error   2026-06-06 17:29:30:778  DevID:  Source-Line:libMvCameraControl.so(GenTLLoadLibraryEx.cpp-L0222)  ProcessName:python3.12(43260)     Description:[LoadCtiLibInter]Load CTI failed! CTI path[/opt/MVS/lib/aarch64/libMvProducerVIR.so], nRet[0x8000000c]
Error   2026-06-06 17:29:30:778  DevID:  Source-Line:libMvCameraControl.so(GenTLLoadLibraryEx.cpp-L0222)  ProcessName:python3.12(43260)     Description:[LoadCtiLibInter]Load CTI failed! CTI path[/opt/MVS/lib/aarch64/libMvProducerVIR.so], nRet[0x8000000c]
Error   2026-06-06 17:29:30:778  DevID:  Source-Line:libMvCameraControl.so(GenTLLoadLibraryEx.cpp-L0222)  ProcessName:python3.12(43260)     Description:[LoadCtiLibInter]Load CTI failed! CTI path[/opt/MVS/lib/aarch64/MvFGProducerGEV.cti], nRet[0x8000000c]
Info    2026-06-06 17:29:30:778  DevID:  Source-Line:libMvCameraControl.so(GigELoadLibrary.cpp-L1607)  ProcessName:python3.12(43260)     Description:[LoadGigEAllFunctions]Load MVGigEVisionSDK success
Error   2026-06-06 17:29:30:778  DevID:  Source-Line:libMvCameraControl.so(FGDeviceEnumerator.cpp-L0103)  ProcessName:python3.12(43260)     Description:[EnumInterfaceInter]EnumInterfaces failed! Ret[0x8000000c], TLayerType[0x1], CTI[/opt/MVS/lib/aarch64/MvFGProducerGEV.cti]
Error   2026-06-06 17:29:30:778  DevID:  Source-Line:libMvCameraControl.so(GenTLLoadLibraryEx.cpp-L0222)  ProcessName:python3.12(43260)     Description:[LoadCtiLibInter]Load CTI failed! CTI path[/opt/MVS/lib/aarch64/MvFGProducerCXP.cti], nRet[0x8000000c]
Error   2026-06-06 17:29:30:778  DevID:  Source-Line:libMvCameraControl.so(FGDeviceEnumerator.cpp-L0103)  ProcessName:python3.12(43260)     Description:[EnumInterfaceInter]EnumInterfaces failed! Ret[0x8000000c], TLayerType[0x8], CTI[/opt/MVS/lib/aarch64/MvFGProducerCXP.cti]
Error   2026-06-06 17:29:30:778  DevID:  Source-Line:libMvCameraControl.so(GenTLLoadLibraryEx.cpp-L0222)  ProcessName:python3.12(43260)     Description:[LoadCtiLibInter]Load CTI failed! CTI path[/opt/MVS/lib/aarch64/MvFGProducerCML.cti], nRet[0x8000000c]
Error   2026-06-06 17:29:30:778  DevID:  Source-Line:libMvCameraControl.so(FGDeviceEnumerator.cpp-L0103)  ProcessName:python3.12(43260)     Description:[EnumInterfaceInter]EnumInterfaces failed! Ret[0x8000000c], TLayerType[0x4], CTI[/opt/MVS/lib/aarch64/MvFGProducerCML.cti]
Error   2026-06-06 17:29:30:779  DevID:  Source-Line:libMvCameraControl.so(GenTLLoadLibraryEx.cpp-L0222)  ProcessName:python3.12(43260)     Description:[LoadCtiLibInter]Load CTI failed! CTI path[/opt/MVS/lib/aarch64/MvFGProducerXoF.cti], nRet[0x8000000c]
Error   2026-06-06 17:29:30:779  DevID:  Source-Line:libMvCameraControl.so(FGDeviceEnumerator.cpp-L0103)  ProcessName:python3.12(43260)     Description:[EnumInterfaceInter]EnumInterfaces failed! Ret[0x8000000c], TLayerType[0x10], CTI[/opt/MVS/lib/aarch64/MvFGProducerXoF.cti]
Info    2026-06-06 17:29:32:057  DevID:MV-CS050-60GC(DA6358574)  Source-Line:libMvCameraControl.so(GigEDevice.cpp-L0263)  ProcessName:python3.12(43260)     Description:[Init]GEV INFO DeviceIP[192.168.195.100], NetIP[192.168.195.254], ManufacturerInfo[Hikrobot], DeviceVersion[V4.0.30 241011 1385495], UserID[]
Info    2026-06-06 17:29:32:057  DevID:MV-CS050-60GC(DA6358574)  Source-Line:libMvCameraControl.so(MediaProcess.cpp-L0884)  ProcessName:python3.12(43260)     Description:[SetBayerCvtQuality]Set Bayer CvtQuality success! BayerCvtQuality[1]
Info    2026-06-06 17:29:32:057  DevID:MV-CS050-60GC(DA6358574)  Source-Line:libMvCameraControl.so(MediaProcess.cpp-L1732)  ProcessName:python3.12(43260)     Description:[SetBayerThreadNum]Set Bayer Thread Num success! BayerThreadNum[4]
Info    2026-06-06 17:29:32:057  DevID:MV-CS050-60GC(DA6358574)  Source-Line:libMvCameraControl.so(MediaProcess.cpp-L0884)  ProcessName:python3.12(43260)     Description:[SetBayerCvtQuality]Set Bayer CvtQuality success! BayerCvtQuality[1]
Info    2026-06-06 17:29:32:057  DevID:MV-CS050-60GC(DA6358574)  Source-Line:libMvCameraControl.so(MediaProcess.cpp-L1732)  ProcessName:python3.12(43260)     Description:[SetBayerThreadNum]Set Bayer Thread Num success! BayerThreadNum[4]
Info    2026-06-06 17:29:32:057  DevID:MV-CS050-60GC(DA6358574)  Source-Line:libMvCameraControl.so(GigEDevice.cpp-L0299)  ProcessName:python3.12(43260)     Description:[IsValidVersion]MvCameraControl Version[0x4070003], GigE SDKVersion[0x4070003], DriverVersion[0x4070001]
Info    2026-06-06 17:29:32:088  DevID:  Source-Line:libMvCameraControl.so(CacheXmlToFile.cpp-L0516)  ProcessName:python3.12(43260)     Description:[ReadCacheFile]ReadLocalFile XMLPath[SchemaVersion.1.0@Hikrobot#GEV#MV-CS050-60GC#V4.0.30 241011 1385495@XMLVersion.1.0.0.zip]
Info    2026-06-06 17:29:32:088  DevID:MV-CS050-60GC(DA6358574)  Source-Line:libMvCameraControl.so(GigEDevice.cpp-L0464)  ProcessName:python3.12(43260)     Description:[GetXmlInfo]Get GenICamXML From local File, len [0x19132] Type[1]
Info    2026-06-06 17:29:32:268  DevID:MV-CS050-60GC(DA6358574)  Source-Line:libMvCameraControl.so(GigEDevice.cpp-L0805)  ProcessName:python3.12(43260)     Description:[OpenDevice]Load XML success
Info    2026-06-06 17:29:32:271  DevID:MV-CS050-60GC(DA6358574)  Source-Line:libMvCameraControl.so(GenICamImpl.cpp-L0752)  ProcessName:python3.12(43260)     Description:[InvalidateNodes]Invalidate Nodes success
Info    2026-06-06 17:29:32:271  DevID:MV-CS050-60GC(DA6358574)  Source-Line:libMvCameraControl.so(GigEDevice.cpp-L0818)  ProcessName:python3.12(43260)     Description:[OpenDevice]Invalidate Nodes success
Info    2026-06-06 17:29:32:274  DevID:MV-CS050-60GC(DA6358574)  Source-Line:libMvCameraControl.so(StreamGrab.cpp-L0234)  ProcessName:python3.12(43260)     Description:[Open]Stream channel[0] opened
Info    2026-06-06 17:29:32:276  DevID:MV-CS050-60GC(DA6358574)  Source-Line:libMvCameraControl.so(GigEDevice.cpp-L0849)  ProcessName:python3.12(43260)     Description:[OpenDevice]Open device success! PrivilegeMode[1], SwitchoverKey[0], DeviceUptime[6439],DeviceFirmwareVersion[V4.0.30 2410111385495 24091104]
Info    2026-06-06 17:29:32:277  DevID:MV-CS050-60GC(DA6358574)  Source-Line:libMvCameraControl.so(GigEDevice.cpp-L0865)  ProcessName:python3.12(43260)     Description:[OpenDevice]OpenDevice, cost time 219.000000ms 
Info    2026-06-06 17:29:32:277  DevID:  Source-Line:libMvCameraControl.so(GenICamImpl.cpp-L2342)  ProcessName:python3.12(43260)     Description:[RecordThread]RecordThread Start, ThreadId[656253392]
Info    2026-06-06 17:29:32:284  DevID:MV-CS050-60GC(DA6358574)  Source-Line:libMvCameraControl.so(GenICamImpl.cpp-L2373)  ProcessName:python3.12(43260)     Description:[RecordThreadProc][Record] Get BlackLevel value [64]
Info    2026-06-06 17:29:32:286  DevID:MV-CS050-60GC(DA6358574)  Source-Line:libMvCameraControl.so(GenICamImpl.cpp-L2395)  ProcessName:python3.12(43260)     Description:[RecordThreadProc][Record] Get BalanceWhiteAuto Value [1] (0:off 1:contineu; 2:once):
Info    2026-06-06 17:29:33:724  DevID:MV-CS050-60GC(DA6358574)  Source-Line:libMvCameraControl.so(GenICamImpl.cpp-L2461)  ProcessName:python3.12(43260)     Description:[RecordThreadProc][Record] Get ExposureAuto value [0]
Info    2026-06-06 17:29:33:733  DevID:MV-CS050-60GC(DA6358574)  Source-Line:libMvCameraControl.so(GenICamImpl.cpp-L2483)  ProcessName:python3.12(43260)     Description:[RecordThreadProc][Record] Get ExposureTime value [50000.000000] 
Info    2026-06-06 17:29:33:740  DevID:MV-CS050-60GC(DA6358574)  Source-Line:libMvCameraControl.so(GenICamImpl.cpp-L2504)  ProcessName:python3.12(43260)     Description:[RecordThreadProc][Record] Get GainAuto value [0] (0:off 1:contineu; 2:once):
Error   2026-06-06 17:29:33:774  DevID:MV-CS050-60GC(DA6358574)  Source-Line:libMvCameraControl.so(GenICamImpl.cpp-L1111)  ProcessName:python3.12(43260)     Description:[XML_GetNodeAccessMode]PropertyName[SeqExpEnable], Ret[0x80000100]
Error   2026-06-06 17:29:33:774  DevID:MV-CS050-60GC(DA6358574)  Source-Line:libMvCameraControl.so(XmlParse.cpp-L3037)  ProcessName:python3.12(43260)     Description:[GetBooleanValue]Get Node Value, Node does not exist, NodeName[SeqExpEnable]
Error   2026-06-06 17:29:33:774  DevID:MV-CS050-60GC(DA6358574)  Source-Line:libMvCameraControl.so(GenICamImpl.cpp-L0551)  ProcessName:python3.12(43260)     Description:[GetBoolValue]Property[SeqExpEnable], Ret[0x80000100]
Error   2026-06-06 17:29:33:774  DevID:MV-CS050-60GC(DA6358574)  Source-Line:libMvCameraControl.so(GenICamImpl.cpp-L1111)  ProcessName:python3.12(43260)     Description:[XML_GetNodeAccessMode]PropertyName[MultiLightControl], Ret[0x80000100]
Error   2026-06-06 17:29:33:774  DevID:MV-CS050-60GC(DA6358574)  Source-Line:libMvCameraControl.so(XmlParse.cpp-L2386)  ProcessName:python3.12(43260)     Description:[GetEnumValue]Get Node Value, Node does not exist, NodeName[MultiLightControl]
Error   2026-06-06 17:29:33:774  DevID:MV-CS050-60GC(DA6358574)  Source-Line:libMvCameraControl.so(GenICamImpl.cpp-L0364)  ProcessName:python3.12(43260)     Description:[GetEnumValue]Property[MultiLightControl], Ret[0x80000100]
Info    2026-06-06 17:29:33:775  DevID:MV-CS050-60GC(DA6358574)  Source-Line:libMvCameraControl.so(GigEStream.cpp-L0067)  ProcessName:python3.12(43260)     Description:[StartAcquisition][GEV]Width[2448], Height[2048], PixelFormat[0x1080008], PayloadSize[5013504], ChunkCount[100], CompressMode[0], DeviceUptime[6440]
Info    2026-06-06 17:29:33:786  DevID:MV-CS050-60GC(DA6358574)  Source-Line:libMvCameraControl.so(GenICamImpl.cpp-L2525)  ProcessName:python3.12(43260)     Description:[RecordThreadProc][Record] Get Gain value [10.016100] 
Info    2026-06-06 17:29:33:787  DevID:MV-CS050-60GC(DA6358574)  Source-Line:libMvCameraControl.so(GenICamImpl.cpp-L2546)  ProcessName:python3.12(43260)     Description:[RecordThreadProc][Record] Get PixelFormat value [17301512] :
Info    2026-06-06 17:29:33:792  DevID:MV-CS050-60GC(DA6358574)  Source-Line:libMvCameraControl.so(GenICamImpl.cpp-L2609)  ProcessName:python3.12(43260)     Description:[RecordThreadProc][Record] Get UserSetCurrent value [0]
Info    2026-06-06 17:29:33:794  DevID:MV-CS050-60GC(DA6358574)  Source-Line:libMvCameraControl.so(StreamGrab.cpp-L0869)  ProcessName:python3.12(43260)     Description:[StartGrabbing]StreamChannel[0], Start grabbing success, There is no registration callback.
Info    2026-06-06 17:29:33:797  DevID:MV-CS050-60GC(DA6358574)  Source-Line:libMvCameraControl.so(GenICamImpl.cpp-L2630)  ProcessName:python3.12(43260)     Description:[RecordThreadProc][Record] Get UserSetSelector value [0] 
Info    2026-06-06 17:29:33:798  DevID:MV-CS050-60GC(DA6358574)  Source-Line:libMvCameraControl.so(GenICamImpl.cpp-L2651)  ProcessName:python3.12(43260)     Description:[RecordThreadProc][Record] Get UserSetDefault value[0]
Info    2026-06-06 17:29:33:798  DevID:  Source-Line:libMvCameraControl.so(GenICamImpl.cpp-L2347)  ProcessName:python3.12(43260)     Description:[RecordThread]RecordThread End, ThreadId[656253392]
Info    2026-06-06 17:30:49:027  DevID:MV-CS050-60GC(DA6358574)  Source-Line:libMvCameraControl.so(StreamGrab.cpp-L0934)  ProcessName:python3.12(43260)     Description:[StopGrabbing]Stop grabbing success! DeviceUptime[6516]
Info    2026-06-06 17:30:49:027  DevID:MV-CS050-60GC(DA6358574)  Source-Line:libMvCameraControl.so(GigEDevice.cpp-L0648)  ProcessName:python3.12(43260)     Description:[CloseGigEDevice] Close device begin!
Error   2026-06-06 17:30:49:027  DevID:MV-CS050-60GC(DA6358574)  Source-Line:libMvCameraControl.so(StreamGrab.cpp-L0882)  ProcessName:python3.12(43260)     Description:[StopGrabbing]StreamChannel[0], bGrabbing[0], pDevStream[0xaaab1fb5eb40]
Info    2026-06-06 17:30:49:027  DevID:MV-CS050-60GC(DA6358574)  Source-Line:libMvCameraControl.so(StreamGrab.cpp-L0270)  ProcessName:python3.12(43260)     Description:[Close]Stream channel[0] closed
Info    2026-06-06 17:30:49:028  DevID:MV-CS050-60GC(DA6358574)  Source-Line:libMvCameraControl.so(GigEDevice.cpp-L0665)  ProcessName:python3.12(43260)     Description:[CloseGigEDevice]DeviceUptime[6516]
Info    2026-06-06 17:30:49:135  DevID:MV-CS050-60GC(DA6358574)  Source-Line:libMvCameraControl.so(GigEDevice.cpp-L0687)  ProcessName:python3.12(43260)     Description:[CloseGigEDevice]Close device success!
Info    2026-06-06 17:30:49:135  DevID:MV-CS050-60GC(DA6358574)  Source-Line:libMvCameraControl.so(GigEDeviceEvent.cpp-L0046)  ProcessName:python3.12(43260)     Description:[Deinit]GigEDeviceEvent Deinit  RecvAllEvent  [0],
Info    2026-06-06 17:30:49:149  DevID:  Source-Line:libMvCameraControl.so(GigELoadLibrary.cpp-L1732)  ProcessName:python3.12(43260)     Description:[UnloadGigEAllFunctions]UnLoad MVGigEVisionSDK success
Info    2026-06-06 17:30:49:150  DevID:  Source-Line:libMvCameraControl.so(U3VLoadLibrary.cpp-L0931)  ProcessName:python3.12(43260)     Description:[UnloadU3VAllFunctions]UnLoad MvUsb3vTLDLL success
Error   2026-06-06 17:33:14:383  DevID:  Source-Line:libMvCameraControl.so(GenTLLoadLibraryEx.cpp-L0222)  ProcessName:python3.12(44414)     Description:[LoadCtiLibInter]Load CTI failed! CTI path[/opt/MVS/lib/aarch64/libMvProducerVIR.so], nRet[0x8000000c]
Error   2026-06-06 17:33:14:384  DevID:  Source-Line:libMvCameraControl.so(GenTLLoadLibraryEx.cpp-L0222)  ProcessName:python3.12(44414)     Description:[LoadCtiLibInter]Load CTI failed! CTI path[/opt/MVS/lib/aarch64/libMvProducerVIR.so], nRet[0x8000000c]
Error   2026-06-06 17:33:14:384  DevID:  Source-Line:libMvCameraControl.so(GenTLLoadLibraryEx.cpp-L0222)  ProcessName:python3.12(44414)     Description:[LoadCtiLibInter]Load CTI failed! CTI path[/opt/MVS/lib/aarch64/MvFGProducerGEV.cti], nRet[0x8000000c]
Error   2026-06-06 17:33:14:384  DevID:  Source-Line:libMvCameraControl.so(FGDeviceEnumerator.cpp-L0103)  ProcessName:python3.12(44414)     Description:[EnumInterfaceInter]EnumInterfaces failed! Ret[0x8000000c], TLayerType[0x1], CTI[/opt/MVS/lib/aarch64/MvFGProducerGEV.cti]
Error   2026-06-06 17:33:14:384  DevID:  Source-Line:libMvCameraControl.so(GenTLLoadLibraryEx.cpp-L0222)  ProcessName:python3.12(44414)     Description:[LoadCtiLibInter]Load CTI failed! CTI path[/opt/MVS/lib/aarch64/MvFGProducerCXP.cti], nRet[0x8000000c]
Info    2026-06-06 17:33:14:384  DevID:  Source-Line:libMvCameraControl.so(GigELoadLibrary.cpp-L1607)  ProcessName:python3.12(44414)     Description:[LoadGigEAllFunctions]Load MVGigEVisionSDK success
Error   2026-06-06 17:33:14:384  DevID:  Source-Line:libMvCameraControl.so(FGDeviceEnumerator.cpp-L0103)  ProcessName:python3.12(44414)     Description:[EnumInterfaceInter]EnumInterfaces failed! Ret[0x8000000c], TLayerType[0x8], CTI[/opt/MVS/lib/aarch64/MvFGProducerCXP.cti]
Error   2026-06-06 17:33:14:384  DevID:  Source-Line:libMvCameraControl.so(GenTLLoadLibraryEx.cpp-L0222)  ProcessName:python3.12(44414)     Description:[LoadCtiLibInter]Load CTI failed! CTI path[/opt/MVS/lib/aarch64/MvFGProducerCML.cti], nRet[0x8000000c]
Error   2026-06-06 17:33:14:384  DevID:  Source-Line:libMvCameraControl.so(FGDeviceEnumerator.cpp-L0103)  ProcessName:python3.12(44414)     Description:[EnumInterfaceInter]EnumInterfaces failed! Ret[0x8000000c], TLayerType[0x4], CTI[/opt/MVS/lib/aarch64/MvFGProducerCML.cti]
Error   2026-06-06 17:33:14:384  DevID:  Source-Line:libMvCameraControl.so(GenTLLoadLibraryEx.cpp-L0222)  ProcessName:python3.12(44414)     Description:[LoadCtiLibInter]Load CTI failed! CTI path[/opt/MVS/lib/aarch64/MvFGProducerXoF.cti], nRet[0x8000000c]
Error   2026-06-06 17:33:14:384  DevID:  Source-Line:libMvCameraControl.so(FGDeviceEnumerator.cpp-L0103)  ProcessName:python3.12(44414)     Description:[EnumInterfaceInter]EnumInterfaces failed! Ret[0x8000000c], TLayerType[0x10], CTI[/opt/MVS/lib/aarch64/MvFGProducerXoF.cti]
Info    2026-06-06 17:33:15:938  DevID:MV-CS050-60GC(DA6358574)  Source-Line:libMvCameraControl.so(GigEDevice.cpp-L0263)  ProcessName:python3.12(44414)     Description:[Init]GEV INFO DeviceIP[192.168.195.100], NetIP[192.168.195.254], ManufacturerInfo[Hikrobot], DeviceVersion[V4.0.30 241011 1385495], UserID[]
Info    2026-06-06 17:33:15:938  DevID:MV-CS050-60GC(DA6358574)  Source-Line:libMvCameraControl.so(MediaProcess.cpp-L0884)  ProcessName:python3.12(44414)     Description:[SetBayerCvtQuality]Set Bayer CvtQuality success! BayerCvtQuality[1]
Info    2026-06-06 17:33:15:938  DevID:MV-CS050-60GC(DA6358574)  Source-Line:libMvCameraControl.so(MediaProcess.cpp-L1732)  ProcessName:python3.12(44414)     Description:[SetBayerThreadNum]Set Bayer Thread Num success! BayerThreadNum[4]
Info    2026-06-06 17:33:15:938  DevID:MV-CS050-60GC(DA6358574)  Source-Line:libMvCameraControl.so(MediaProcess.cpp-L0884)  ProcessName:python3.12(44414)     Description:[SetBayerCvtQuality]Set Bayer CvtQuality success! BayerCvtQuality[1]
Info    2026-06-06 17:33:15:938  DevID:MV-CS050-60GC(DA6358574)  Source-Line:libMvCameraControl.so(MediaProcess.cpp-L1732)  ProcessName:python3.12(44414)     Description:[SetBayerThreadNum]Set Bayer Thread Num success! BayerThreadNum[4]
Info    2026-06-06 17:33:15:938  DevID:MV-CS050-60GC(DA6358574)  Source-Line:libMvCameraControl.so(GigEDevice.cpp-L0299)  ProcessName:python3.12(44414)     Description:[IsValidVersion]MvCameraControl Version[0x4070003], GigE SDKVersion[0x4070003], DriverVersion[0x4070001]
Info    2026-06-06 17:33:15:969  DevID:  Source-Line:libMvCameraControl.so(CacheXmlToFile.cpp-L0516)  ProcessName:python3.12(44414)     Description:[ReadCacheFile]ReadLocalFile XMLPath[SchemaVersion.1.0@Hikrobot#GEV#MV-CS050-60GC#V4.0.30 241011 1385495@XMLVersion.1.0.0.zip]
Info    2026-06-06 17:33:15:969  DevID:MV-CS050-60GC(DA6358574)  Source-Line:libMvCameraControl.so(GigEDevice.cpp-L0464)  ProcessName:python3.12(44414)     Description:[GetXmlInfo]Get GenICamXML From local File, len [0x19132] Type[1]
Info    2026-06-06 17:33:16:140  DevID:MV-CS050-60GC(DA6358574)  Source-Line:libMvCameraControl.so(GigEDevice.cpp-L0805)  ProcessName:python3.12(44414)     Description:[OpenDevice]Load XML success
Info    2026-06-06 17:33:16:142  DevID:MV-CS050-60GC(DA6358574)  Source-Line:libMvCameraControl.so(GenICamImpl.cpp-L0752)  ProcessName:python3.12(44414)     Description:[InvalidateNodes]Invalidate Nodes success
Info    2026-06-06 17:33:16:142  DevID:MV-CS050-60GC(DA6358574)  Source-Line:libMvCameraControl.so(GigEDevice.cpp-L0818)  ProcessName:python3.12(44414)     Description:[OpenDevice]Invalidate Nodes success
Info    2026-06-06 17:33:16:145  DevID:MV-CS050-60GC(DA6358574)  Source-Line:libMvCameraControl.so(StreamGrab.cpp-L0234)  ProcessName:python3.12(44414)     Description:[Open]Stream channel[0] opened
Info    2026-06-06 17:33:16:148  DevID:MV-CS050-60GC(DA6358574)  Source-Line:libMvCameraControl.so(GigEDevice.cpp-L0849)  ProcessName:python3.12(44414)     Description:[OpenDevice]Open device success! PrivilegeMode[1], SwitchoverKey[0], DeviceUptime[6663],DeviceFirmwareVersion[V4.0.30 2410111385495 24091104]
Info    2026-06-06 17:33:16:148  DevID:MV-CS050-60GC(DA6358574)  Source-Line:libMvCameraControl.so(GigEDevice.cpp-L0865)  ProcessName:python3.12(44414)     Description:[OpenDevice]OpenDevice, cost time 210.000000ms 
Info    2026-06-06 17:33:16:148  DevID:  Source-Line:libMvCameraControl.so(GenICamImpl.cpp-L2342)  ProcessName:python3.12(44414)     Description:[RecordThread]RecordThread Start, ThreadId[834372048]
Info    2026-06-06 17:33:16:155  DevID:MV-CS050-60GC(DA6358574)  Source-Line:libMvCameraControl.so(GenICamImpl.cpp-L2373)  ProcessName:python3.12(44414)     Description:[RecordThreadProc][Record] Get BlackLevel value [64]
Info    2026-06-06 17:33:17:591  DevID:MV-CS050-60GC(DA6358574)  Source-Line:libMvCameraControl.so(GenICamImpl.cpp-L2395)  ProcessName:python3.12(44414)     Description:[RecordThreadProc][Record] Get BalanceWhiteAuto Value [1] (0:off 1:contineu; 2:once):
Info    2026-06-06 17:33:17:596  DevID:MV-CS050-60GC(DA6358574)  Source-Line:libMvCameraControl.so(GenICamImpl.cpp-L2461)  ProcessName:python3.12(44414)     Description:[RecordThreadProc][Record] Get ExposureAuto value [0]
Info    2026-06-06 17:33:17:605  DevID:MV-CS050-60GC(DA6358574)  Source-Line:libMvCameraControl.so(GenICamImpl.cpp-L2483)  ProcessName:python3.12(44414)     Description:[RecordThreadProc][Record] Get ExposureTime value [50000.000000] 
Info    2026-06-06 17:33:17:614  DevID:MV-CS050-60GC(DA6358574)  Source-Line:libMvCameraControl.so(GenICamImpl.cpp-L2504)  ProcessName:python3.12(44414)     Description:[RecordThreadProc][Record] Get GainAuto value [0] (0:off 1:contineu; 2:once):
Error   2026-06-06 17:33:17:647  DevID:MV-CS050-60GC(DA6358574)  Source-Line:libMvCameraControl.so(GenICamImpl.cpp-L1111)  ProcessName:python3.12(44414)     Description:[XML_GetNodeAccessMode]PropertyName[SeqExpEnable], Ret[0x80000100]
Error   2026-06-06 17:33:17:647  DevID:MV-CS050-60GC(DA6358574)  Source-Line:libMvCameraControl.so(XmlParse.cpp-L3037)  ProcessName:python3.12(44414)     Description:[GetBooleanValue]Get Node Value, Node does not exist, NodeName[SeqExpEnable]
Error   2026-06-06 17:33:17:647  DevID:MV-CS050-60GC(DA6358574)  Source-Line:libMvCameraControl.so(GenICamImpl.cpp-L0551)  ProcessName:python3.12(44414)     Description:[GetBoolValue]Property[SeqExpEnable], Ret[0x80000100]
Error   2026-06-06 17:33:17:647  DevID:MV-CS050-60GC(DA6358574)  Source-Line:libMvCameraControl.so(GenICamImpl.cpp-L1111)  ProcessName:python3.12(44414)     Description:[XML_GetNodeAccessMode]PropertyName[MultiLightControl], Ret[0x80000100]
Error   2026-06-06 17:33:17:647  DevID:MV-CS050-60GC(DA6358574)  Source-Line:libMvCameraControl.so(XmlParse.cpp-L2386)  ProcessName:python3.12(44414)     Description:[GetEnumValue]Get Node Value, Node does not exist, NodeName[MultiLightControl]
Error   2026-06-06 17:33:17:647  DevID:MV-CS050-60GC(DA6358574)  Source-Line:libMvCameraControl.so(GenICamImpl.cpp-L0364)  ProcessName:python3.12(44414)     Description:[GetEnumValue]Property[MultiLightControl], Ret[0x80000100]
Info    2026-06-06 17:33:17:647  DevID:MV-CS050-60GC(DA6358574)  Source-Line:libMvCameraControl.so(GigEStream.cpp-L0067)  ProcessName:python3.12(44414)     Description:[StartAcquisition][GEV]Width[2448], Height[2048], PixelFormat[0x1080008], PayloadSize[5013504], ChunkCount[100], CompressMode[0], DeviceUptime[6664]
Info    2026-06-06 17:33:17:660  DevID:MV-CS050-60GC(DA6358574)  Source-Line:libMvCameraControl.so(GenICamImpl.cpp-L2525)  ProcessName:python3.12(44414)     Description:[RecordThreadProc][Record] Get Gain value [10.016100] 
Info    2026-06-06 17:33:17:662  DevID:MV-CS050-60GC(DA6358574)  Source-Line:libMvCameraControl.so(StreamGrab.cpp-L0869)  ProcessName:python3.12(44414)     Description:[StartGrabbing]StreamChannel[0], Start grabbing success, There is no registration callback.
Info    2026-06-06 17:33:17:663  DevID:MV-CS050-60GC(DA6358574)  Source-Line:libMvCameraControl.so(GenICamImpl.cpp-L2546)  ProcessName:python3.12(44414)     Description:[RecordThreadProc][Record] Get PixelFormat value [17301512] :
Info    2026-06-06 17:33:17:668  DevID:MV-CS050-60GC(DA6358574)  Source-Line:libMvCameraControl.so(GenICamImpl.cpp-L2609)  ProcessName:python3.12(44414)     Description:[RecordThreadProc][Record] Get UserSetCurrent value [0]
Info    2026-06-06 17:33:17:670  DevID:MV-CS050-60GC(DA6358574)  Source-Line:libMvCameraControl.so(GenICamImpl.cpp-L2630)  ProcessName:python3.12(44414)     Description:[RecordThreadProc][Record] Get UserSetSelector value [0] 
Info    2026-06-06 17:33:17:671  DevID:MV-CS050-60GC(DA6358574)  Source-Line:libMvCameraControl.so(GenICamImpl.cpp-L2651)  ProcessName:python3.12(44414)     Description:[RecordThreadProc][Record] Get UserSetDefault value[0]
Info    2026-06-06 17:33:17:671  DevID:  Source-Line:libMvCameraControl.so(GenICamImpl.cpp-L2347)  ProcessName:python3.12(44414)     Description:[RecordThread]RecordThread End, ThreadId[834372048]
Info    2026-06-06 17:41:52:399  DevID:MV-CS050-60GC(DA6358574)  Source-Line:libMvCameraControl.so(StreamGrab.cpp-L0934)  ProcessName:python3.12(44414)     Description:[StopGrabbing]Stop grabbing success! DeviceUptime[7179]
Info    2026-06-06 17:41:52:399  DevID:MV-CS050-60GC(DA6358574)  Source-Line:libMvCameraControl.so(GigEDevice.cpp-L0648)  ProcessName:python3.12(44414)     Description:[CloseGigEDevice] Close device begin!
Error   2026-06-06 17:41:52:399  DevID:MV-CS050-60GC(DA6358574)  Source-Line:libMvCameraControl.so(StreamGrab.cpp-L0882)  ProcessName:python3.12(44414)     Description:[StopGrabbing]StreamChannel[0], bGrabbing[0], pDevStream[0xaaaafece5960]
Info    2026-06-06 17:41:52:399  DevID:MV-CS050-60GC(DA6358574)  Source-Line:libMvCameraControl.so(StreamGrab.cpp-L0270)  ProcessName:python3.12(44414)     Description:[Close]Stream channel[0] closed
Info    2026-06-06 17:41:52:400  DevID:MV-CS050-60GC(DA6358574)  Source-Line:libMvCameraControl.so(GigEDevice.cpp-L0665)  ProcessName:python3.12(44414)     Description:[CloseGigEDevice]DeviceUptime[7179]
Info    2026-06-06 17:41:52:509  DevID:MV-CS050-60GC(DA6358574)  Source-Line:libMvCameraControl.so(GigEDevice.cpp-L0687)  ProcessName:python3.12(44414)     Description:[CloseGigEDevice]Close device success!
Info    2026-06-06 17:41:52:509  DevID:MV-CS050-60GC(DA6358574)  Source-Line:libMvCameraControl.so(GigEDeviceEvent.cpp-L0046)  ProcessName:python3.12(44414)     Description:[Deinit]GigEDeviceEvent Deinit  RecvAllEvent  [0],
Info    2026-06-06 17:41:52:523  DevID:  Source-Line:libMvCameraControl.so(GigELoadLibrary.cpp-L1732)  ProcessName:python3.12(44414)     Description:[UnloadGigEAllFunctions]UnLoad MVGigEVisionSDK success
Info    2026-06-06 17:41:52:523  DevID:  Source-Line:libMvCameraControl.so(U3VLoadLibrary.cpp-L0931)  ProcessName:python3.12(44414)     Description:[UnloadU3VAllFunctions]UnLoad MvUsb3vTLDLL success
Error   2026-06-06 17:45:29:445  DevID:  Source-Line:libMvCameraControl.so(GenTLLoadLibraryEx.cpp-L0222)  ProcessName:python3.12(47665)     Description:[LoadCtiLibInter]Load CTI failed! CTI path[/opt/MVS/lib/aarch64/libMvProducerVIR.so], nRet[0x8000000c]
Error   2026-06-06 17:45:29:446  DevID:  Source-Line:libMvCameraControl.so(GenTLLoadLibraryEx.cpp-L0222)  ProcessName:python3.12(47665)     Description:[LoadCtiLibInter]Load CTI failed! CTI path[/opt/MVS/lib/aarch64/libMvProducerVIR.so], nRet[0x8000000c]
Error   2026-06-06 17:45:29:446  DevID:  Source-Line:libMvCameraControl.so(GenTLLoadLibraryEx.cpp-L0222)  ProcessName:python3.12(47665)     Description:[LoadCtiLibInter]Load CTI failed! CTI path[/opt/MVS/lib/aarch64/MvFGProducerGEV.cti], nRet[0x8000000c]
Error   2026-06-06 17:45:29:446  DevID:  Source-Line:libMvCameraControl.so(FGDeviceEnumerator.cpp-L0103)  ProcessName:python3.12(47665)     Description:[EnumInterfaceInter]EnumInterfaces failed! Ret[0x8000000c], TLayerType[0x1], CTI[/opt/MVS/lib/aarch64/MvFGProducerGEV.cti]
Info    2026-06-06 17:45:29:446  DevID:  Source-Line:libMvCameraControl.so(GigELoadLibrary.cpp-L1607)  ProcessName:python3.12(47665)     Description:[LoadGigEAllFunctions]Load MVGigEVisionSDK success
Error   2026-06-06 17:45:29:446  DevID:  Source-Line:libMvCameraControl.so(GenTLLoadLibraryEx.cpp-L0222)  ProcessName:python3.12(47665)     Description:[LoadCtiLibInter]Load CTI failed! CTI path[/opt/MVS/lib/aarch64/MvFGProducerCXP.cti], nRet[0x8000000c]
Error   2026-06-06 17:45:29:446  DevID:  Source-Line:libMvCameraControl.so(FGDeviceEnumerator.cpp-L0103)  ProcessName:python3.12(47665)     Description:[EnumInterfaceInter]EnumInterfaces failed! Ret[0x8000000c], TLayerType[0x8], CTI[/opt/MVS/lib/aarch64/MvFGProducerCXP.cti]
Error   2026-06-06 17:45:29:447  DevID:  Source-Line:libMvCameraControl.so(GenTLLoadLibraryEx.cpp-L0222)  ProcessName:python3.12(47665)     Description:[LoadCtiLibInter]Load CTI failed! CTI path[/opt/MVS/lib/aarch64/MvFGProducerCML.cti], nRet[0x8000000c]
Error   2026-06-06 17:45:29:447  DevID:  Source-Line:libMvCameraControl.so(FGDeviceEnumerator.cpp-L0103)  ProcessName:python3.12(47665)     Description:[EnumInterfaceInter]EnumInterfaces failed! Ret[0x8000000c], TLayerType[0x4], CTI[/opt/MVS/lib/aarch64/MvFGProducerCML.cti]
Error   2026-06-06 17:45:29:447  DevID:  Source-Line:libMvCameraControl.so(GenTLLoadLibraryEx.cpp-L0222)  ProcessName:python3.12(47665)     Description:[LoadCtiLibInter]Load CTI failed! CTI path[/opt/MVS/lib/aarch64/MvFGProducerXoF.cti], nRet[0x8000000c]
Error   2026-06-06 17:45:29:447  DevID:  Source-Line:libMvCameraControl.so(FGDeviceEnumerator.cpp-L0103)  ProcessName:python3.12(47665)     Description:[EnumInterfaceInter]EnumInterfaces failed! Ret[0x8000000c], TLayerType[0x10], CTI[/opt/MVS/lib/aarch64/MvFGProducerXoF.cti]
Info    2026-06-06 17:45:30:167  DevID:MV-CS050-60GC(DA6358574)  Source-Line:libMvCameraControl.so(GigEDevice.cpp-L0263)  ProcessName:python3.12(47665)     Description:[Init]GEV INFO DeviceIP[192.168.195.100], NetIP[192.168.195.254], ManufacturerInfo[Hikrobot], DeviceVersion[V4.0.30 241011 1385495], UserID[]
Info    2026-06-06 17:45:30:167  DevID:MV-CS050-60GC(DA6358574)  Source-Line:libMvCameraControl.so(MediaProcess.cpp-L0884)  ProcessName:python3.12(47665)     Description:[SetBayerCvtQuality]Set Bayer CvtQuality success! BayerCvtQuality[1]
Info    2026-06-06 17:45:30:167  DevID:MV-CS050-60GC(DA6358574)  Source-Line:libMvCameraControl.so(MediaProcess.cpp-L1732)  ProcessName:python3.12(47665)     Description:[SetBayerThreadNum]Set Bayer Thread Num success! BayerThreadNum[4]
Info    2026-06-06 17:45:30:167  DevID:MV-CS050-60GC(DA6358574)  Source-Line:libMvCameraControl.so(MediaProcess.cpp-L0884)  ProcessName:python3.12(47665)     Description:[SetBayerCvtQuality]Set Bayer CvtQuality success! BayerCvtQuality[1]
Info    2026-06-06 17:45:30:167  DevID:MV-CS050-60GC(DA6358574)  Source-Line:libMvCameraControl.so(MediaProcess.cpp-L1732)  ProcessName:python3.12(47665)     Description:[SetBayerThreadNum]Set Bayer Thread Num success! BayerThreadNum[4]
Info    2026-06-06 17:45:30:168  DevID:MV-CS050-60GC(DA6358574)  Source-Line:libMvCameraControl.so(GigEDevice.cpp-L0299)  ProcessName:python3.12(47665)     Description:[IsValidVersion]MvCameraControl Version[0x4070003], GigE SDKVersion[0x4070003], DriverVersion[0x4070001]
Info    2026-06-06 17:45:30:201  DevID:  Source-Line:libMvCameraControl.so(CacheXmlToFile.cpp-L0516)  ProcessName:python3.12(47665)     Description:[ReadCacheFile]ReadLocalFile XMLPath[SchemaVersion.1.0@Hikrobot#GEV#MV-CS050-60GC#V4.0.30 241011 1385495@XMLVersion.1.0.0.zip]
Info    2026-06-06 17:45:30:201  DevID:MV-CS050-60GC(DA6358574)  Source-Line:libMvCameraControl.so(GigEDevice.cpp-L0464)  ProcessName:python3.12(47665)     Description:[GetXmlInfo]Get GenICamXML From local File, len [0x19132] Type[1]
Info    2026-06-06 17:45:30:381  DevID:MV-CS050-60GC(DA6358574)  Source-Line:libMvCameraControl.so(GigEDevice.cpp-L0805)  ProcessName:python3.12(47665)     Description:[OpenDevice]Load XML success
Info    2026-06-06 17:45:30:384  DevID:MV-CS050-60GC(DA6358574)  Source-Line:libMvCameraControl.so(GenICamImpl.cpp-L0752)  ProcessName:python3.12(47665)     Description:[InvalidateNodes]Invalidate Nodes success
Info    2026-06-06 17:45:30:384  DevID:MV-CS050-60GC(DA6358574)  Source-Line:libMvCameraControl.so(GigEDevice.cpp-L0818)  ProcessName:python3.12(47665)     Description:[OpenDevice]Invalidate Nodes success
Info    2026-06-06 17:45:30:386  DevID:MV-CS050-60GC(DA6358574)  Source-Line:libMvCameraControl.so(StreamGrab.cpp-L0234)  ProcessName:python3.12(47665)     Description:[Open]Stream channel[0] opened
Info    2026-06-06 17:45:30:388  DevID:MV-CS050-60GC(DA6358574)  Source-Line:libMvCameraControl.so(GigEDevice.cpp-L0849)  ProcessName:python3.12(47665)     Description:[OpenDevice]Open device success! PrivilegeMode[1], SwitchoverKey[0], DeviceUptime[7397],DeviceFirmwareVersion[V4.0.30 2410111385495 24091104]
Info    2026-06-06 17:45:30:388  DevID:MV-CS050-60GC(DA6358574)  Source-Line:libMvCameraControl.so(GigEDevice.cpp-L0865)  ProcessName:python3.12(47665)     Description:[OpenDevice]OpenDevice, cost time 220.000000ms 
Info    2026-06-06 17:45:30:388  DevID:  Source-Line:libMvCameraControl.so(GenICamImpl.cpp-L2342)  ProcessName:python3.12(47665)     Description:[RecordThread]RecordThread Start, ThreadId[1111888336]
Info    2026-06-06 17:45:30:395  DevID:MV-CS050-60GC(DA6358574)  Source-Line:libMvCameraControl.so(GenICamImpl.cpp-L2373)  ProcessName:python3.12(47665)     Description:[RecordThreadProc][Record] Get BlackLevel value [64]
Info    2026-06-06 17:45:31:831  DevID:MV-CS050-60GC(DA6358574)  Source-Line:libMvCameraControl.so(GenICamImpl.cpp-L2395)  ProcessName:python3.12(47665)     Description:[RecordThreadProc][Record] Get BalanceWhiteAuto Value [1] (0:off 1:contineu; 2:once):
Info    2026-06-06 17:45:31:837  DevID:MV-CS050-60GC(DA6358574)  Source-Line:libMvCameraControl.so(GenICamImpl.cpp-L2461)  ProcessName:python3.12(47665)     Description:[RecordThreadProc][Record] Get ExposureAuto value [0]
Info    2026-06-06 17:45:31:850  DevID:MV-CS050-60GC(DA6358574)  Source-Line:libMvCameraControl.so(GenICamImpl.cpp-L2483)  ProcessName:python3.12(47665)     Description:[RecordThreadProc][Record] Get ExposureTime value [50000.000000] 
Info    2026-06-06 17:45:31:881  DevID:MV-CS050-60GC(DA6358574)  Source-Line:libMvCameraControl.so(GenICamImpl.cpp-L2504)  ProcessName:python3.12(47665)     Description:[RecordThreadProc][Record] Get GainAuto value [0] (0:off 1:contineu; 2:once):
Error   2026-06-06 17:45:31:886  DevID:MV-CS050-60GC(DA6358574)  Source-Line:libMvCameraControl.so(GenICamImpl.cpp-L1111)  ProcessName:python3.12(47665)     Description:[XML_GetNodeAccessMode]PropertyName[SeqExpEnable], Ret[0x80000100]
Error   2026-06-06 17:45:31:886  DevID:MV-CS050-60GC(DA6358574)  Source-Line:libMvCameraControl.so(XmlParse.cpp-L3037)  ProcessName:python3.12(47665)     Description:[GetBooleanValue]Get Node Value, Node does not exist, NodeName[SeqExpEnable]
Error   2026-06-06 17:45:31:886  DevID:MV-CS050-60GC(DA6358574)  Source-Line:libMvCameraControl.so(GenICamImpl.cpp-L0551)  ProcessName:python3.12(47665)     Description:[GetBoolValue]Property[SeqExpEnable], Ret[0x80000100]
Error   2026-06-06 17:45:31:886  DevID:MV-CS050-60GC(DA6358574)  Source-Line:libMvCameraControl.so(GenICamImpl.cpp-L1111)  ProcessName:python3.12(47665)     Description:[XML_GetNodeAccessMode]PropertyName[MultiLightControl], Ret[0x80000100]
Error   2026-06-06 17:45:31:886  DevID:MV-CS050-60GC(DA6358574)  Source-Line:libMvCameraControl.so(XmlParse.cpp-L2386)  ProcessName:python3.12(47665)     Description:[GetEnumValue]Get Node Value, Node does not exist, NodeName[MultiLightControl]
Error   2026-06-06 17:45:31:886  DevID:MV-CS050-60GC(DA6358574)  Source-Line:libMvCameraControl.so(GenICamImpl.cpp-L0364)  ProcessName:python3.12(47665)     Description:[GetEnumValue]Property[MultiLightControl], Ret[0x80000100]
Info    2026-06-06 17:45:31:886  DevID:MV-CS050-60GC(DA6358574)  Source-Line:libMvCameraControl.so(GigEStream.cpp-L0067)  ProcessName:python3.12(47665)     Description:[StartAcquisition][GEV]Width[2448], Height[2048], PixelFormat[0x1080008], PayloadSize[5013504], ChunkCount[100], CompressMode[0], DeviceUptime[7399]
Info    2026-06-06 17:45:31:898  DevID:MV-CS050-60GC(DA6358574)  Source-Line:libMvCameraControl.so(GenICamImpl.cpp-L2525)  ProcessName:python3.12(47665)     Description:[RecordThreadProc][Record] Get Gain value [10.016100] 
Info    2026-06-06 17:45:31:900  DevID:MV-CS050-60GC(DA6358574)  Source-Line:libMvCameraControl.so(StreamGrab.cpp-L0869)  ProcessName:python3.12(47665)     Description:[StartGrabbing]StreamChannel[0], Start grabbing success, There is no registration callback.
Info    2026-06-06 17:45:31:901  DevID:MV-CS050-60GC(DA6358574)  Source-Line:libMvCameraControl.so(GenICamImpl.cpp-L2546)  ProcessName:python3.12(47665)     Description:[RecordThreadProc][Record] Get PixelFormat value [17301512] :
Info    2026-06-06 17:45:31:905  DevID:MV-CS050-60GC(DA6358574)  Source-Line:libMvCameraControl.so(GenICamImpl.cpp-L2609)  ProcessName:python3.12(47665)     Description:[RecordThreadProc][Record] Get UserSetCurrent value [0]
Info    2026-06-06 17:45:31:907  DevID:MV-CS050-60GC(DA6358574)  Source-Line:libMvCameraControl.so(GenICamImpl.cpp-L2630)  ProcessName:python3.12(47665)     Description:[RecordThreadProc][Record] Get UserSetSelector value [0] 
Info    2026-06-06 17:45:31:908  DevID:MV-CS050-60GC(DA6358574)  Source-Line:libMvCameraControl.so(GenICamImpl.cpp-L2651)  ProcessName:python3.12(47665)     Description:[RecordThreadProc][Record] Get UserSetDefault value[0]
Info    2026-06-06 17:45:31:908  DevID:  Source-Line:libMvCameraControl.so(GenICamImpl.cpp-L2347)  ProcessName:python3.12(47665)     Description:[RecordThread]RecordThread End, ThreadId[1111888336]
Info    2026-06-06 17:46:54:567  DevID:MV-CS050-60GC(DA6358574)  Source-Line:libMvCameraControl.so(StreamGrab.cpp-L0934)  ProcessName:python3.12(47665)     Description:[StopGrabbing]Stop grabbing success! DeviceUptime[7481]
Info    2026-06-06 17:46:54:567  DevID:MV-CS050-60GC(DA6358574)  Source-Line:libMvCameraControl.so(GigEDevice.cpp-L0648)  ProcessName:python3.12(47665)     Description:[CloseGigEDevice] Close device begin!
Error   2026-06-06 17:46:54:567  DevID:MV-CS050-60GC(DA6358574)  Source-Line:libMvCameraControl.so(StreamGrab.cpp-L0882)  ProcessName:python3.12(47665)     Description:[StopGrabbing]StreamChannel[0], bGrabbing[0], pDevStream[0xaaaafdb27960]
Info    2026-06-06 17:46:54:567  DevID:MV-CS050-60GC(DA6358574)  Source-Line:libMvCameraControl.so(StreamGrab.cpp-L0270)  ProcessName:python3.12(47665)     Description:[Close]Stream channel[0] closed
Info    2026-06-06 17:46:54:568  DevID:MV-CS050-60GC(DA6358574)  Source-Line:libMvCameraControl.so(GigEDevice.cpp-L0665)  ProcessName:python3.12(47665)     Description:[CloseGigEDevice]DeviceUptime[7481]
Info    2026-06-06 17:46:54:675  DevID:MV-CS050-60GC(DA6358574)  Source-Line:libMvCameraControl.so(GigEDevice.cpp-L0687)  ProcessName:python3.12(47665)     Description:[CloseGigEDevice]Close device success!
Info    2026-06-06 17:46:54:675  DevID:MV-CS050-60GC(DA6358574)  Source-Line:libMvCameraControl.so(GigEDeviceEvent.cpp-L0046)  ProcessName:python3.12(47665)     Description:[Deinit]GigEDeviceEvent Deinit  RecvAllEvent  [0],
Info    2026-06-06 17:46:54:683  DevID:  Source-Line:libMvCameraControl.so(GigELoadLibrary.cpp-L1732)  ProcessName:python3.12(47665)     Description:[UnloadGigEAllFunctions]UnLoad MVGigEVisionSDK success
Info    2026-06-06 17:46:54:684  DevID:  Source-Line:libMvCameraControl.so(U3VLoadLibrary.cpp-L0931)  ProcessName:python3.12(47665)     Description:[UnloadU3VAllFunctions]UnLoad MvUsb3vTLDLL success
Error   2026-06-06 17:47:45:608  DevID:  Source-Line:libMvCameraControl.so(GenTLLoadLibraryEx.cpp-L0222)  ProcessName:python3.12(48422)     Description:[LoadCtiLibInter]Load CTI failed! CTI path[/opt/MVS/lib/aarch64/libMvProducerVIR.so], nRet[0x8000000c]
Error   2026-06-06 17:47:45:609  DevID:  Source-Line:libMvCameraControl.so(GenTLLoadLibraryEx.cpp-L0222)  ProcessName:python3.12(48422)     Description:[LoadCtiLibInter]Load CTI failed! CTI path[/opt/MVS/lib/aarch64/libMvProducerVIR.so], nRet[0x8000000c]
Error   2026-06-06 17:47:45:609  DevID:  Source-Line:libMvCameraControl.so(GenTLLoadLibraryEx.cpp-L0222)  ProcessName:python3.12(48422)     Description:[LoadCtiLibInter]Load CTI failed! CTI path[/opt/MVS/lib/aarch64/MvFGProducerGEV.cti], nRet[0x8000000c]
Info    2026-06-06 17:47:45:609  DevID:  Source-Line:libMvCameraControl.so(GigELoadLibrary.cpp-L1607)  ProcessName:python3.12(48422)     Description:[LoadGigEAllFunctions]Load MVGigEVisionSDK success
Error   2026-06-06 17:47:45:609  DevID:  Source-Line:libMvCameraControl.so(FGDeviceEnumerator.cpp-L0103)  ProcessName:python3.12(48422)     Description:[EnumInterfaceInter]EnumInterfaces failed! Ret[0x8000000c], TLayerType[0x1], CTI[/opt/MVS/lib/aarch64/MvFGProducerGEV.cti]
Error   2026-06-06 17:47:45:609  DevID:  Source-Line:libMvCameraControl.so(GenTLLoadLibraryEx.cpp-L0222)  ProcessName:python3.12(48422)     Description:[LoadCtiLibInter]Load CTI failed! CTI path[/opt/MVS/lib/aarch64/MvFGProducerCXP.cti], nRet[0x8000000c]
Error   2026-06-06 17:47:45:609  DevID:  Source-Line:libMvCameraControl.so(FGDeviceEnumerator.cpp-L0103)  ProcessName:python3.12(48422)     Description:[EnumInterfaceInter]EnumInterfaces failed! Ret[0x8000000c], TLayerType[0x8], CTI[/opt/MVS/lib/aarch64/MvFGProducerCXP.cti]
Error   2026-06-06 17:47:45:609  DevID:  Source-Line:libMvCameraControl.so(GenTLLoadLibraryEx.cpp-L0222)  ProcessName:python3.12(48422)     Description:[LoadCtiLibInter]Load CTI failed! CTI path[/opt/MVS/lib/aarch64/MvFGProducerCML.cti], nRet[0x8000000c]
Error   2026-06-06 17:47:45:609  DevID:  Source-Line:libMvCameraControl.so(FGDeviceEnumerator.cpp-L0103)  ProcessName:python3.12(48422)     Description:[EnumInterfaceInter]EnumInterfaces failed! Ret[0x8000000c], TLayerType[0x4], CTI[/opt/MVS/lib/aarch64/MvFGProducerCML.cti]
Error   2026-06-06 17:47:45:609  DevID:  Source-Line:libMvCameraControl.so(GenTLLoadLibraryEx.cpp-L0222)  ProcessName:python3.12(48422)     Description:[LoadCtiLibInter]Load CTI failed! CTI path[/opt/MVS/lib/aarch64/MvFGProducerXoF.cti], nRet[0x8000000c]
Error   2026-06-06 17:47:45:609  DevID:  Source-Line:libMvCameraControl.so(FGDeviceEnumerator.cpp-L0103)  ProcessName:python3.12(48422)     Description:[EnumInterfaceInter]EnumInterfaces failed! Ret[0x8000000c], TLayerType[0x10], CTI[/opt/MVS/lib/aarch64/MvFGProducerXoF.cti]
Info    2026-06-06 17:47:46:645  DevID:MV-CS050-60GC(DA6358574)  Source-Line:libMvCameraControl.so(GigEDevice.cpp-L0263)  ProcessName:python3.12(48422)     Description:[Init]GEV INFO DeviceIP[192.168.195.100], NetIP[192.168.195.254], ManufacturerInfo[Hikrobot], DeviceVersion[V4.0.30 241011 1385495], UserID[]
Info    2026-06-06 17:47:46:646  DevID:MV-CS050-60GC(DA6358574)  Source-Line:libMvCameraControl.so(MediaProcess.cpp-L0884)  ProcessName:python3.12(48422)     Description:[SetBayerCvtQuality]Set Bayer CvtQuality success! BayerCvtQuality[1]
Info    2026-06-06 17:47:46:646  DevID:MV-CS050-60GC(DA6358574)  Source-Line:libMvCameraControl.so(MediaProcess.cpp-L1732)  ProcessName:python3.12(48422)     Description:[SetBayerThreadNum]Set Bayer Thread Num success! BayerThreadNum[4]
Info    2026-06-06 17:47:46:646  DevID:MV-CS050-60GC(DA6358574)  Source-Line:libMvCameraControl.so(MediaProcess.cpp-L0884)  ProcessName:python3.12(48422)     Description:[SetBayerCvtQuality]Set Bayer CvtQuality success! BayerCvtQuality[1]
Info    2026-06-06 17:47:46:646  DevID:MV-CS050-60GC(DA6358574)  Source-Line:libMvCameraControl.so(MediaProcess.cpp-L1732)  ProcessName:python3.12(48422)     Description:[SetBayerThreadNum]Set Bayer Thread Num success! BayerThreadNum[4]
Info    2026-06-06 17:47:46:646  DevID:MV-CS050-60GC(DA6358574)  Source-Line:libMvCameraControl.so(GigEDevice.cpp-L0299)  ProcessName:python3.12(48422)     Description:[IsValidVersion]MvCameraControl Version[0x4070003], GigE SDKVersion[0x4070003], DriverVersion[0x4070001]
Info    2026-06-06 17:47:46:677  DevID:  Source-Line:libMvCameraControl.so(CacheXmlToFile.cpp-L0516)  ProcessName:python3.12(48422)     Description:[ReadCacheFile]ReadLocalFile XMLPath[SchemaVersion.1.0@Hikrobot#GEV#MV-CS050-60GC#V4.0.30 241011 1385495@XMLVersion.1.0.0.zip]
Info    2026-06-06 17:47:46:677  DevID:MV-CS050-60GC(DA6358574)  Source-Line:libMvCameraControl.so(GigEDevice.cpp-L0464)  ProcessName:python3.12(48422)     Description:[GetXmlInfo]Get GenICamXML From local File, len [0x19132] Type[1]
Info    2026-06-06 17:47:46:838  DevID:MV-CS050-60GC(DA6358574)  Source-Line:libMvCameraControl.so(GigEDevice.cpp-L0805)  ProcessName:python3.12(48422)     Description:[OpenDevice]Load XML success
Info    2026-06-06 17:47:46:840  DevID:MV-CS050-60GC(DA6358574)  Source-Line:libMvCameraControl.so(GenICamImpl.cpp-L0752)  ProcessName:python3.12(48422)     Description:[InvalidateNodes]Invalidate Nodes success
Info    2026-06-06 17:47:46:840  DevID:MV-CS050-60GC(DA6358574)  Source-Line:libMvCameraControl.so(GigEDevice.cpp-L0818)  ProcessName:python3.12(48422)     Description:[OpenDevice]Invalidate Nodes success
Info    2026-06-06 17:47:46:843  DevID:MV-CS050-60GC(DA6358574)  Source-Line:libMvCameraControl.so(StreamGrab.cpp-L0234)  ProcessName:python3.12(48422)     Description:[Open]Stream channel[0] opened
Info    2026-06-06 17:47:46:845  DevID:MV-CS050-60GC(DA6358574)  Source-Line:libMvCameraControl.so(GigEDevice.cpp-L0849)  ProcessName:python3.12(48422)     Description:[OpenDevice]Open device success! PrivilegeMode[1], SwitchoverKey[0], DeviceUptime[7534],DeviceFirmwareVersion[V4.0.30 2410111385495 24091104]
Info    2026-06-06 17:47:46:845  DevID:MV-CS050-60GC(DA6358574)  Source-Line:libMvCameraControl.so(GigEDevice.cpp-L0865)  ProcessName:python3.12(48422)     Description:[OpenDevice]OpenDevice, cost time 199.000000ms 
Info    2026-06-06 17:47:46:845  DevID:  Source-Line:libMvCameraControl.so(GenICamImpl.cpp-L2342)  ProcessName:python3.12(48422)     Description:[RecordThread]RecordThread Start, ThreadId[402649552]
Info    2026-06-06 17:47:46:853  DevID:MV-CS050-60GC(DA6358574)  Source-Line:libMvCameraControl.so(GenICamImpl.cpp-L2373)  ProcessName:python3.12(48422)     Description:[RecordThreadProc][Record] Get BlackLevel value [64]
Info    2026-06-06 17:47:46:855  DevID:MV-CS050-60GC(DA6358574)  Source-Line:libMvCameraControl.so(GenICamImpl.cpp-L2395)  ProcessName:python3.12(48422)     Description:[RecordThreadProc][Record] Get BalanceWhiteAuto Value [1] (0:off 1:contineu; 2:once):
Info    2026-06-06 17:47:46:860  DevID:MV-CS050-60GC(DA6358574)  Source-Line:libMvCameraControl.so(GenICamImpl.cpp-L2461)  ProcessName:python3.12(48422)     Description:[RecordThreadProc][Record] Get ExposureAuto value [0]
Info    2026-06-06 17:47:46:866  DevID:MV-CS050-60GC(DA6358574)  Source-Line:libMvCameraControl.so(GenICamImpl.cpp-L2483)  ProcessName:python3.12(48422)     Description:[RecordThreadProc][Record] Get ExposureTime value [500000.000000] 
Info    2026-06-06 17:47:46:868  DevID:MV-CS050-60GC(DA6358574)  Source-Line:libMvCameraControl.so(GenICamImpl.cpp-L2504)  ProcessName:python3.12(48422)     Description:[RecordThreadProc][Record] Get GainAuto value [0] (0:off 1:contineu; 2:once):
Info    2026-06-06 17:47:46:873  DevID:MV-CS050-60GC(DA6358574)  Source-Line:libMvCameraControl.so(GenICamImpl.cpp-L2525)  ProcessName:python3.12(48422)     Description:[RecordThreadProc][Record] Get Gain value [10.016100] 
Info    2026-06-06 17:47:48:311  DevID:MV-CS050-60GC(DA6358574)  Source-Line:libMvCameraControl.so(GenICamImpl.cpp-L2546)  ProcessName:python3.12(48422)     Description:[RecordThreadProc][Record] Get PixelFormat value [17301512] :
Info    2026-06-06 17:47:48:319  DevID:MV-CS050-60GC(DA6358574)  Source-Line:libMvCameraControl.so(GenICamImpl.cpp-L2609)  ProcessName:python3.12(48422)     Description:[RecordThreadProc][Record] Get UserSetCurrent value [0]
Info    2026-06-06 17:47:48:326  DevID:MV-CS050-60GC(DA6358574)  Source-Line:libMvCameraControl.so(GenICamImpl.cpp-L2630)  ProcessName:python3.12(48422)     Description:[RecordThreadProc][Record] Get UserSetSelector value [0] 
Error   2026-06-06 17:47:48:355  DevID:MV-CS050-60GC(DA6358574)  Source-Line:libMvCameraControl.so(GenICamImpl.cpp-L1111)  ProcessName:python3.12(48422)     Description:[XML_GetNodeAccessMode]PropertyName[SeqExpEnable], Ret[0x80000100]
Error   2026-06-06 17:47:48:355  DevID:MV-CS050-60GC(DA6358574)  Source-Line:libMvCameraControl.so(XmlParse.cpp-L3037)  ProcessName:python3.12(48422)     Description:[GetBooleanValue]Get Node Value, Node does not exist, NodeName[SeqExpEnable]
Error   2026-06-06 17:47:48:355  DevID:MV-CS050-60GC(DA6358574)  Source-Line:libMvCameraControl.so(GenICamImpl.cpp-L0551)  ProcessName:python3.12(48422)     Description:[GetBoolValue]Property[SeqExpEnable], Ret[0x80000100]
Error   2026-06-06 17:47:48:355  DevID:MV-CS050-60GC(DA6358574)  Source-Line:libMvCameraControl.so(GenICamImpl.cpp-L1111)  ProcessName:python3.12(48422)     Description:[XML_GetNodeAccessMode]PropertyName[MultiLightControl], Ret[0x80000100]
Error   2026-06-06 17:47:48:355  DevID:MV-CS050-60GC(DA6358574)  Source-Line:libMvCameraControl.so(XmlParse.cpp-L2386)  ProcessName:python3.12(48422)     Description:[GetEnumValue]Get Node Value, Node does not exist, NodeName[MultiLightControl]
Error   2026-06-06 17:47:48:355  DevID:MV-CS050-60GC(DA6358574)  Source-Line:libMvCameraControl.so(GenICamImpl.cpp-L0364)  ProcessName:python3.12(48422)     Description:[GetEnumValue]Property[MultiLightControl], Ret[0x80000100]
Info    2026-06-06 17:47:48:355  DevID:MV-CS050-60GC(DA6358574)  Source-Line:libMvCameraControl.so(GigEStream.cpp-L0067)  ProcessName:python3.12(48422)     Description:[StartAcquisition][GEV]Width[2448], Height[2048], PixelFormat[0x1080008], PayloadSize[5013504], ChunkCount[100], CompressMode[0], DeviceUptime[7535]
Info    2026-06-06 17:47:48:363  DevID:MV-CS050-60GC(DA6358574)  Source-Line:libMvCameraControl.so(GenICamImpl.cpp-L2651)  ProcessName:python3.12(48422)     Description:[RecordThreadProc][Record] Get UserSetDefault value[0]
Info    2026-06-06 17:47:48:363  DevID:  Source-Line:libMvCameraControl.so(GenICamImpl.cpp-L2347)  ProcessName:python3.12(48422)     Description:[RecordThread]RecordThread End, ThreadId[402649552]
Info    2026-06-06 17:47:48:365  DevID:MV-CS050-60GC(DA6358574)  Source-Line:libMvCameraControl.so(StreamGrab.cpp-L0869)  ProcessName:python3.12(48422)     Description:[StartGrabbing]StreamChannel[0], Start grabbing success, There is no registration callback.
Info    2026-06-06 17:48:21:531  DevID:MV-CS050-60GC(DA6358574)  Source-Line:libMvCameraControl.so(StreamGrab.cpp-L0934)  ProcessName:python3.12(48422)     Description:[StopGrabbing]Stop grabbing success! DeviceUptime[7568]
Info    2026-06-06 17:48:21:531  DevID:MV-CS050-60GC(DA6358574)  Source-Line:libMvCameraControl.so(GigEDevice.cpp-L0648)  ProcessName:python3.12(48422)     Description:[CloseGigEDevice] Close device begin!
Error   2026-06-06 17:48:21:531  DevID:MV-CS050-60GC(DA6358574)  Source-Line:libMvCameraControl.so(StreamGrab.cpp-L0882)  ProcessName:python3.12(48422)     Description:[StopGrabbing]StreamChannel[0], bGrabbing[0], pDevStream[0xaaaaebd7e960]
Info    2026-06-06 17:48:21:531  DevID:MV-CS050-60GC(DA6358574)  Source-Line:libMvCameraControl.so(StreamGrab.cpp-L0270)  ProcessName:python3.12(48422)     Description:[Close]Stream channel[0] closed
Info    2026-06-06 17:48:21:532  DevID:MV-CS050-60GC(DA6358574)  Source-Line:libMvCameraControl.so(GigEDevice.cpp-L0665)  ProcessName:python3.12(48422)     Description:[CloseGigEDevice]DeviceUptime[7568]
Info    2026-06-06 17:48:21:539  DevID:MV-CS050-60GC(DA6358574)  Source-Line:libMvCameraControl.so(GigEDevice.cpp-L0687)  ProcessName:python3.12(48422)     Description:[CloseGigEDevice]Close device success!
Info    2026-06-06 17:48:21:539  DevID:MV-CS050-60GC(DA6358574)  Source-Line:libMvCameraControl.so(GigEDeviceEvent.cpp-L0046)  ProcessName:python3.12(48422)     Description:[Deinit]GigEDeviceEvent Deinit  RecvAllEvent  [0],
Info    2026-06-06 17:48:21:549  DevID:  Source-Line:libMvCameraControl.so(GigELoadLibrary.cpp-L1732)  ProcessName:python3.12(48422)     Description:[UnloadGigEAllFunctions]UnLoad MVGigEVisionSDK success
Info    2026-06-06 17:48:21:549  DevID:  Source-Line:libMvCameraControl.so(U3VLoadLibrary.cpp-L0931)  ProcessName:python3.12(48422)     Description:[UnloadU3VAllFunctions]UnLoad MvUsb3vTLDLL success
Error   2026-06-06 17:53:49:044  DevID:  Source-Line:libMvCameraControl.so(GenTLLoadLibraryEx.cpp-L0222)  ProcessName:python3.12(50115)     Description:[LoadCtiLibInter]Load CTI failed! CTI path[/opt/MVS/lib/aarch64/libMvProducerVIR.so], nRet[0x8000000c]
Error   2026-06-06 17:53:49:045  DevID:  Source-Line:libMvCameraControl.so(GenTLLoadLibraryEx.cpp-L0222)  ProcessName:python3.12(50115)     Description:[LoadCtiLibInter]Load CTI failed! CTI path[/opt/MVS/lib/aarch64/libMvProducerVIR.so], nRet[0x8000000c]
Error   2026-06-06 17:53:49:045  DevID:  Source-Line:libMvCameraControl.so(GenTLLoadLibraryEx.cpp-L0222)  ProcessName:python3.12(50115)     Description:[LoadCtiLibInter]Load CTI failed! CTI path[/opt/MVS/lib/aarch64/MvFGProducerGEV.cti], nRet[0x8000000c]
Error   2026-06-06 17:53:49:045  DevID:  Source-Line:libMvCameraControl.so(FGDeviceEnumerator.cpp-L0103)  ProcessName:python3.12(50115)     Description:[EnumInterfaceInter]EnumInterfaces failed! Ret[0x8000000c], TLayerType[0x1], CTI[/opt/MVS/lib/aarch64/MvFGProducerGEV.cti]
Info    2026-06-06 17:53:49:045  DevID:  Source-Line:libMvCameraControl.so(GigELoadLibrary.cpp-L1607)  ProcessName:python3.12(50115)     Description:[LoadGigEAllFunctions]Load MVGigEVisionSDK success
Error   2026-06-06 17:53:49:045  DevID:  Source-Line:libMvCameraControl.so(GenTLLoadLibraryEx.cpp-L0222)  ProcessName:python3.12(50115)     Description:[LoadCtiLibInter]Load CTI failed! CTI path[/opt/MVS/lib/aarch64/MvFGProducerCXP.cti], nRet[0x8000000c]
Error   2026-06-06 17:53:49:045  DevID:  Source-Line:libMvCameraControl.so(FGDeviceEnumerator.cpp-L0103)  ProcessName:python3.12(50115)     Description:[EnumInterfaceInter]EnumInterfaces failed! Ret[0x8000000c], TLayerType[0x8], CTI[/opt/MVS/lib/aarch64/MvFGProducerCXP.cti]
Error   2026-06-06 17:53:49:045  DevID:  Source-Line:libMvCameraControl.so(GenTLLoadLibraryEx.cpp-L0222)  ProcessName:python3.12(50115)     Description:[LoadCtiLibInter]Load CTI failed! CTI path[/opt/MVS/lib/aarch64/MvFGProducerCML.cti], nRet[0x8000000c]
Error   2026-06-06 17:53:49:045  DevID:  Source-Line:libMvCameraControl.so(FGDeviceEnumerator.cpp-L0103)  ProcessName:python3.12(50115)     Description:[EnumInterfaceInter]EnumInterfaces failed! Ret[0x8000000c], TLayerType[0x4], CTI[/opt/MVS/lib/aarch64/MvFGProducerCML.cti]
Error   2026-06-06 17:53:49:045  DevID:  Source-Line:libMvCameraControl.so(GenTLLoadLibraryEx.cpp-L0222)  ProcessName:python3.12(50115)     Description:[LoadCtiLibInter]Load CTI failed! CTI path[/opt/MVS/lib/aarch64/MvFGProducerXoF.cti], nRet[0x8000000c]
Error   2026-06-06 17:53:49:045  DevID:  Source-Line:libMvCameraControl.so(FGDeviceEnumerator.cpp-L0103)  ProcessName:python3.12(50115)     Description:[EnumInterfaceInter]EnumInterfaces failed! Ret[0x8000000c], TLayerType[0x10], CTI[/opt/MVS/lib/aarch64/MvFGProducerXoF.cti]
Info    2026-06-06 17:53:50:014  DevID:MV-CS050-60GC(DA6358574)  Source-Line:libMvCameraControl.so(GigEDevice.cpp-L0263)  ProcessName:python3.12(50115)     Description:[Init]GEV INFO DeviceIP[192.168.195.100], NetIP[192.168.195.254], ManufacturerInfo[Hikrobot], DeviceVersion[V4.0.30 241011 1385495], UserID[]
Info    2026-06-06 17:53:50:014  DevID:MV-CS050-60GC(DA6358574)  Source-Line:libMvCameraControl.so(MediaProcess.cpp-L0884)  ProcessName:python3.12(50115)     Description:[SetBayerCvtQuality]Set Bayer CvtQuality success! BayerCvtQuality[1]
Info    2026-06-06 17:53:50:014  DevID:MV-CS050-60GC(DA6358574)  Source-Line:libMvCameraControl.so(MediaProcess.cpp-L1732)  ProcessName:python3.12(50115)     Description:[SetBayerThreadNum]Set Bayer Thread Num success! BayerThreadNum[4]
Info    2026-06-06 17:53:50:014  DevID:MV-CS050-60GC(DA6358574)  Source-Line:libMvCameraControl.so(MediaProcess.cpp-L0884)  ProcessName:python3.12(50115)     Description:[SetBayerCvtQuality]Set Bayer CvtQuality success! BayerCvtQuality[1]
Info    2026-06-06 17:53:50:014  DevID:MV-CS050-60GC(DA6358574)  Source-Line:libMvCameraControl.so(MediaProcess.cpp-L1732)  ProcessName:python3.12(50115)     Description:[SetBayerThreadNum]Set Bayer Thread Num success! BayerThreadNum[4]
Info    2026-06-06 17:53:50:014  DevID:MV-CS050-60GC(DA6358574)  Source-Line:libMvCameraControl.so(GigEDevice.cpp-L0299)  ProcessName:python3.12(50115)     Description:[IsValidVersion]MvCameraControl Version[0x4070003], GigE SDKVersion[0x4070003], DriverVersion[0x4070001]
Info    2026-06-06 17:53:50:046  DevID:  Source-Line:libMvCameraControl.so(CacheXmlToFile.cpp-L0516)  ProcessName:python3.12(50115)     Description:[ReadCacheFile]ReadLocalFile XMLPath[SchemaVersion.1.0@Hikrobot#GEV#MV-CS050-60GC#V4.0.30 241011 1385495@XMLVersion.1.0.0.zip]
Info    2026-06-06 17:53:50:046  DevID:MV-CS050-60GC(DA6358574)  Source-Line:libMvCameraControl.so(GigEDevice.cpp-L0464)  ProcessName:python3.12(50115)     Description:[GetXmlInfo]Get GenICamXML From local File, len [0x19132] Type[1]
Info    2026-06-06 17:53:50:204  DevID:MV-CS050-60GC(DA6358574)  Source-Line:libMvCameraControl.so(GigEDevice.cpp-L0805)  ProcessName:python3.12(50115)     Description:[OpenDevice]Load XML success
Info    2026-06-06 17:53:50:206  DevID:MV-CS050-60GC(DA6358574)  Source-Line:libMvCameraControl.so(GenICamImpl.cpp-L0752)  ProcessName:python3.12(50115)     Description:[InvalidateNodes]Invalidate Nodes success
Info    2026-06-06 17:53:50:206  DevID:MV-CS050-60GC(DA6358574)  Source-Line:libMvCameraControl.so(GigEDevice.cpp-L0818)  ProcessName:python3.12(50115)     Description:[OpenDevice]Invalidate Nodes success
Info    2026-06-06 17:53:50:209  DevID:MV-CS050-60GC(DA6358574)  Source-Line:libMvCameraControl.so(StreamGrab.cpp-L0234)  ProcessName:python3.12(50115)     Description:[Open]Stream channel[0] opened
Info    2026-06-06 17:53:50:211  DevID:MV-CS050-60GC(DA6358574)  Source-Line:libMvCameraControl.so(GigEDevice.cpp-L0849)  ProcessName:python3.12(50115)     Description:[OpenDevice]Open device success! PrivilegeMode[1], SwitchoverKey[0], DeviceUptime[7897],DeviceFirmwareVersion[V4.0.30 2410111385495 24091104]
Info    2026-06-06 17:53:50:211  DevID:MV-CS050-60GC(DA6358574)  Source-Line:libMvCameraControl.so(GigEDevice.cpp-L0865)  ProcessName:python3.12(50115)     Description:[OpenDevice]OpenDevice, cost time 197.000000ms 
Info    2026-06-06 17:53:50:212  DevID:  Source-Line:libMvCameraControl.so(GenICamImpl.cpp-L2342)  ProcessName:python3.12(50115)     Description:[RecordThread]RecordThread Start, ThreadId[595583440]
Info    2026-06-06 17:53:51:651  DevID:MV-CS050-60GC(DA6358574)  Source-Line:libMvCameraControl.so(GenICamImpl.cpp-L2373)  ProcessName:python3.12(50115)     Description:[RecordThreadProc][Record] Get BlackLevel value [64]
Info    2026-06-06 17:53:51:655  DevID:MV-CS050-60GC(DA6358574)  Source-Line:libMvCameraControl.so(GenICamImpl.cpp-L2395)  ProcessName:python3.12(50115)     Description:[RecordThreadProc][Record] Get BalanceWhiteAuto Value [1] (0:off 1:contineu; 2:once):
Info    2026-06-06 17:53:51:664  DevID:MV-CS050-60GC(DA6358574)  Source-Line:libMvCameraControl.so(GenICamImpl.cpp-L2461)  ProcessName:python3.12(50115)     Description:[RecordThreadProc][Record] Get ExposureAuto value [0]
Info    2026-06-06 17:53:51:679  DevID:MV-CS050-60GC(DA6358574)  Source-Line:libMvCameraControl.so(GenICamImpl.cpp-L2483)  ProcessName:python3.12(50115)     Description:[RecordThreadProc][Record] Get ExposureTime value [500000.000000] 
Error   2026-06-06 17:53:51:721  DevID:MV-CS050-60GC(DA6358574)  Source-Line:libMvCameraControl.so(GenICamImpl.cpp-L1111)  ProcessName:python3.12(50115)     Description:[XML_GetNodeAccessMode]PropertyName[SeqExpEnable], Ret[0x80000100]
Error   2026-06-06 17:53:51:721  DevID:MV-CS050-60GC(DA6358574)  Source-Line:libMvCameraControl.so(XmlParse.cpp-L3037)  ProcessName:python3.12(50115)     Description:[GetBooleanValue]Get Node Value, Node does not exist, NodeName[SeqExpEnable]
Error   2026-06-06 17:53:51:721  DevID:MV-CS050-60GC(DA6358574)  Source-Line:libMvCameraControl.so(GenICamImpl.cpp-L0551)  ProcessName:python3.12(50115)     Description:[GetBoolValue]Property[SeqExpEnable], Ret[0x80000100]
Error   2026-06-06 17:53:51:721  DevID:MV-CS050-60GC(DA6358574)  Source-Line:libMvCameraControl.so(GenICamImpl.cpp-L1111)  ProcessName:python3.12(50115)     Description:[XML_GetNodeAccessMode]PropertyName[MultiLightControl], Ret[0x80000100]
Error   2026-06-06 17:53:51:722  DevID:MV-CS050-60GC(DA6358574)  Source-Line:libMvCameraControl.so(XmlParse.cpp-L2386)  ProcessName:python3.12(50115)     Description:[GetEnumValue]Get Node Value, Node does not exist, NodeName[MultiLightControl]
Error   2026-06-06 17:53:51:722  DevID:MV-CS050-60GC(DA6358574)  Source-Line:libMvCameraControl.so(GenICamImpl.cpp-L0364)  ProcessName:python3.12(50115)     Description:[GetEnumValue]Property[MultiLightControl], Ret[0x80000100]
Info    2026-06-06 17:53:51:722  DevID:MV-CS050-60GC(DA6358574)  Source-Line:libMvCameraControl.so(GigEStream.cpp-L0067)  ProcessName:python3.12(50115)     Description:[StartAcquisition][GEV]Width[2448], Height[2048], PixelFormat[0x1080008], PayloadSize[5013504], ChunkCount[100], CompressMode[0], DeviceUptime[7898]
Info    2026-06-06 17:53:51:732  DevID:MV-CS050-60GC(DA6358574)  Source-Line:libMvCameraControl.so(GenICamImpl.cpp-L2504)  ProcessName:python3.12(50115)     Description:[RecordThreadProc][Record] Get GainAuto value [0] (0:off 1:contineu; 2:once):
Info    2026-06-06 17:53:51:734  DevID:MV-CS050-60GC(DA6358574)  Source-Line:libMvCameraControl.so(StreamGrab.cpp-L0869)  ProcessName:python3.12(50115)     Description:[StartGrabbing]StreamChannel[0], Start grabbing success, There is no registration callback.
Info    2026-06-06 17:53:51:740  DevID:MV-CS050-60GC(DA6358574)  Source-Line:libMvCameraControl.so(GenICamImpl.cpp-L2525)  ProcessName:python3.12(50115)     Description:[RecordThreadProc][Record] Get Gain value [10.016100] 
Info    2026-06-06 17:53:51:741  DevID:MV-CS050-60GC(DA6358574)  Source-Line:libMvCameraControl.so(GenICamImpl.cpp-L2546)  ProcessName:python3.12(50115)     Description:[RecordThreadProc][Record] Get PixelFormat value [17301512] :
Info    2026-06-06 17:53:51:746  DevID:MV-CS050-60GC(DA6358574)  Source-Line:libMvCameraControl.so(GenICamImpl.cpp-L2609)  ProcessName:python3.12(50115)     Description:[RecordThreadProc][Record] Get UserSetCurrent value [0]
Info    2026-06-06 17:53:51:748  DevID:MV-CS050-60GC(DA6358574)  Source-Line:libMvCameraControl.so(GenICamImpl.cpp-L2630)  ProcessName:python3.12(50115)     Description:[RecordThreadProc][Record] Get UserSetSelector value [0] 
Info    2026-06-06 17:53:51:749  DevID:MV-CS050-60GC(DA6358574)  Source-Line:libMvCameraControl.so(GenICamImpl.cpp-L2651)  ProcessName:python3.12(50115)     Description:[RecordThreadProc][Record] Get UserSetDefault value[0]
Info    2026-06-06 17:53:51:749  DevID:  Source-Line:libMvCameraControl.so(GenICamImpl.cpp-L2347)  ProcessName:python3.12(50115)     Description:[RecordThread]RecordThread End, ThreadId[595583440]
Info    2026-06-06 17:53:57:843  DevID:MV-CS050-60GC(DA6358574)  Source-Line:libMvCameraControl.so(StreamGrab.cpp-L0934)  ProcessName:python3.12(50115)     Description:[StopGrabbing]Stop grabbing success! DeviceUptime[7905]
Info    2026-06-06 17:53:57:843  DevID:MV-CS050-60GC(DA6358574)  Source-Line:libMvCameraControl.so(GigEDevice.cpp-L0648)  ProcessName:python3.12(50115)     Description:[CloseGigEDevice] Close device begin!
Error   2026-06-06 17:53:57:843  DevID:MV-CS050-60GC(DA6358574)  Source-Line:libMvCameraControl.so(StreamGrab.cpp-L0882)  ProcessName:python3.12(50115)     Description:[StopGrabbing]StreamChannel[0], bGrabbing[0], pDevStream[0xaaab068e0960]
Info    2026-06-06 17:53:57:843  DevID:MV-CS050-60GC(DA6358574)  Source-Line:libMvCameraControl.so(StreamGrab.cpp-L0270)  ProcessName:python3.12(50115)     Description:[Close]Stream channel[0] closed
Info    2026-06-06 17:53:57:844  DevID:MV-CS050-60GC(DA6358574)  Source-Line:libMvCameraControl.so(GigEDevice.cpp-L0665)  ProcessName:python3.12(50115)     Description:[CloseGigEDevice]DeviceUptime[7905]
Info    2026-06-06 17:53:57:953  DevID:MV-CS050-60GC(DA6358574)  Source-Line:libMvCameraControl.so(GigEDevice.cpp-L0687)  ProcessName:python3.12(50115)     Description:[CloseGigEDevice]Close device success!
Info    2026-06-06 17:53:57:953  DevID:MV-CS050-60GC(DA6358574)  Source-Line:libMvCameraControl.so(GigEDeviceEvent.cpp-L0046)  ProcessName:python3.12(50115)     Description:[Deinit]GigEDeviceEvent Deinit  RecvAllEvent  [0],
Info    2026-06-06 17:53:57:968  DevID:  Source-Line:libMvCameraControl.so(GigELoadLibrary.cpp-L1732)  ProcessName:python3.12(50115)     Description:[UnloadGigEAllFunctions]UnLoad MVGigEVisionSDK success
Info    2026-06-06 17:53:57:968  DevID:  Source-Line:libMvCameraControl.so(U3VLoadLibrary.cpp-L0931)  ProcessName:python3.12(50115)     Description:[UnloadU3VAllFunctions]UnLoad MvUsb3vTLDLL success
Error   2026-06-06 17:56:42:902  DevID:  Source-Line:libMvCameraControl.so(GenTLLoadLibraryEx.cpp-L0222)  ProcessName:python3.12(51097)     Description:[LoadCtiLibInter]Load CTI failed! CTI path[/opt/MVS/lib/aarch64/libMvProducerVIR.so], nRet[0x8000000c]
Error   2026-06-06 17:56:42:902  DevID:  Source-Line:libMvCameraControl.so(GenTLLoadLibraryEx.cpp-L0222)  ProcessName:python3.12(51097)     Description:[LoadCtiLibInter]Load CTI failed! CTI path[/opt/MVS/lib/aarch64/libMvProducerVIR.so], nRet[0x8000000c]
Error   2026-06-06 17:56:42:903  DevID:  Source-Line:libMvCameraControl.so(GenTLLoadLibraryEx.cpp-L0222)  ProcessName:python3.12(51097)     Description:[LoadCtiLibInter]Load CTI failed! CTI path[/opt/MVS/lib/aarch64/MvFGProducerGEV.cti], nRet[0x8000000c]
Error   2026-06-06 17:56:42:903  DevID:  Source-Line:libMvCameraControl.so(FGDeviceEnumerator.cpp-L0103)  ProcessName:python3.12(51097)     Description:[EnumInterfaceInter]EnumInterfaces failed! Ret[0x8000000c], TLayerType[0x1], CTI[/opt/MVS/lib/aarch64/MvFGProducerGEV.cti]
Error   2026-06-06 17:56:42:904  DevID:  Source-Line:libMvCameraControl.so(GenTLLoadLibraryEx.cpp-L0222)  ProcessName:python3.12(51097)     Description:[LoadCtiLibInter]Load CTI failed! CTI path[/opt/MVS/lib/aarch64/MvFGProducerCXP.cti], nRet[0x8000000c]
Error   2026-06-06 17:56:42:904  DevID:  Source-Line:libMvCameraControl.so(FGDeviceEnumerator.cpp-L0103)  ProcessName:python3.12(51097)     Description:[EnumInterfaceInter]EnumInterfaces failed! Ret[0x8000000c], TLayerType[0x8], CTI[/opt/MVS/lib/aarch64/MvFGProducerCXP.cti]
Error   2026-06-06 17:56:42:904  DevID:  Source-Line:libMvCameraControl.so(GenTLLoadLibraryEx.cpp-L0222)  ProcessName:python3.12(51097)     Description:[LoadCtiLibInter]Load CTI failed! CTI path[/opt/MVS/lib/aarch64/MvFGProducerCML.cti], nRet[0x8000000c]
Error   2026-06-06 17:56:42:904  DevID:  Source-Line:libMvCameraControl.so(FGDeviceEnumerator.cpp-L0103)  ProcessName:python3.12(51097)     Description:[EnumInterfaceInter]EnumInterfaces failed! Ret[0x8000000c], TLayerType[0x4], CTI[/opt/MVS/lib/aarch64/MvFGProducerCML.cti]
Error   2026-06-06 17:56:42:904  DevID:  Source-Line:libMvCameraControl.so(GenTLLoadLibraryEx.cpp-L0222)  ProcessName:python3.12(51097)     Description:[LoadCtiLibInter]Load CTI failed! CTI path[/opt/MVS/lib/aarch64/MvFGProducerXoF.cti], nRet[0x8000000c]
Error   2026-06-06 17:56:42:904  DevID:  Source-Line:libMvCameraControl.so(FGDeviceEnumerator.cpp-L0103)  ProcessName:python3.12(51097)     Description:[EnumInterfaceInter]EnumInterfaces failed! Ret[0x8000000c], TLayerType[0x10], CTI[/opt/MVS/lib/aarch64/MvFGProducerXoF.cti]
Info    2026-06-06 17:56:42:904  DevID:  Source-Line:libMvCameraControl.so(GigELoadLibrary.cpp-L1607)  ProcessName:python3.12(51097)     Description:[LoadGigEAllFunctions]Load MVGigEVisionSDK success
Info    2026-06-06 17:56:43:594  DevID:MV-CS050-60GC(DA6358574)  Source-Line:libMvCameraControl.so(GigEDevice.cpp-L0263)  ProcessName:python3.12(51097)     Description:[Init]GEV INFO DeviceIP[192.168.195.100], NetIP[192.168.195.254], ManufacturerInfo[Hikrobot], DeviceVersion[V4.0.30 241011 1385495], UserID[]
Info    2026-06-06 17:56:43:594  DevID:MV-CS050-60GC(DA6358574)  Source-Line:libMvCameraControl.so(MediaProcess.cpp-L0884)  ProcessName:python3.12(51097)     Description:[SetBayerCvtQuality]Set Bayer CvtQuality success! BayerCvtQuality[1]
Info    2026-06-06 17:56:43:594  DevID:MV-CS050-60GC(DA6358574)  Source-Line:libMvCameraControl.so(MediaProcess.cpp-L1732)  ProcessName:python3.12(51097)     Description:[SetBayerThreadNum]Set Bayer Thread Num success! BayerThreadNum[4]
Info    2026-06-06 17:56:43:594  DevID:MV-CS050-60GC(DA6358574)  Source-Line:libMvCameraControl.so(MediaProcess.cpp-L0884)  ProcessName:python3.12(51097)     Description:[SetBayerCvtQuality]Set Bayer CvtQuality success! BayerCvtQuality[1]
Info    2026-06-06 17:56:43:594  DevID:MV-CS050-60GC(DA6358574)  Source-Line:libMvCameraControl.so(MediaProcess.cpp-L1732)  ProcessName:python3.12(51097)     Description:[SetBayerThreadNum]Set Bayer Thread Num success! BayerThreadNum[4]
Info    2026-06-06 17:56:43:594  DevID:MV-CS050-60GC(DA6358574)  Source-Line:libMvCameraControl.so(GigEDevice.cpp-L0299)  ProcessName:python3.12(51097)     Description:[IsValidVersion]MvCameraControl Version[0x4070003], GigE SDKVersion[0x4070003], DriverVersion[0x4070001]
Info    2026-06-06 17:56:43:626  DevID:  Source-Line:libMvCameraControl.so(CacheXmlToFile.cpp-L0516)  ProcessName:python3.12(51097)     Description:[ReadCacheFile]ReadLocalFile XMLPath[SchemaVersion.1.0@Hikrobot#GEV#MV-CS050-60GC#V4.0.30 241011 1385495@XMLVersion.1.0.0.zip]
Info    2026-06-06 17:56:43:626  DevID:MV-CS050-60GC(DA6358574)  Source-Line:libMvCameraControl.so(GigEDevice.cpp-L0464)  ProcessName:python3.12(51097)     Description:[GetXmlInfo]Get GenICamXML From local File, len [0x19132] Type[1]
Info    2026-06-06 17:56:43:788  DevID:MV-CS050-60GC(DA6358574)  Source-Line:libMvCameraControl.so(GigEDevice.cpp-L0805)  ProcessName:python3.12(51097)     Description:[OpenDevice]Load XML success
Info    2026-06-06 17:56:43:790  DevID:MV-CS050-60GC(DA6358574)  Source-Line:libMvCameraControl.so(GenICamImpl.cpp-L0752)  ProcessName:python3.12(51097)     Description:[InvalidateNodes]Invalidate Nodes success
Info    2026-06-06 17:56:43:791  DevID:MV-CS050-60GC(DA6358574)  Source-Line:libMvCameraControl.so(GigEDevice.cpp-L0818)  ProcessName:python3.12(51097)     Description:[OpenDevice]Invalidate Nodes success
Info    2026-06-06 17:56:43:793  DevID:MV-CS050-60GC(DA6358574)  Source-Line:libMvCameraControl.so(StreamGrab.cpp-L0234)  ProcessName:python3.12(51097)     Description:[Open]Stream channel[0] opened
Info    2026-06-06 17:56:43:796  DevID:MV-CS050-60GC(DA6358574)  Source-Line:libMvCameraControl.so(GigEDevice.cpp-L0849)  ProcessName:python3.12(51097)     Description:[OpenDevice]Open device success! PrivilegeMode[1], SwitchoverKey[0], DeviceUptime[8070],DeviceFirmwareVersion[V4.0.30 2410111385495 24091104]
Info    2026-06-06 17:56:43:796  DevID:MV-CS050-60GC(DA6358574)  Source-Line:libMvCameraControl.so(GigEDevice.cpp-L0865)  ProcessName:python3.12(51097)     Description:[OpenDevice]OpenDevice, cost time 202.000000ms 
Info    2026-06-06 17:56:43:796  DevID:  Source-Line:libMvCameraControl.so(GenICamImpl.cpp-L2342)  ProcessName:python3.12(51097)     Description:[RecordThread]RecordThread Start, ThreadId[651842000]
Info    2026-06-06 17:56:43:804  DevID:MV-CS050-60GC(DA6358574)  Source-Line:libMvCameraControl.so(GenICamImpl.cpp-L2373)  ProcessName:python3.12(51097)     Description:[RecordThreadProc][Record] Get BlackLevel value [64]
Info    2026-06-06 17:56:45:239  DevID:MV-CS050-60GC(DA6358574)  Source-Line:libMvCameraControl.so(GenICamImpl.cpp-L2395)  ProcessName:python3.12(51097)     Description:[RecordThreadProc][Record] Get BalanceWhiteAuto Value [1] (0:off 1:contineu; 2:once):
Info    2026-06-06 17:56:45:247  DevID:MV-CS050-60GC(DA6358574)  Source-Line:libMvCameraControl.so(GenICamImpl.cpp-L2461)  ProcessName:python3.12(51097)     Description:[RecordThreadProc][Record] Get ExposureAuto value [0]
Info    2026-06-06 17:56:45:261  DevID:MV-CS050-60GC(DA6358574)  Source-Line:libMvCameraControl.so(GenICamImpl.cpp-L2483)  ProcessName:python3.12(51097)     Description:[RecordThreadProc][Record] Get ExposureTime value [50000.000000] 
Error   2026-06-06 17:56:45:296  DevID:MV-CS050-60GC(DA6358574)  Source-Line:libMvCameraControl.so(GenICamImpl.cpp-L1111)  ProcessName:python3.12(51097)     Description:[XML_GetNodeAccessMode]PropertyName[SeqExpEnable], Ret[0x80000100]
Error   2026-06-06 17:56:45:296  DevID:MV-CS050-60GC(DA6358574)  Source-Line:libMvCameraControl.so(XmlParse.cpp-L3037)  ProcessName:python3.12(51097)     Description:[GetBooleanValue]Get Node Value, Node does not exist, NodeName[SeqExpEnable]
Error   2026-06-06 17:56:45:296  DevID:MV-CS050-60GC(DA6358574)  Source-Line:libMvCameraControl.so(GenICamImpl.cpp-L0551)  ProcessName:python3.12(51097)     Description:[GetBoolValue]Property[SeqExpEnable], Ret[0x80000100]
Error   2026-06-06 17:56:45:296  DevID:MV-CS050-60GC(DA6358574)  Source-Line:libMvCameraControl.so(GenICamImpl.cpp-L1111)  ProcessName:python3.12(51097)     Description:[XML_GetNodeAccessMode]PropertyName[MultiLightControl], Ret[0x80000100]
Error   2026-06-06 17:56:45:296  DevID:MV-CS050-60GC(DA6358574)  Source-Line:libMvCameraControl.so(XmlParse.cpp-L2386)  ProcessName:python3.12(51097)     Description:[GetEnumValue]Get Node Value, Node does not exist, NodeName[MultiLightControl]
Error   2026-06-06 17:56:45:296  DevID:MV-CS050-60GC(DA6358574)  Source-Line:libMvCameraControl.so(GenICamImpl.cpp-L0364)  ProcessName:python3.12(51097)     Description:[GetEnumValue]Property[MultiLightControl], Ret[0x80000100]
Info    2026-06-06 17:56:45:296  DevID:MV-CS050-60GC(DA6358574)  Source-Line:libMvCameraControl.so(GigEStream.cpp-L0067)  ProcessName:python3.12(51097)     Description:[StartAcquisition][GEV]Width[2448], Height[2048], PixelFormat[0x1080008], PayloadSize[5013504], ChunkCount[100], CompressMode[0], DeviceUptime[8072]
Info    2026-06-06 17:56:45:305  DevID:MV-CS050-60GC(DA6358574)  Source-Line:libMvCameraControl.so(GenICamImpl.cpp-L2504)  ProcessName:python3.12(51097)     Description:[RecordThreadProc][Record] Get GainAuto value [0] (0:off 1:contineu; 2:once):
Info    2026-06-06 17:56:45:307  DevID:MV-CS050-60GC(DA6358574)  Source-Line:libMvCameraControl.so(StreamGrab.cpp-L0869)  ProcessName:python3.12(51097)     Description:[StartGrabbing]StreamChannel[0], Start grabbing success, There is no registration callback.
Info    2026-06-06 17:56:45:312  DevID:MV-CS050-60GC(DA6358574)  Source-Line:libMvCameraControl.so(GenICamImpl.cpp-L2525)  ProcessName:python3.12(51097)     Description:[RecordThreadProc][Record] Get Gain value [10.016100] 
Info    2026-06-06 17:56:45:313  DevID:MV-CS050-60GC(DA6358574)  Source-Line:libMvCameraControl.so(GenICamImpl.cpp-L2546)  ProcessName:python3.12(51097)     Description:[RecordThreadProc][Record] Get PixelFormat value [17301512] :
Info    2026-06-06 17:56:45:318  DevID:MV-CS050-60GC(DA6358574)  Source-Line:libMvCameraControl.so(GenICamImpl.cpp-L2609)  ProcessName:python3.12(51097)     Description:[RecordThreadProc][Record] Get UserSetCurrent value [0]
Info    2026-06-06 17:56:45:321  DevID:MV-CS050-60GC(DA6358574)  Source-Line:libMvCameraControl.so(GenICamImpl.cpp-L2630)  ProcessName:python3.12(51097)     Description:[RecordThreadProc][Record] Get UserSetSelector value [0] 
Info    2026-06-06 17:56:45:322  DevID:MV-CS050-60GC(DA6358574)  Source-Line:libMvCameraControl.so(GenICamImpl.cpp-L2651)  ProcessName:python3.12(51097)     Description:[RecordThreadProc][Record] Get UserSetDefault value[0]
Info    2026-06-06 17:56:45:322  DevID:  Source-Line:libMvCameraControl.so(GenICamImpl.cpp-L2347)  ProcessName:python3.12(51097)     Description:[RecordThread]RecordThread End, ThreadId[651842000]
Info    2026-06-06 18:02:40:183  DevID:MV-CS050-60GC(DA6358574)  Source-Line:libMvCameraControl.so(StreamGrab.cpp-L0934)  ProcessName:python3.12(51097)     Description:[StopGrabbing]Stop grabbing success! DeviceUptime[8427]
Info    2026-06-06 18:02:40:183  DevID:MV-CS050-60GC(DA6358574)  Source-Line:libMvCameraControl.so(GigEDevice.cpp-L0648)  ProcessName:python3.12(51097)     Description:[CloseGigEDevice] Close device begin!
Error   2026-06-06 18:02:40:183  DevID:MV-CS050-60GC(DA6358574)  Source-Line:libMvCameraControl.so(StreamGrab.cpp-L0882)  ProcessName:python3.12(51097)     Description:[StopGrabbing]StreamChannel[0], bGrabbing[0], pDevStream[0xaaaabebcf960]
Info    2026-06-06 18:02:40:183  DevID:MV-CS050-60GC(DA6358574)  Source-Line:libMvCameraControl.so(StreamGrab.cpp-L0270)  ProcessName:python3.12(51097)     Description:[Close]Stream channel[0] closed
Info    2026-06-06 18:02:40:184  DevID:MV-CS050-60GC(DA6358574)  Source-Line:libMvCameraControl.so(GigEDevice.cpp-L0665)  ProcessName:python3.12(51097)     Description:[CloseGigEDevice]DeviceUptime[8427]
Info    2026-06-06 18:02:40:294  DevID:MV-CS050-60GC(DA6358574)  Source-Line:libMvCameraControl.so(GigEDevice.cpp-L0687)  ProcessName:python3.12(51097)     Description:[CloseGigEDevice]Close device success!
Info    2026-06-06 18:02:40:294  DevID:MV-CS050-60GC(DA6358574)  Source-Line:libMvCameraControl.so(GigEDeviceEvent.cpp-L0046)  ProcessName:python3.12(51097)     Description:[Deinit]GigEDeviceEvent Deinit  RecvAllEvent  [0],
Info    2026-06-06 18:02:40:304  DevID:  Source-Line:libMvCameraControl.so(GigELoadLibrary.cpp-L1732)  ProcessName:python3.12(51097)     Description:[UnloadGigEAllFunctions]UnLoad MVGigEVisionSDK success
Info    2026-06-06 18:02:40:304  DevID:  Source-Line:libMvCameraControl.so(U3VLoadLibrary.cpp-L0931)  ProcessName:python3.12(51097)     Description:[UnloadU3VAllFunctions]UnLoad MvUsb3vTLDLL success
Error   2026-06-06 18:04:09:339  DevID:  Source-Line:libMvCameraControl.so(GenTLLoadLibraryEx.cpp-L0222)  ProcessName:python3.12(53346)     Description:[LoadCtiLibInter]Load CTI failed! CTI path[/opt/MVS/lib/aarch64/libMvProducerVIR.so], nRet[0x8000000c]
Error   2026-06-06 18:04:09:340  DevID:  Source-Line:libMvCameraControl.so(GenTLLoadLibraryEx.cpp-L0222)  ProcessName:python3.12(53346)     Description:[LoadCtiLibInter]Load CTI failed! CTI path[/opt/MVS/lib/aarch64/libMvProducerVIR.so], nRet[0x8000000c]
Info    2026-06-06 18:04:09:340  DevID:  Source-Line:libMvCameraControl.so(GigELoadLibrary.cpp-L1607)  ProcessName:python3.12(53346)     Description:[LoadGigEAllFunctions]Load MVGigEVisionSDK success
Error   2026-06-06 18:04:09:340  DevID:  Source-Line:libMvCameraControl.so(GenTLLoadLibraryEx.cpp-L0222)  ProcessName:python3.12(53346)     Description:[LoadCtiLibInter]Load CTI failed! CTI path[/opt/MVS/lib/aarch64/MvFGProducerGEV.cti], nRet[0x8000000c]
Error   2026-06-06 18:04:09:340  DevID:  Source-Line:libMvCameraControl.so(FGDeviceEnumerator.cpp-L0103)  ProcessName:python3.12(53346)     Description:[EnumInterfaceInter]EnumInterfaces failed! Ret[0x8000000c], TLayerType[0x1], CTI[/opt/MVS/lib/aarch64/MvFGProducerGEV.cti]
Error   2026-06-06 18:04:09:340  DevID:  Source-Line:libMvCameraControl.so(GenTLLoadLibraryEx.cpp-L0222)  ProcessName:python3.12(53346)     Description:[LoadCtiLibInter]Load CTI failed! CTI path[/opt/MVS/lib/aarch64/MvFGProducerCXP.cti], nRet[0x8000000c]
Error   2026-06-06 18:04:09:340  DevID:  Source-Line:libMvCameraControl.so(FGDeviceEnumerator.cpp-L0103)  ProcessName:python3.12(53346)     Description:[EnumInterfaceInter]EnumInterfaces failed! Ret[0x8000000c], TLayerType[0x8], CTI[/opt/MVS/lib/aarch64/MvFGProducerCXP.cti]
Error   2026-06-06 18:04:09:340  DevID:  Source-Line:libMvCameraControl.so(GenTLLoadLibraryEx.cpp-L0222)  ProcessName:python3.12(53346)     Description:[LoadCtiLibInter]Load CTI failed! CTI path[/opt/MVS/lib/aarch64/MvFGProducerCML.cti], nRet[0x8000000c]
Error   2026-06-06 18:04:09:340  DevID:  Source-Line:libMvCameraControl.so(FGDeviceEnumerator.cpp-L0103)  ProcessName:python3.12(53346)     Description:[EnumInterfaceInter]EnumInterfaces failed! Ret[0x8000000c], TLayerType[0x4], CTI[/opt/MVS/lib/aarch64/MvFGProducerCML.cti]
Error   2026-06-06 18:04:09:340  DevID:  Source-Line:libMvCameraControl.so(GenTLLoadLibraryEx.cpp-L0222)  ProcessName:python3.12(53346)     Description:[LoadCtiLibInter]Load CTI failed! CTI path[/opt/MVS/lib/aarch64/MvFGProducerXoF.cti], nRet[0x8000000c]
Error   2026-06-06 18:04:09:340  DevID:  Source-Line:libMvCameraControl.so(FGDeviceEnumerator.cpp-L0103)  ProcessName:python3.12(53346)     Description:[EnumInterfaceInter]EnumInterfaces failed! Ret[0x8000000c], TLayerType[0x10], CTI[/opt/MVS/lib/aarch64/MvFGProducerXoF.cti]
Info    2026-06-06 18:04:10:744  DevID:MV-CS050-60GC(DA6358574)  Source-Line:libMvCameraControl.so(GigEDevice.cpp-L0263)  ProcessName:python3.12(53346)     Description:[Init]GEV INFO DeviceIP[192.168.195.100], NetIP[192.168.195.254], ManufacturerInfo[Hikrobot], DeviceVersion[V4.0.30 241011 1385495], UserID[]
Info    2026-06-06 18:04:10:744  DevID:MV-CS050-60GC(DA6358574)  Source-Line:libMvCameraControl.so(MediaProcess.cpp-L0884)  ProcessName:python3.12(53346)     Description:[SetBayerCvtQuality]Set Bayer CvtQuality success! BayerCvtQuality[1]
Info    2026-06-06 18:04:10:744  DevID:MV-CS050-60GC(DA6358574)  Source-Line:libMvCameraControl.so(MediaProcess.cpp-L1732)  ProcessName:python3.12(53346)     Description:[SetBayerThreadNum]Set Bayer Thread Num success! BayerThreadNum[4]
Info    2026-06-06 18:04:10:744  DevID:MV-CS050-60GC(DA6358574)  Source-Line:libMvCameraControl.so(MediaProcess.cpp-L0884)  ProcessName:python3.12(53346)     Description:[SetBayerCvtQuality]Set Bayer CvtQuality success! BayerCvtQuality[1]
Info    2026-06-06 18:04:10:744  DevID:MV-CS050-60GC(DA6358574)  Source-Line:libMvCameraControl.so(MediaProcess.cpp-L1732)  ProcessName:python3.12(53346)     Description:[SetBayerThreadNum]Set Bayer Thread Num success! BayerThreadNum[4]
Info    2026-06-06 18:04:10:744  DevID:MV-CS050-60GC(DA6358574)  Source-Line:libMvCameraControl.so(GigEDevice.cpp-L0299)  ProcessName:python3.12(53346)     Description:[IsValidVersion]MvCameraControl Version[0x4070003], GigE SDKVersion[0x4070003], DriverVersion[0x4070001]
Info    2026-06-06 18:04:10:775  DevID:  Source-Line:libMvCameraControl.so(CacheXmlToFile.cpp-L0516)  ProcessName:python3.12(53346)     Description:[ReadCacheFile]ReadLocalFile XMLPath[SchemaVersion.1.0@Hikrobot#GEV#MV-CS050-60GC#V4.0.30 241011 1385495@XMLVersion.1.0.0.zip]
Info    2026-06-06 18:04:10:775  DevID:MV-CS050-60GC(DA6358574)  Source-Line:libMvCameraControl.so(GigEDevice.cpp-L0464)  ProcessName:python3.12(53346)     Description:[GetXmlInfo]Get GenICamXML From local File, len [0x19132] Type[1]
Info    2026-06-06 18:04:10:932  DevID:MV-CS050-60GC(DA6358574)  Source-Line:libMvCameraControl.so(GigEDevice.cpp-L0805)  ProcessName:python3.12(53346)     Description:[OpenDevice]Load XML success
Info    2026-06-06 18:04:10:934  DevID:MV-CS050-60GC(DA6358574)  Source-Line:libMvCameraControl.so(GenICamImpl.cpp-L0752)  ProcessName:python3.12(53346)     Description:[InvalidateNodes]Invalidate Nodes success
Info    2026-06-06 18:04:10:934  DevID:MV-CS050-60GC(DA6358574)  Source-Line:libMvCameraControl.so(GigEDevice.cpp-L0818)  ProcessName:python3.12(53346)     Description:[OpenDevice]Invalidate Nodes success
Info    2026-06-06 18:04:10:937  DevID:MV-CS050-60GC(DA6358574)  Source-Line:libMvCameraControl.so(StreamGrab.cpp-L0234)  ProcessName:python3.12(53346)     Description:[Open]Stream channel[0] opened
Info    2026-06-06 18:04:10:939  DevID:MV-CS050-60GC(DA6358574)  Source-Line:libMvCameraControl.so(GigEDevice.cpp-L0849)  ProcessName:python3.12(53346)     Description:[OpenDevice]Open device success! PrivilegeMode[1], SwitchoverKey[0], DeviceUptime[8518],DeviceFirmwareVersion[V4.0.30 2410111385495 24091104]
Info    2026-06-06 18:04:10:939  DevID:MV-CS050-60GC(DA6358574)  Source-Line:libMvCameraControl.so(GigEDevice.cpp-L0865)  ProcessName:python3.12(53346)     Description:[OpenDevice]OpenDevice, cost time 195.000000ms 
Info    2026-06-06 18:04:10:939  DevID:  Source-Line:libMvCameraControl.so(GenICamImpl.cpp-L2342)  ProcessName:python3.12(53346)     Description:[RecordThread]RecordThread Start, ThreadId[1090167248]
Info    2026-06-06 18:04:12:378  DevID:MV-CS050-60GC(DA6358574)  Source-Line:libMvCameraControl.so(GenICamImpl.cpp-L2373)  ProcessName:python3.12(53346)     Description:[RecordThreadProc][Record] Get BlackLevel value [64]
Info    2026-06-06 18:04:12:384  DevID:MV-CS050-60GC(DA6358574)  Source-Line:libMvCameraControl.so(GenICamImpl.cpp-L2395)  ProcessName:python3.12(53346)     Description:[RecordThreadProc][Record] Get BalanceWhiteAuto Value [1] (0:off 1:contineu; 2:once):
Info    2026-06-06 18:04:12:396  DevID:MV-CS050-60GC(DA6358574)  Source-Line:libMvCameraControl.so(GenICamImpl.cpp-L2461)  ProcessName:python3.12(53346)     Description:[RecordThreadProc][Record] Get ExposureAuto value [0]
Error   2026-06-06 18:04:12:430  DevID:MV-CS050-60GC(DA6358574)  Source-Line:libMvCameraControl.so(GenICamImpl.cpp-L1111)  ProcessName:python3.12(53346)     Description:[XML_GetNodeAccessMode]PropertyName[SeqExpEnable], Ret[0x80000100]
Error   2026-06-06 18:04:12:430  DevID:MV-CS050-60GC(DA6358574)  Source-Line:libMvCameraControl.so(XmlParse.cpp-L3037)  ProcessName:python3.12(53346)     Description:[GetBooleanValue]Get Node Value, Node does not exist, NodeName[SeqExpEnable]
Error   2026-06-06 18:04:12:430  DevID:MV-CS050-60GC(DA6358574)  Source-Line:libMvCameraControl.so(GenICamImpl.cpp-L0551)  ProcessName:python3.12(53346)     Description:[GetBoolValue]Property[SeqExpEnable], Ret[0x80000100]
Error   2026-06-06 18:04:12:430  DevID:MV-CS050-60GC(DA6358574)  Source-Line:libMvCameraControl.so(GenICamImpl.cpp-L1111)  ProcessName:python3.12(53346)     Description:[XML_GetNodeAccessMode]PropertyName[MultiLightControl], Ret[0x80000100]
Error   2026-06-06 18:04:12:430  DevID:MV-CS050-60GC(DA6358574)  Source-Line:libMvCameraControl.so(XmlParse.cpp-L2386)  ProcessName:python3.12(53346)     Description:[GetEnumValue]Get Node Value, Node does not exist, NodeName[MultiLightControl]
Error   2026-06-06 18:04:12:430  DevID:MV-CS050-60GC(DA6358574)  Source-Line:libMvCameraControl.so(GenICamImpl.cpp-L0364)  ProcessName:python3.12(53346)     Description:[GetEnumValue]Property[MultiLightControl], Ret[0x80000100]
Info    2026-06-06 18:04:12:430  DevID:MV-CS050-60GC(DA6358574)  Source-Line:libMvCameraControl.so(GigEStream.cpp-L0067)  ProcessName:python3.12(53346)     Description:[StartAcquisition][GEV]Width[2448], Height[2048], PixelFormat[0x1080008], PayloadSize[5013504], ChunkCount[100], CompressMode[0], DeviceUptime[8519]
Info    2026-06-06 18:04:12:440  DevID:MV-CS050-60GC(DA6358574)  Source-Line:libMvCameraControl.so(StreamGrab.cpp-L0869)  ProcessName:python3.12(53346)     Description:[StartGrabbing]StreamChannel[0], Start grabbing success, There is no registration callback.
Info    2026-06-06 18:04:12:444  DevID:MV-CS050-60GC(DA6358574)  Source-Line:libMvCameraControl.so(GenICamImpl.cpp-L2483)  ProcessName:python3.12(53346)     Description:[RecordThreadProc][Record] Get ExposureTime value [50000.000000] 
Info    2026-06-06 18:04:12:446  DevID:MV-CS050-60GC(DA6358574)  Source-Line:libMvCameraControl.so(GenICamImpl.cpp-L2504)  ProcessName:python3.12(53346)     Description:[RecordThreadProc][Record] Get GainAuto value [0] (0:off 1:contineu; 2:once):
Info    2026-06-06 18:04:12:450  DevID:MV-CS050-60GC(DA6358574)  Source-Line:libMvCameraControl.so(GenICamImpl.cpp-L2525)  ProcessName:python3.12(53346)     Description:[RecordThreadProc][Record] Get Gain value [10.016100] 
Info    2026-06-06 18:04:12:451  DevID:MV-CS050-60GC(DA6358574)  Source-Line:libMvCameraControl.so(GenICamImpl.cpp-L2546)  ProcessName:python3.12(53346)     Description:[RecordThreadProc][Record] Get PixelFormat value [17301512] :
Info    2026-06-06 18:04:12:457  DevID:MV-CS050-60GC(DA6358574)  Source-Line:libMvCameraControl.so(GenICamImpl.cpp-L2609)  ProcessName:python3.12(53346)     Description:[RecordThreadProc][Record] Get UserSetCurrent value [0]
Info    2026-06-06 18:04:12:459  DevID:MV-CS050-60GC(DA6358574)  Source-Line:libMvCameraControl.so(GenICamImpl.cpp-L2630)  ProcessName:python3.12(53346)     Description:[RecordThreadProc][Record] Get UserSetSelector value [0] 
Info    2026-06-06 18:04:12:459  DevID:MV-CS050-60GC(DA6358574)  Source-Line:libMvCameraControl.so(GenICamImpl.cpp-L2651)  ProcessName:python3.12(53346)     Description:[RecordThreadProc][Record] Get UserSetDefault value[0]
Info    2026-06-06 18:04:12:459  DevID:  Source-Line:libMvCameraControl.so(GenICamImpl.cpp-L2347)  ProcessName:python3.12(53346)     Description:[RecordThread]RecordThread End, ThreadId[1090167248]
Info    2026-06-06 18:05:43:175  DevID:MV-CS050-60GC(DA6358574)  Source-Line:libMvCameraControl.so(StreamGrab.cpp-L0934)  ProcessName:python3.12(53346)     Description:[StopGrabbing]Stop grabbing success! DeviceUptime[8610]
Info    2026-06-06 18:05:43:175  DevID:MV-CS050-60GC(DA6358574)  Source-Line:libMvCameraControl.so(GigEDevice.cpp-L0648)  ProcessName:python3.12(53346)     Description:[CloseGigEDevice] Close device begin!
Error   2026-06-06 18:05:43:175  DevID:MV-CS050-60GC(DA6358574)  Source-Line:libMvCameraControl.so(StreamGrab.cpp-L0882)  ProcessName:python3.12(53346)     Description:[StopGrabbing]StreamChannel[0], bGrabbing[0], pDevStream[0xaaaaf7927b40]
Info    2026-06-06 18:05:43:175  DevID:MV-CS050-60GC(DA6358574)  Source-Line:libMvCameraControl.so(StreamGrab.cpp-L0270)  ProcessName:python3.12(53346)     Description:[Close]Stream channel[0] closed
Info    2026-06-06 18:05:43:176  DevID:MV-CS050-60GC(DA6358574)  Source-Line:libMvCameraControl.so(GigEDevice.cpp-L0665)  ProcessName:python3.12(53346)     Description:[CloseGigEDevice]DeviceUptime[8610]
Info    2026-06-06 18:05:43:284  DevID:MV-CS050-60GC(DA6358574)  Source-Line:libMvCameraControl.so(GigEDevice.cpp-L0687)  ProcessName:python3.12(53346)     Description:[CloseGigEDevice]Close device success!
Info    2026-06-06 18:05:43:284  DevID:MV-CS050-60GC(DA6358574)  Source-Line:libMvCameraControl.so(GigEDeviceEvent.cpp-L0046)  ProcessName:python3.12(53346)     Description:[Deinit]GigEDeviceEvent Deinit  RecvAllEvent  [0],
Info    2026-06-06 18:05:43:293  DevID:  Source-Line:libMvCameraControl.so(GigELoadLibrary.cpp-L1732)  ProcessName:python3.12(53346)     Description:[UnloadGigEAllFunctions]UnLoad MVGigEVisionSDK success
Info    2026-06-06 18:05:43:293  DevID:  Source-Line:libMvCameraControl.so(U3VLoadLibrary.cpp-L0931)  ProcessName:python3.12(53346)     Description:[UnloadU3VAllFunctions]UnLoad MvUsb3vTLDLL success
Error   2026-06-06 18:08:46:256  DevID:  Source-Line:libMvCameraControl.so(GenTLLoadLibraryEx.cpp-L0222)  ProcessName:python3.12(55011)     Description:[LoadCtiLibInter]Load CTI failed! CTI path[/opt/MVS/lib/aarch64/libMvProducerVIR.so], nRet[0x8000000c]
Error   2026-06-06 18:08:46:256  DevID:  Source-Line:libMvCameraControl.so(GenTLLoadLibraryEx.cpp-L0222)  ProcessName:python3.12(55011)     Description:[LoadCtiLibInter]Load CTI failed! CTI path[/opt/MVS/lib/aarch64/libMvProducerVIR.so], nRet[0x8000000c]
Error   2026-06-06 18:08:46:257  DevID:  Source-Line:libMvCameraControl.so(GenTLLoadLibraryEx.cpp-L0222)  ProcessName:python3.12(55011)     Description:[LoadCtiLibInter]Load CTI failed! CTI path[/opt/MVS/lib/aarch64/MvFGProducerGEV.cti], nRet[0x8000000c]
Info    2026-06-06 18:08:46:257  DevID:  Source-Line:libMvCameraControl.so(GigELoadLibrary.cpp-L1607)  ProcessName:python3.12(55011)     Description:[LoadGigEAllFunctions]Load MVGigEVisionSDK success
Error   2026-06-06 18:08:46:257  DevID:  Source-Line:libMvCameraControl.so(FGDeviceEnumerator.cpp-L0103)  ProcessName:python3.12(55011)     Description:[EnumInterfaceInter]EnumInterfaces failed! Ret[0x8000000c], TLayerType[0x1], CTI[/opt/MVS/lib/aarch64/MvFGProducerGEV.cti]
Error   2026-06-06 18:08:46:257  DevID:  Source-Line:libMvCameraControl.so(GenTLLoadLibraryEx.cpp-L0222)  ProcessName:python3.12(55011)     Description:[LoadCtiLibInter]Load CTI failed! CTI path[/opt/MVS/lib/aarch64/MvFGProducerCML.cti], nRet[0x8000000c]
Error   2026-06-06 18:08:46:257  DevID:  Source-Line:libMvCameraControl.so(FGDeviceEnumerator.cpp-L0103)  ProcessName:python3.12(55011)     Description:[EnumInterfaceInter]EnumInterfaces failed! Ret[0x8000000c], TLayerType[0x4], CTI[/opt/MVS/lib/aarch64/MvFGProducerCML.cti]
Error   2026-06-06 18:08:46:257  DevID:  Source-Line:libMvCameraControl.so(GenTLLoadLibraryEx.cpp-L0222)  ProcessName:python3.12(55011)     Description:[LoadCtiLibInter]Load CTI failed! CTI path[/opt/MVS/lib/aarch64/MvFGProducerXoF.cti], nRet[0x8000000c]
Error   2026-06-06 18:08:46:257  DevID:  Source-Line:libMvCameraControl.so(FGDeviceEnumerator.cpp-L0103)  ProcessName:python3.12(55011)     Description:[EnumInterfaceInter]EnumInterfaces failed! Ret[0x8000000c], TLayerType[0x10], CTI[/opt/MVS/lib/aarch64/MvFGProducerXoF.cti]
Error   2026-06-06 18:08:46:257  DevID:  Source-Line:libMvCameraControl.so(GenTLLoadLibraryEx.cpp-L0222)  ProcessName:python3.12(55011)     Description:[LoadCtiLibInter]Load CTI failed! CTI path[/opt/MVS/lib/aarch64/MvFGProducerCXP.cti], nRet[0x8000000c]
Error   2026-06-06 18:08:46:257  DevID:  Source-Line:libMvCameraControl.so(FGDeviceEnumerator.cpp-L0103)  ProcessName:python3.12(55011)     Description:[EnumInterfaceInter]EnumInterfaces failed! Ret[0x8000000c], TLayerType[0x8], CTI[/opt/MVS/lib/aarch64/MvFGProducerCXP.cti]
Error   2026-06-06 18:09:12:999  DevID:  Source-Line:libMvCameraControl.so(GenTLLoadLibraryEx.cpp-L0222)  ProcessName:python3.12(55335)     Description:[LoadCtiLibInter]Load CTI failed! CTI path[/opt/MVS/lib/aarch64/libMvProducerVIR.so], nRet[0x8000000c]
Info    2026-06-06 18:09:12:000  DevID:  Source-Line:libMvCameraControl.so(GigELoadLibrary.cpp-L1607)  ProcessName:python3.12(55335)     Description:[LoadGigEAllFunctions]Load MVGigEVisionSDK success
Error   2026-06-06 18:09:12:000  DevID:  Source-Line:libMvCameraControl.so(GenTLLoadLibraryEx.cpp-L0222)  ProcessName:python3.12(55335)     Description:[LoadCtiLibInter]Load CTI failed! CTI path[/opt/MVS/lib/aarch64/libMvProducerVIR.so], nRet[0x8000000c]
Error   2026-06-06 18:09:12:000  DevID:  Source-Line:libMvCameraControl.so(GenTLLoadLibraryEx.cpp-L0222)  ProcessName:python3.12(55335)     Description:[LoadCtiLibInter]Load CTI failed! CTI path[/opt/MVS/lib/aarch64/MvFGProducerGEV.cti], nRet[0x8000000c]
Error   2026-06-06 18:09:12:000  DevID:  Source-Line:libMvCameraControl.so(FGDeviceEnumerator.cpp-L0103)  ProcessName:python3.12(55335)     Description:[EnumInterfaceInter]EnumInterfaces failed! Ret[0x8000000c], TLayerType[0x1], CTI[/opt/MVS/lib/aarch64/MvFGProducerGEV.cti]
Error   2026-06-06 18:09:12:000  DevID:  Source-Line:libMvCameraControl.so(GenTLLoadLibraryEx.cpp-L0222)  ProcessName:python3.12(55335)     Description:[LoadCtiLibInter]Load CTI failed! CTI path[/opt/MVS/lib/aarch64/MvFGProducerCXP.cti], nRet[0x8000000c]
Error   2026-06-06 18:09:12:000  DevID:  Source-Line:libMvCameraControl.so(FGDeviceEnumerator.cpp-L0103)  ProcessName:python3.12(55335)     Description:[EnumInterfaceInter]EnumInterfaces failed! Ret[0x8000000c], TLayerType[0x8], CTI[/opt/MVS/lib/aarch64/MvFGProducerCXP.cti]
Error   2026-06-06 18:09:12:000  DevID:  Source-Line:libMvCameraControl.so(GenTLLoadLibraryEx.cpp-L0222)  ProcessName:python3.12(55335)     Description:[LoadCtiLibInter]Load CTI failed! CTI path[/opt/MVS/lib/aarch64/MvFGProducerCML.cti], nRet[0x8000000c]
Error   2026-06-06 18:09:12:000  DevID:  Source-Line:libMvCameraControl.so(FGDeviceEnumerator.cpp-L0103)  ProcessName:python3.12(55335)     Description:[EnumInterfaceInter]EnumInterfaces failed! Ret[0x8000000c], TLayerType[0x4], CTI[/opt/MVS/lib/aarch64/MvFGProducerCML.cti]
Error   2026-06-06 18:09:12:000  DevID:  Source-Line:libMvCameraControl.so(GenTLLoadLibraryEx.cpp-L0222)  ProcessName:python3.12(55335)     Description:[LoadCtiLibInter]Load CTI failed! CTI path[/opt/MVS/lib/aarch64/MvFGProducerXoF.cti], nRet[0x8000000c]
Error   2026-06-06 18:09:12:000  DevID:  Source-Line:libMvCameraControl.so(FGDeviceEnumerator.cpp-L0103)  ProcessName:python3.12(55335)     Description:[EnumInterfaceInter]EnumInterfaces failed! Ret[0x8000000c], TLayerType[0x10], CTI[/opt/MVS/lib/aarch64/MvFGProducerXoF.cti]
Info    2026-06-06 18:09:13:881  DevID:MV-CS050-60GC(DA6358574)  Source-Line:libMvCameraControl.so(GigEDevice.cpp-L0263)  ProcessName:python3.12(55335)     Description:[Init]GEV INFO DeviceIP[192.168.195.100], NetIP[192.168.195.254], ManufacturerInfo[Hikrobot], DeviceVersion[V4.0.30 241011 1385495], UserID[]
Info    2026-06-06 18:09:13:881  DevID:MV-CS050-60GC(DA6358574)  Source-Line:libMvCameraControl.so(MediaProcess.cpp-L0884)  ProcessName:python3.12(55335)     Description:[SetBayerCvtQuality]Set Bayer CvtQuality success! BayerCvtQuality[1]
Info    2026-06-06 18:09:13:881  DevID:MV-CS050-60GC(DA6358574)  Source-Line:libMvCameraControl.so(MediaProcess.cpp-L1732)  ProcessName:python3.12(55335)     Description:[SetBayerThreadNum]Set Bayer Thread Num success! BayerThreadNum[4]
Info    2026-06-06 18:09:13:881  DevID:MV-CS050-60GC(DA6358574)  Source-Line:libMvCameraControl.so(MediaProcess.cpp-L0884)  ProcessName:python3.12(55335)     Description:[SetBayerCvtQuality]Set Bayer CvtQuality success! BayerCvtQuality[1]
Info    2026-06-06 18:09:13:881  DevID:MV-CS050-60GC(DA6358574)  Source-Line:libMvCameraControl.so(MediaProcess.cpp-L1732)  ProcessName:python3.12(55335)     Description:[SetBayerThreadNum]Set Bayer Thread Num success! BayerThreadNum[4]
Info    2026-06-06 18:09:13:881  DevID:MV-CS050-60GC(DA6358574)  Source-Line:libMvCameraControl.so(GigEDevice.cpp-L0299)  ProcessName:python3.12(55335)     Description:[IsValidVersion]MvCameraControl Version[0x4070003], GigE SDKVersion[0x4070003], DriverVersion[0x4070001]
Info    2026-06-06 18:09:13:914  DevID:  Source-Line:libMvCameraControl.so(CacheXmlToFile.cpp-L0516)  ProcessName:python3.12(55335)     Description:[ReadCacheFile]ReadLocalFile XMLPath[SchemaVersion.1.0@Hikrobot#GEV#MV-CS050-60GC#V4.0.30 241011 1385495@XMLVersion.1.0.0.zip]
Info    2026-06-06 18:09:13:914  DevID:MV-CS050-60GC(DA6358574)  Source-Line:libMvCameraControl.so(GigEDevice.cpp-L0464)  ProcessName:python3.12(55335)     Description:[GetXmlInfo]Get GenICamXML From local File, len [0x19132] Type[1]
Info    2026-06-06 18:09:14:076  DevID:MV-CS050-60GC(DA6358574)  Source-Line:libMvCameraControl.so(GigEDevice.cpp-L0805)  ProcessName:python3.12(55335)     Description:[OpenDevice]Load XML success
Info    2026-06-06 18:09:14:079  DevID:MV-CS050-60GC(DA6358574)  Source-Line:libMvCameraControl.so(GenICamImpl.cpp-L0752)  ProcessName:python3.12(55335)     Description:[InvalidateNodes]Invalidate Nodes success
Info    2026-06-06 18:09:14:079  DevID:MV-CS050-60GC(DA6358574)  Source-Line:libMvCameraControl.so(GigEDevice.cpp-L0818)  ProcessName:python3.12(55335)     Description:[OpenDevice]Invalidate Nodes success
Info    2026-06-06 18:09:14:082  DevID:MV-CS050-60GC(DA6358574)  Source-Line:libMvCameraControl.so(StreamGrab.cpp-L0234)  ProcessName:python3.12(55335)     Description:[Open]Stream channel[0] opened
Info    2026-06-06 18:09:14:085  DevID:MV-CS050-60GC(DA6358574)  Source-Line:libMvCameraControl.so(GigEDevice.cpp-L0849)  ProcessName:python3.12(55335)     Description:[OpenDevice]Open device success! PrivilegeMode[1], SwitchoverKey[0], DeviceUptime[8821],DeviceFirmwareVersion[V4.0.30 2410111385495 24091104]
Info    2026-06-06 18:09:14:085  DevID:MV-CS050-60GC(DA6358574)  Source-Line:libMvCameraControl.so(GigEDevice.cpp-L0865)  ProcessName:python3.12(55335)     Description:[OpenDevice]OpenDevice, cost time 204.000000ms 
Info    2026-06-06 18:09:14:085  DevID:  Source-Line:libMvCameraControl.so(GenICamImpl.cpp-L2342)  ProcessName:python3.12(55335)     Description:[RecordThread]RecordThread Start, ThreadId[454848976]
Info    2026-06-06 18:09:14:092  DevID:MV-CS050-60GC(DA6358574)  Source-Line:libMvCameraControl.so(GenICamImpl.cpp-L2373)  ProcessName:python3.12(55335)     Description:[RecordThreadProc][Record] Get BlackLevel value [64]
Info    2026-06-06 18:09:14:095  DevID:MV-CS050-60GC(DA6358574)  Source-Line:libMvCameraControl.so(GenICamImpl.cpp-L2395)  ProcessName:python3.12(55335)     Description:[RecordThreadProc][Record] Get BalanceWhiteAuto Value [1] (0:off 1:contineu; 2:once):
Info    2026-06-06 18:09:14:100  DevID:MV-CS050-60GC(DA6358574)  Source-Line:libMvCameraControl.so(GenICamImpl.cpp-L2461)  ProcessName:python3.12(55335)     Description:[RecordThreadProc][Record] Get ExposureAuto value [0]
Info    2026-06-06 18:09:14:106  DevID:MV-CS050-60GC(DA6358574)  Source-Line:libMvCameraControl.so(GenICamImpl.cpp-L2483)  ProcessName:python3.12(55335)     Description:[RecordThreadProc][Record] Get ExposureTime value [50000.000000] 
Info    2026-06-06 18:09:14:108  DevID:MV-CS050-60GC(DA6358574)  Source-Line:libMvCameraControl.so(GenICamImpl.cpp-L2504)  ProcessName:python3.12(55335)     Description:[RecordThreadProc][Record] Get GainAuto value [0] (0:off 1:contineu; 2:once):
Info    2026-06-06 18:09:14:114  DevID:MV-CS050-60GC(DA6358574)  Source-Line:libMvCameraControl.so(GenICamImpl.cpp-L2525)  ProcessName:python3.12(55335)     Description:[RecordThreadProc][Record] Get Gain value [10.016100] 
Info    2026-06-06 18:09:14:121  DevID:MV-CS050-60GC(DA6358574)  Source-Line:libMvCameraControl.so(GenICamImpl.cpp-L2546)  ProcessName:python3.12(55335)     Description:[RecordThreadProc][Record] Get PixelFormat value [17301512] :
Info    2026-06-06 18:09:14:127  DevID:MV-CS050-60GC(DA6358574)  Source-Line:libMvCameraControl.so(GenICamImpl.cpp-L2609)  ProcessName:python3.12(55335)     Description:[RecordThreadProc][Record] Get UserSetCurrent value [0]
Info    2026-06-06 18:09:14:130  DevID:MV-CS050-60GC(DA6358574)  Source-Line:libMvCameraControl.so(GenICamImpl.cpp-L2630)  ProcessName:python3.12(55335)     Description:[RecordThreadProc][Record] Get UserSetSelector value [0] 
Info    2026-06-06 18:09:14:131  DevID:MV-CS050-60GC(DA6358574)  Source-Line:libMvCameraControl.so(GenICamImpl.cpp-L2651)  ProcessName:python3.12(55335)     Description:[RecordThreadProc][Record] Get UserSetDefault value[0]
Info    2026-06-06 18:09:14:131  DevID:  Source-Line:libMvCameraControl.so(GenICamImpl.cpp-L2347)  ProcessName:python3.12(55335)     Description:[RecordThread]RecordThread End, ThreadId[454848976]
Error   2026-06-06 18:09:15:600  DevID:MV-CS050-60GC(DA6358574)  Source-Line:libMvCameraControl.so(GenICamImpl.cpp-L1111)  ProcessName:python3.12(55335)     Description:[XML_GetNodeAccessMode]PropertyName[SeqExpEnable], Ret[0x80000100]
Error   2026-06-06 18:09:15:600  DevID:MV-CS050-60GC(DA6358574)  Source-Line:libMvCameraControl.so(XmlParse.cpp-L3037)  ProcessName:python3.12(55335)     Description:[GetBooleanValue]Get Node Value, Node does not exist, NodeName[SeqExpEnable]
Error   2026-06-06 18:09:15:600  DevID:MV-CS050-60GC(DA6358574)  Source-Line:libMvCameraControl.so(GenICamImpl.cpp-L0551)  ProcessName:python3.12(55335)     Description:[GetBoolValue]Property[SeqExpEnable], Ret[0x80000100]
Error   2026-06-06 18:09:15:600  DevID:MV-CS050-60GC(DA6358574)  Source-Line:libMvCameraControl.so(GenICamImpl.cpp-L1111)  ProcessName:python3.12(55335)     Description:[XML_GetNodeAccessMode]PropertyName[MultiLightControl], Ret[0x80000100]
Error   2026-06-06 18:09:15:600  DevID:MV-CS050-60GC(DA6358574)  Source-Line:libMvCameraControl.so(XmlParse.cpp-L2386)  ProcessName:python3.12(55335)     Description:[GetEnumValue]Get Node Value, Node does not exist, NodeName[MultiLightControl]
Error   2026-06-06 18:09:15:600  DevID:MV-CS050-60GC(DA6358574)  Source-Line:libMvCameraControl.so(GenICamImpl.cpp-L0364)  ProcessName:python3.12(55335)     Description:[GetEnumValue]Property[MultiLightControl], Ret[0x80000100]
Info    2026-06-06 18:09:15:600  DevID:MV-CS050-60GC(DA6358574)  Source-Line:libMvCameraControl.so(GigEStream.cpp-L0067)  ProcessName:python3.12(55335)     Description:[StartAcquisition][GEV]Width[2448], Height[2048], PixelFormat[0x1080008], PayloadSize[5013504], ChunkCount[100], CompressMode[0], DeviceUptime[8822]
Info    2026-06-06 18:09:15:610  DevID:MV-CS050-60GC(DA6358574)  Source-Line:libMvCameraControl.so(StreamGrab.cpp-L0869)  ProcessName:python3.12(55335)     Description:[StartGrabbing]StreamChannel[0], Start grabbing success, There is no registration callback.
Error   2026-06-06 18:09:59:471  DevID:MV-CS050-60GC(DA6358574)  Source-Line:libMvCameraControl.so(XmlParse.cpp-L2971)  ProcessName:python3.12(55335)     Description:[SetFloatValue]Set Node Value, NodeName[Gain], OutOfRangeException[Value 13.029100 must be smaller than or equal 12.780400. : OutOfRangeException thrown in node 'Gain' while calling 'Gain.SetValue()' (file 'FloatT.h', line 85)]
Error   2026-06-06 18:09:59:471  DevID:MV-CS050-60GC(DA6358574)  Source-Line:libMvCameraControl.so(GenICamImpl.cpp-L0512)  ProcessName:python3.12(55335)     Description:[SetFloatValue]Property[Gain],  Value[13.029100], Ret[0x80000102]
Error   2026-06-06 18:09:59:784  DevID:MV-CS050-60GC(DA6358574)  Source-Line:libMvCameraControl.so(XmlParse.cpp-L2971)  ProcessName:python3.12(55335)     Description:[SetFloatValue]Set Node Value, NodeName[Gain], OutOfRangeException[Value 13.029100 must be smaller than or equal 12.780400. : OutOfRangeException thrown in node 'Gain' while calling 'Gain.SetValue()' (file 'FloatT.h', line 85)]
Error   2026-06-06 18:09:59:784  DevID:MV-CS050-60GC(DA6358574)  Source-Line:libMvCameraControl.so(GenICamImpl.cpp-L0512)  ProcessName:python3.12(55335)     Description:[SetFloatValue]Property[Gain],  Value[13.029100], Ret[0x80000102]
Error   2026-06-06 18:10:00:100  DevID:MV-CS050-60GC(DA6358574)  Source-Line:libMvCameraControl.so(XmlParse.cpp-L2971)  ProcessName:python3.12(55335)     Description:[SetFloatValue]Set Node Value, NodeName[Gain], OutOfRangeException[Value 13.029100 must be smaller than or equal 12.780400. : OutOfRangeException thrown in node 'Gain' while calling 'Gain.SetValue()' (file 'FloatT.h', line 85)]
Error   2026-06-06 18:10:00:100  DevID:MV-CS050-60GC(DA6358574)  Source-Line:libMvCameraControl.so(GenICamImpl.cpp-L0512)  ProcessName:python3.12(55335)     Description:[SetFloatValue]Property[Gain],  Value[13.029100], Ret[0x80000102]
Error   2026-06-06 18:10:00:412  DevID:MV-CS050-60GC(DA6358574)  Source-Line:libMvCameraControl.so(XmlParse.cpp-L2971)  ProcessName:python3.12(55335)     Description:[SetFloatValue]Set Node Value, NodeName[Gain], OutOfRangeException[Value 13.029100 must be smaller than or equal 12.780400. : OutOfRangeException thrown in node 'Gain' while calling 'Gain.SetValue()' (file 'FloatT.h', line 85)]
Error   2026-06-06 18:10:00:412  DevID:MV-CS050-60GC(DA6358574)  Source-Line:libMvCameraControl.so(GenICamImpl.cpp-L0512)  ProcessName:python3.12(55335)     Description:[SetFloatValue]Property[Gain],  Value[13.029100], Ret[0x80000102]
Error   2026-06-06 18:10:00:726  DevID:MV-CS050-60GC(DA6358574)  Source-Line:libMvCameraControl.so(XmlParse.cpp-L2971)  ProcessName:python3.12(55335)     Description:[SetFloatValue]Set Node Value, NodeName[Gain], OutOfRangeException[Value 13.029100 must be smaller than or equal 12.780400. : OutOfRangeException thrown in node 'Gain' while calling 'Gain.SetValue()' (file 'FloatT.h', line 85)]
Error   2026-06-06 18:10:00:727  DevID:MV-CS050-60GC(DA6358574)  Source-Line:libMvCameraControl.so(GenICamImpl.cpp-L0512)  ProcessName:python3.12(55335)     Description:[SetFloatValue]Property[Gain],  Value[13.029100], Ret[0x80000102]
Error   2026-06-06 18:10:01:038  DevID:MV-CS050-60GC(DA6358574)  Source-Line:libMvCameraControl.so(XmlParse.cpp-L2971)  ProcessName:python3.12(55335)     Description:[SetFloatValue]Set Node Value, NodeName[Gain], OutOfRangeException[Value 13.029100 must be smaller than or equal 12.780400. : OutOfRangeException thrown in node 'Gain' while calling 'Gain.SetValue()' (file 'FloatT.h', line 85)]
Error   2026-06-06 18:10:01:038  DevID:MV-CS050-60GC(DA6358574)  Source-Line:libMvCameraControl.so(GenICamImpl.cpp-L0512)  ProcessName:python3.12(55335)     Description:[SetFloatValue]Property[Gain],  Value[13.029100], Ret[0x80000102]
Error   2026-06-06 18:10:06:919  DevID:MV-CS050-60GC(DA6358574)  Source-Line:libMvCameraControl.so(XmlParse.cpp-L2971)  ProcessName:python3.12(55335)     Description:[SetFloatValue]Set Node Value, NodeName[Gain], OutOfRangeException[Value 13.029100 must be smaller than or equal 12.780400. : OutOfRangeException thrown in node 'Gain' while calling 'Gain.SetValue()' (file 'FloatT.h', line 85)]
Error   2026-06-06 18:10:06:920  DevID:MV-CS050-60GC(DA6358574)  Source-Line:libMvCameraControl.so(GenICamImpl.cpp-L0512)  ProcessName:python3.12(55335)     Description:[SetFloatValue]Property[Gain],  Value[13.029100], Ret[0x80000102]
Error   2026-06-06 18:10:07:231  DevID:MV-CS050-60GC(DA6358574)  Source-Line:libMvCameraControl.so(XmlParse.cpp-L2971)  ProcessName:python3.12(55335)     Description:[SetFloatValue]Set Node Value, NodeName[Gain], OutOfRangeException[Value 13.029100 must be smaller than or equal 12.780400. : OutOfRangeException thrown in node 'Gain' while calling 'Gain.SetValue()' (file 'FloatT.h', line 85)]
Error   2026-06-06 18:10:07:231  DevID:MV-CS050-60GC(DA6358574)  Source-Line:libMvCameraControl.so(GenICamImpl.cpp-L0512)  ProcessName:python3.12(55335)     Description:[SetFloatValue]Property[Gain],  Value[13.029100], Ret[0x80000102]
Error   2026-06-06 18:10:07:546  DevID:MV-CS050-60GC(DA6358574)  Source-Line:libMvCameraControl.so(XmlParse.cpp-L2971)  ProcessName:python3.12(55335)     Description:[SetFloatValue]Set Node Value, NodeName[Gain], OutOfRangeException[Value 13.029100 must be smaller than or equal 12.780400. : OutOfRangeException thrown in node 'Gain' while calling 'Gain.SetValue()' (file 'FloatT.h', line 85)]
Error   2026-06-06 18:10:07:546  DevID:MV-CS050-60GC(DA6358574)  Source-Line:libMvCameraControl.so(GenICamImpl.cpp-L0512)  ProcessName:python3.12(55335)     Description:[SetFloatValue]Property[Gain],  Value[13.029100], Ret[0x80000102]
Error   2026-06-06 18:10:07:859  DevID:MV-CS050-60GC(DA6358574)  Source-Line:libMvCameraControl.so(XmlParse.cpp-L2971)  ProcessName:python3.12(55335)     Description:[SetFloatValue]Set Node Value, NodeName[Gain], OutOfRangeException[Value 13.029100 must be smaller than or equal 12.780400. : OutOfRangeException thrown in node 'Gain' while calling 'Gain.SetValue()' (file 'FloatT.h', line 85)]
Error   2026-06-06 18:10:07:859  DevID:MV-CS050-60GC(DA6358574)  Source-Line:libMvCameraControl.so(GenICamImpl.cpp-L0512)  ProcessName:python3.12(55335)     Description:[SetFloatValue]Property[Gain],  Value[13.029100], Ret[0x80000102]
Error   2026-06-06 18:10:08:169  DevID:MV-CS050-60GC(DA6358574)  Source-Line:libMvCameraControl.so(XmlParse.cpp-L2971)  ProcessName:python3.12(55335)     Description:[SetFloatValue]Set Node Value, NodeName[Gain], OutOfRangeException[Value 13.029100 must be smaller than or equal 12.780400. : OutOfRangeException thrown in node 'Gain' while calling 'Gain.SetValue()' (file 'FloatT.h', line 85)]
Error   2026-06-06 18:10:08:169  DevID:MV-CS050-60GC(DA6358574)  Source-Line:libMvCameraControl.so(GenICamImpl.cpp-L0512)  ProcessName:python3.12(55335)     Description:[SetFloatValue]Property[Gain],  Value[13.029100], Ret[0x80000102]
Info    2026-06-06 18:12:31:803  DevID:MV-CS050-60GC(DA6358574)  Source-Line:libMvCameraControl.so(StreamGrab.cpp-L0934)  ProcessName:python3.12(55335)     Description:[StopGrabbing]Stop grabbing success! DeviceUptime[9019]
Info    2026-06-06 18:12:31:804  DevID:MV-CS050-60GC(DA6358574)  Source-Line:libMvCameraControl.so(GigEDevice.cpp-L0648)  ProcessName:python3.12(55335)     Description:[CloseGigEDevice] Close device begin!
Error   2026-06-06 18:12:31:804  DevID:MV-CS050-60GC(DA6358574)  Source-Line:libMvCameraControl.so(StreamGrab.cpp-L0882)  ProcessName:python3.12(55335)     Description:[StopGrabbing]StreamChannel[0], bGrabbing[0], pDevStream[0xaaab069518e0]
Info    2026-06-06 18:12:31:804  DevID:MV-CS050-60GC(DA6358574)  Source-Line:libMvCameraControl.so(StreamGrab.cpp-L0270)  ProcessName:python3.12(55335)     Description:[Close]Stream channel[0] closed
Info    2026-06-06 18:12:31:805  DevID:MV-CS050-60GC(DA6358574)  Source-Line:libMvCameraControl.so(GigEDevice.cpp-L0665)  ProcessName:python3.12(55335)     Description:[CloseGigEDevice]DeviceUptime[9019]
Info    2026-06-06 18:12:31:913  DevID:MV-CS050-60GC(DA6358574)  Source-Line:libMvCameraControl.so(GigEDevice.cpp-L0687)  ProcessName:python3.12(55335)     Description:[CloseGigEDevice]Close device success!
Info    2026-06-06 18:12:31:913  DevID:MV-CS050-60GC(DA6358574)  Source-Line:libMvCameraControl.so(GigEDeviceEvent.cpp-L0046)  ProcessName:python3.12(55335)     Description:[Deinit]GigEDeviceEvent Deinit  RecvAllEvent  [0],
Info    2026-06-06 18:12:31:924  DevID:  Source-Line:libMvCameraControl.so(GigELoadLibrary.cpp-L1732)  ProcessName:python3.12(55335)     Description:[UnloadGigEAllFunctions]UnLoad MVGigEVisionSDK success
Info    2026-06-06 18:12:31:924  DevID:  Source-Line:libMvCameraControl.so(U3VLoadLibrary.cpp-L0931)  ProcessName:python3.12(55335)     Description:[UnloadU3VAllFunctions]UnLoad MvUsb3vTLDLL success
Error   2026-06-06 18:13:38:948  DevID:  Source-Line:libMvCameraControl.so(GenTLLoadLibraryEx.cpp-L0222)  ProcessName:python3.12(56827)     Description:[LoadCtiLibInter]Load CTI failed! CTI path[/opt/MVS/lib/aarch64/libMvProducerVIR.so], nRet[0x8000000c]
Error   2026-06-06 18:13:38:948  DevID:  Source-Line:libMvCameraControl.so(GenTLLoadLibraryEx.cpp-L0222)  ProcessName:python3.12(56827)     Description:[LoadCtiLibInter]Load CTI failed! CTI path[/opt/MVS/lib/aarch64/MvFGProducerCXP.cti], nRet[0x8000000c]
Error   2026-06-06 18:13:38:948  DevID:  Source-Line:libMvCameraControl.so(FGDeviceEnumerator.cpp-L0103)  ProcessName:python3.12(56827)     Description:[EnumInterfaceInter]EnumInterfaces failed! Ret[0x8000000c], TLayerType[0x8], CTI[/opt/MVS/lib/aarch64/MvFGProducerCXP.cti]
Error   2026-06-06 18:13:38:949  DevID:  Source-Line:libMvCameraControl.so(GenTLLoadLibraryEx.cpp-L0222)  ProcessName:python3.12(56827)     Description:[LoadCtiLibInter]Load CTI failed! CTI path[/opt/MVS/lib/aarch64/MvFGProducerGEV.cti], nRet[0x8000000c]
Info    2026-06-06 18:13:38:949  DevID:  Source-Line:libMvCameraControl.so(GigELoadLibrary.cpp-L1607)  ProcessName:python3.12(56827)     Description:[LoadGigEAllFunctions]Load MVGigEVisionSDK success
Error   2026-06-06 18:13:38:949  DevID:  Source-Line:libMvCameraControl.so(FGDeviceEnumerator.cpp-L0103)  ProcessName:python3.12(56827)     Description:[EnumInterfaceInter]EnumInterfaces failed! Ret[0x8000000c], TLayerType[0x1], CTI[/opt/MVS/lib/aarch64/MvFGProducerGEV.cti]
Error   2026-06-06 18:13:38:949  DevID:  Source-Line:libMvCameraControl.so(GenTLLoadLibraryEx.cpp-L0222)  ProcessName:python3.12(56827)     Description:[LoadCtiLibInter]Load CTI failed! CTI path[/opt/MVS/lib/aarch64/libMvProducerVIR.so], nRet[0x8000000c]
Error   2026-06-06 18:13:38:949  DevID:  Source-Line:libMvCameraControl.so(GenTLLoadLibraryEx.cpp-L0222)  ProcessName:python3.12(56827)     Description:[LoadCtiLibInter]Load CTI failed! CTI path[/opt/MVS/lib/aarch64/MvFGProducerCML.cti], nRet[0x8000000c]
Error   2026-06-06 18:13:38:949  DevID:  Source-Line:libMvCameraControl.so(FGDeviceEnumerator.cpp-L0103)  ProcessName:python3.12(56827)     Description:[EnumInterfaceInter]EnumInterfaces failed! Ret[0x8000000c], TLayerType[0x4], CTI[/opt/MVS/lib/aarch64/MvFGProducerCML.cti]
Error   2026-06-06 18:13:38:949  DevID:  Source-Line:libMvCameraControl.so(GenTLLoadLibraryEx.cpp-L0222)  ProcessName:python3.12(56827)     Description:[LoadCtiLibInter]Load CTI failed! CTI path[/opt/MVS/lib/aarch64/MvFGProducerXoF.cti], nRet[0x8000000c]
Error   2026-06-06 18:13:38:949  DevID:  Source-Line:libMvCameraControl.so(FGDeviceEnumerator.cpp-L0103)  ProcessName:python3.12(56827)     Description:[EnumInterfaceInter]EnumInterfaces failed! Ret[0x8000000c], TLayerType[0x10], CTI[/opt/MVS/lib/aarch64/MvFGProducerXoF.cti]
Info    2026-06-06 18:13:39:744  DevID:MV-CS050-60GC(DA6358574)  Source-Line:libMvCameraControl.so(GigEDevice.cpp-L0263)  ProcessName:python3.12(56827)     Description:[Init]GEV INFO DeviceIP[192.168.195.100], NetIP[192.168.195.254], ManufacturerInfo[Hikrobot], DeviceVersion[V4.0.30 241011 1385495], UserID[]
Info    2026-06-06 18:13:39:744  DevID:MV-CS050-60GC(DA6358574)  Source-Line:libMvCameraControl.so(MediaProcess.cpp-L0884)  ProcessName:python3.12(56827)     Description:[SetBayerCvtQuality]Set Bayer CvtQuality success! BayerCvtQuality[1]
Info    2026-06-06 18:13:39:744  DevID:MV-CS050-60GC(DA6358574)  Source-Line:libMvCameraControl.so(MediaProcess.cpp-L1732)  ProcessName:python3.12(56827)     Description:[SetBayerThreadNum]Set Bayer Thread Num success! BayerThreadNum[4]
Info    2026-06-06 18:13:39:744  DevID:MV-CS050-60GC(DA6358574)  Source-Line:libMvCameraControl.so(MediaProcess.cpp-L0884)  ProcessName:python3.12(56827)     Description:[SetBayerCvtQuality]Set Bayer CvtQuality success! BayerCvtQuality[1]
Info    2026-06-06 18:13:39:744  DevID:MV-CS050-60GC(DA6358574)  Source-Line:libMvCameraControl.so(MediaProcess.cpp-L1732)  ProcessName:python3.12(56827)     Description:[SetBayerThreadNum]Set Bayer Thread Num success! BayerThreadNum[4]
Info    2026-06-06 18:13:39:744  DevID:MV-CS050-60GC(DA6358574)  Source-Line:libMvCameraControl.so(GigEDevice.cpp-L0299)  ProcessName:python3.12(56827)     Description:[IsValidVersion]MvCameraControl Version[0x4070003], GigE SDKVersion[0x4070003], DriverVersion[0x4070001]
Info    2026-06-06 18:13:39:776  DevID:  Source-Line:libMvCameraControl.so(CacheXmlToFile.cpp-L0516)  ProcessName:python3.12(56827)     Description:[ReadCacheFile]ReadLocalFile XMLPath[SchemaVersion.1.0@Hikrobot#GEV#MV-CS050-60GC#V4.0.30 241011 1385495@XMLVersion.1.0.0.zip]
Info    2026-06-06 18:13:39:776  DevID:MV-CS050-60GC(DA6358574)  Source-Line:libMvCameraControl.so(GigEDevice.cpp-L0464)  ProcessName:python3.12(56827)     Description:[GetXmlInfo]Get GenICamXML From local File, len [0x19132] Type[1]
Info    2026-06-06 18:13:39:936  DevID:MV-CS050-60GC(DA6358574)  Source-Line:libMvCameraControl.so(GigEDevice.cpp-L0805)  ProcessName:python3.12(56827)     Description:[OpenDevice]Load XML success
Info    2026-06-06 18:13:39:938  DevID:MV-CS050-60GC(DA6358574)  Source-Line:libMvCameraControl.so(GenICamImpl.cpp-L0752)  ProcessName:python3.12(56827)     Description:[InvalidateNodes]Invalidate Nodes success
Info    2026-06-06 18:13:39:938  DevID:MV-CS050-60GC(DA6358574)  Source-Line:libMvCameraControl.so(GigEDevice.cpp-L0818)  ProcessName:python3.12(56827)     Description:[OpenDevice]Invalidate Nodes success
Info    2026-06-06 18:13:39:941  DevID:MV-CS050-60GC(DA6358574)  Source-Line:libMvCameraControl.so(StreamGrab.cpp-L0234)  ProcessName:python3.12(56827)     Description:[Open]Stream channel[0] opened
Info    2026-06-06 18:13:39:944  DevID:MV-CS050-60GC(DA6358574)  Source-Line:libMvCameraControl.so(GigEDevice.cpp-L0849)  ProcessName:python3.12(56827)     Description:[OpenDevice]Open device success! PrivilegeMode[1], SwitchoverKey[0], DeviceUptime[9087],DeviceFirmwareVersion[V4.0.30 2410111385495 24091104]
Info    2026-06-06 18:13:39:945  DevID:MV-CS050-60GC(DA6358574)  Source-Line:libMvCameraControl.so(GigEDevice.cpp-L0865)  ProcessName:python3.12(56827)     Description:[OpenDevice]OpenDevice, cost time 200.000000ms 
Info    2026-06-06 18:13:39:945  DevID:  Source-Line:libMvCameraControl.so(GenICamImpl.cpp-L2342)  ProcessName:python3.12(56827)     Description:[RecordThread]RecordThread Start, ThreadId[393044432]
Info    2026-06-06 18:13:39:953  DevID:MV-CS050-60GC(DA6358574)  Source-Line:libMvCameraControl.so(GenICamImpl.cpp-L2373)  ProcessName:python3.12(56827)     Description:[RecordThreadProc][Record] Get BlackLevel value [64]
Info    2026-06-06 18:13:41:390  DevID:MV-CS050-60GC(DA6358574)  Source-Line:libMvCameraControl.so(GenICamImpl.cpp-L2395)  ProcessName:python3.12(56827)     Description:[RecordThreadProc][Record] Get BalanceWhiteAuto Value [1] (0:off 1:contineu; 2:once):
Info    2026-06-06 18:13:41:399  DevID:MV-CS050-60GC(DA6358574)  Source-Line:libMvCameraControl.so(GenICamImpl.cpp-L2461)  ProcessName:python3.12(56827)     Description:[RecordThreadProc][Record] Get ExposureAuto value [0]
Info    2026-06-06 18:13:41:413  DevID:MV-CS050-60GC(DA6358574)  Source-Line:libMvCameraControl.so(GenICamImpl.cpp-L2483)  ProcessName:python3.12(56827)     Description:[RecordThreadProc][Record] Get ExposureTime value [50000.000000] 
Error   2026-06-06 18:13:41:455  DevID:MV-CS050-60GC(DA6358574)  Source-Line:libMvCameraControl.so(GenICamImpl.cpp-L1111)  ProcessName:python3.12(56827)     Description:[XML_GetNodeAccessMode]PropertyName[SeqExpEnable], Ret[0x80000100]
Error   2026-06-06 18:13:41:455  DevID:MV-CS050-60GC(DA6358574)  Source-Line:libMvCameraControl.so(XmlParse.cpp-L3037)  ProcessName:python3.12(56827)     Description:[GetBooleanValue]Get Node Value, Node does not exist, NodeName[SeqExpEnable]
Error   2026-06-06 18:13:41:455  DevID:MV-CS050-60GC(DA6358574)  Source-Line:libMvCameraControl.so(GenICamImpl.cpp-L0551)  ProcessName:python3.12(56827)     Description:[GetBoolValue]Property[SeqExpEnable], Ret[0x80000100]
Error   2026-06-06 18:13:41:455  DevID:MV-CS050-60GC(DA6358574)  Source-Line:libMvCameraControl.so(GenICamImpl.cpp-L1111)  ProcessName:python3.12(56827)     Description:[XML_GetNodeAccessMode]PropertyName[MultiLightControl], Ret[0x80000100]
Error   2026-06-06 18:13:41:455  DevID:MV-CS050-60GC(DA6358574)  Source-Line:libMvCameraControl.so(XmlParse.cpp-L2386)  ProcessName:python3.12(56827)     Description:[GetEnumValue]Get Node Value, Node does not exist, NodeName[MultiLightControl]
Error   2026-06-06 18:13:41:455  DevID:MV-CS050-60GC(DA6358574)  Source-Line:libMvCameraControl.so(GenICamImpl.cpp-L0364)  ProcessName:python3.12(56827)     Description:[GetEnumValue]Property[MultiLightControl], Ret[0x80000100]
Info    2026-06-06 18:13:41:455  DevID:MV-CS050-60GC(DA6358574)  Source-Line:libMvCameraControl.so(GigEStream.cpp-L0067)  ProcessName:python3.12(56827)     Description:[StartAcquisition][GEV]Width[2448], Height[2048], PixelFormat[0x1080008], PayloadSize[5013504], ChunkCount[100], CompressMode[0], DeviceUptime[9088]
Info    2026-06-06 18:13:41:465  DevID:MV-CS050-60GC(DA6358574)  Source-Line:libMvCameraControl.so(GenICamImpl.cpp-L2504)  ProcessName:python3.12(56827)     Description:[RecordThreadProc][Record] Get GainAuto value [0] (0:off 1:contineu; 2:once):
Info    2026-06-06 18:13:41:468  DevID:MV-CS050-60GC(DA6358574)  Source-Line:libMvCameraControl.so(StreamGrab.cpp-L0869)  ProcessName:python3.12(56827)     Description:[StartGrabbing]StreamChannel[0], Start grabbing success, There is no registration callback.
Info    2026-06-06 18:13:41:473  DevID:MV-CS050-60GC(DA6358574)  Source-Line:libMvCameraControl.so(GenICamImpl.cpp-L2525)  ProcessName:python3.12(56827)     Description:[RecordThreadProc][Record] Get Gain value [10.016100] 
Info    2026-06-06 18:13:41:474  DevID:MV-CS050-60GC(DA6358574)  Source-Line:libMvCameraControl.so(GenICamImpl.cpp-L2546)  ProcessName:python3.12(56827)     Description:[RecordThreadProc][Record] Get PixelFormat value [17301512] :
Info    2026-06-06 18:13:41:479  DevID:MV-CS050-60GC(DA6358574)  Source-Line:libMvCameraControl.so(GenICamImpl.cpp-L2609)  ProcessName:python3.12(56827)     Description:[RecordThreadProc][Record] Get UserSetCurrent value [0]
Info    2026-06-06 18:13:41:481  DevID:MV-CS050-60GC(DA6358574)  Source-Line:libMvCameraControl.so(GenICamImpl.cpp-L2630)  ProcessName:python3.12(56827)     Description:[RecordThreadProc][Record] Get UserSetSelector value [0] 
Info    2026-06-06 18:13:41:482  DevID:MV-CS050-60GC(DA6358574)  Source-Line:libMvCameraControl.so(GenICamImpl.cpp-L2651)  ProcessName:python3.12(56827)     Description:[RecordThreadProc][Record] Get UserSetDefault value[0]
Info    2026-06-06 18:13:41:482  DevID:  Source-Line:libMvCameraControl.so(GenICamImpl.cpp-L2347)  ProcessName:python3.12(56827)     Description:[RecordThread]RecordThread End, ThreadId[393044432]
Info    2026-06-06 18:15:02:563  DevID:MV-CS050-60GC(DA6358574)  Source-Line:libMvCameraControl.so(StreamGrab.cpp-L0934)  ProcessName:python3.12(56827)     Description:[StopGrabbing]Stop grabbing success! DeviceUptime[9169]
Info    2026-06-06 18:15:02:563  DevID:MV-CS050-60GC(DA6358574)  Source-Line:libMvCameraControl.so(GigEDevice.cpp-L0648)  ProcessName:python3.12(56827)     Description:[CloseGigEDevice] Close device begin!
Error   2026-06-06 18:15:02:563  DevID:MV-CS050-60GC(DA6358574)  Source-Line:libMvCameraControl.so(StreamGrab.cpp-L0882)  ProcessName:python3.12(56827)     Description:[StopGrabbing]StreamChannel[0], bGrabbing[0], pDevStream[0xaaab21b33230]
Info    2026-06-06 18:15:02:563  DevID:MV-CS050-60GC(DA6358574)  Source-Line:libMvCameraControl.so(StreamGrab.cpp-L0270)  ProcessName:python3.12(56827)     Description:[Close]Stream channel[0] closed
Info    2026-06-06 18:15:02:564  DevID:MV-CS050-60GC(DA6358574)  Source-Line:libMvCameraControl.so(GigEDevice.cpp-L0665)  ProcessName:python3.12(56827)     Description:[CloseGigEDevice]DeviceUptime[9169]
Info    2026-06-06 18:15:02:674  DevID:MV-CS050-60GC(DA6358574)  Source-Line:libMvCameraControl.so(GigEDevice.cpp-L0687)  ProcessName:python3.12(56827)     Description:[CloseGigEDevice]Close device success!
Info    2026-06-06 18:15:02:674  DevID:MV-CS050-60GC(DA6358574)  Source-Line:libMvCameraControl.so(GigEDeviceEvent.cpp-L0046)  ProcessName:python3.12(56827)     Description:[Deinit]GigEDeviceEvent Deinit  RecvAllEvent  [0],
Info    2026-06-06 18:15:02:684  DevID:  Source-Line:libMvCameraControl.so(GigELoadLibrary.cpp-L1732)  ProcessName:python3.12(56827)     Description:[UnloadGigEAllFunctions]UnLoad MVGigEVisionSDK success
Info    2026-06-06 18:15:02:685  DevID:  Source-Line:libMvCameraControl.so(U3VLoadLibrary.cpp-L0931)  ProcessName:python3.12(56827)     Description:[UnloadU3VAllFunctions]UnLoad MvUsb3vTLDLL success
Error   2026-06-06 18:17:00:548  DevID:  Source-Line:libMvCameraControl.so(GenTLLoadLibraryEx.cpp-L0222)  ProcessName:python3.12(58093)     Description:[LoadCtiLibInter]Load CTI failed! CTI path[/opt/MVS/lib/aarch64/libMvProducerVIR.so], nRet[0x8000000c]
Error   2026-06-06 18:17:00:549  DevID:  Source-Line:libMvCameraControl.so(GenTLLoadLibraryEx.cpp-L0222)  ProcessName:python3.12(58093)     Description:[LoadCtiLibInter]Load CTI failed! CTI path[/opt/MVS/lib/aarch64/libMvProducerVIR.so], nRet[0x8000000c]
Info    2026-06-06 18:17:00:549  DevID:  Source-Line:libMvCameraControl.so(GigELoadLibrary.cpp-L1607)  ProcessName:python3.12(58093)     Description:[LoadGigEAllFunctions]Load MVGigEVisionSDK success
Error   2026-06-06 18:17:00:549  DevID:  Source-Line:libMvCameraControl.so(GenTLLoadLibraryEx.cpp-L0222)  ProcessName:python3.12(58093)     Description:[LoadCtiLibInter]Load CTI failed! CTI path[/opt/MVS/lib/aarch64/MvFGProducerGEV.cti], nRet[0x8000000c]
Error   2026-06-06 18:17:00:549  DevID:  Source-Line:libMvCameraControl.so(FGDeviceEnumerator.cpp-L0103)  ProcessName:python3.12(58093)     Description:[EnumInterfaceInter]EnumInterfaces failed! Ret[0x8000000c], TLayerType[0x1], CTI[/opt/MVS/lib/aarch64/MvFGProducerGEV.cti]
Error   2026-06-06 18:17:00:549  DevID:  Source-Line:libMvCameraControl.so(GenTLLoadLibraryEx.cpp-L0222)  ProcessName:python3.12(58093)     Description:[LoadCtiLibInter]Load CTI failed! CTI path[/opt/MVS/lib/aarch64/MvFGProducerCXP.cti], nRet[0x8000000c]
Error   2026-06-06 18:17:00:549  DevID:  Source-Line:libMvCameraControl.so(FGDeviceEnumerator.cpp-L0103)  ProcessName:python3.12(58093)     Description:[EnumInterfaceInter]EnumInterfaces failed! Ret[0x8000000c], TLayerType[0x8], CTI[/opt/MVS/lib/aarch64/MvFGProducerCXP.cti]
Error   2026-06-06 18:17:00:549  DevID:  Source-Line:libMvCameraControl.so(GenTLLoadLibraryEx.cpp-L0222)  ProcessName:python3.12(58093)     Description:[LoadCtiLibInter]Load CTI failed! CTI path[/opt/MVS/lib/aarch64/MvFGProducerCML.cti], nRet[0x8000000c]
Error   2026-06-06 18:17:00:549  DevID:  Source-Line:libMvCameraControl.so(FGDeviceEnumerator.cpp-L0103)  ProcessName:python3.12(58093)     Description:[EnumInterfaceInter]EnumInterfaces failed! Ret[0x8000000c], TLayerType[0x4], CTI[/opt/MVS/lib/aarch64/MvFGProducerCML.cti]
Error   2026-06-06 18:17:00:549  DevID:  Source-Line:libMvCameraControl.so(GenTLLoadLibraryEx.cpp-L0222)  ProcessName:python3.12(58093)     Description:[LoadCtiLibInter]Load CTI failed! CTI path[/opt/MVS/lib/aarch64/MvFGProducerXoF.cti], nRet[0x8000000c]
Error   2026-06-06 18:17:00:549  DevID:  Source-Line:libMvCameraControl.so(FGDeviceEnumerator.cpp-L0103)  ProcessName:python3.12(58093)     Description:[EnumInterfaceInter]EnumInterfaces failed! Ret[0x8000000c], TLayerType[0x10], CTI[/opt/MVS/lib/aarch64/MvFGProducerXoF.cti]
Info    2026-06-06 18:17:02:102  DevID:MV-CS050-60GC(DA6358574)  Source-Line:libMvCameraControl.so(GigEDevice.cpp-L0263)  ProcessName:python3.12(58093)     Description:[Init]GEV INFO DeviceIP[192.168.195.100], NetIP[192.168.195.254], ManufacturerInfo[Hikrobot], DeviceVersion[V4.0.30 241011 1385495], UserID[]
Info    2026-06-06 18:17:02:102  DevID:MV-CS050-60GC(DA6358574)  Source-Line:libMvCameraControl.so(MediaProcess.cpp-L0884)  ProcessName:python3.12(58093)     Description:[SetBayerCvtQuality]Set Bayer CvtQuality success! BayerCvtQuality[1]
Info    2026-06-06 18:17:02:102  DevID:MV-CS050-60GC(DA6358574)  Source-Line:libMvCameraControl.so(MediaProcess.cpp-L1732)  ProcessName:python3.12(58093)     Description:[SetBayerThreadNum]Set Bayer Thread Num success! BayerThreadNum[4]
Info    2026-06-06 18:17:02:102  DevID:MV-CS050-60GC(DA6358574)  Source-Line:libMvCameraControl.so(MediaProcess.cpp-L0884)  ProcessName:python3.12(58093)     Description:[SetBayerCvtQuality]Set Bayer CvtQuality success! BayerCvtQuality[1]
Info    2026-06-06 18:17:02:102  DevID:MV-CS050-60GC(DA6358574)  Source-Line:libMvCameraControl.so(MediaProcess.cpp-L1732)  ProcessName:python3.12(58093)     Description:[SetBayerThreadNum]Set Bayer Thread Num success! BayerThreadNum[4]
Info    2026-06-06 18:17:02:102  DevID:MV-CS050-60GC(DA6358574)  Source-Line:libMvCameraControl.so(GigEDevice.cpp-L0299)  ProcessName:python3.12(58093)     Description:[IsValidVersion]MvCameraControl Version[0x4070003], GigE SDKVersion[0x4070003], DriverVersion[0x4070001]
Info    2026-06-06 18:17:02:135  DevID:  Source-Line:libMvCameraControl.so(CacheXmlToFile.cpp-L0516)  ProcessName:python3.12(58093)     Description:[ReadCacheFile]ReadLocalFile XMLPath[SchemaVersion.1.0@Hikrobot#GEV#MV-CS050-60GC#V4.0.30 241011 1385495@XMLVersion.1.0.0.zip]
Info    2026-06-06 18:17:02:135  DevID:MV-CS050-60GC(DA6358574)  Source-Line:libMvCameraControl.so(GigEDevice.cpp-L0464)  ProcessName:python3.12(58093)     Description:[GetXmlInfo]Get GenICamXML From local File, len [0x19132] Type[1]
Info    2026-06-06 18:17:02:294  DevID:MV-CS050-60GC(DA6358574)  Source-Line:libMvCameraControl.so(GigEDevice.cpp-L0805)  ProcessName:python3.12(58093)     Description:[OpenDevice]Load XML success
Info    2026-06-06 18:17:02:297  DevID:MV-CS050-60GC(DA6358574)  Source-Line:libMvCameraControl.so(GenICamImpl.cpp-L0752)  ProcessName:python3.12(58093)     Description:[InvalidateNodes]Invalidate Nodes success
Info    2026-06-06 18:17:02:297  DevID:MV-CS050-60GC(DA6358574)  Source-Line:libMvCameraControl.so(GigEDevice.cpp-L0818)  ProcessName:python3.12(58093)     Description:[OpenDevice]Invalidate Nodes success
Info    2026-06-06 18:17:02:299  DevID:MV-CS050-60GC(DA6358574)  Source-Line:libMvCameraControl.so(StreamGrab.cpp-L0234)  ProcessName:python3.12(58093)     Description:[Open]Stream channel[0] opened
Info    2026-06-06 18:17:02:302  DevID:MV-CS050-60GC(DA6358574)  Source-Line:libMvCameraControl.so(GigEDevice.cpp-L0849)  ProcessName:python3.12(58093)     Description:[OpenDevice]Open device success! PrivilegeMode[1], SwitchoverKey[0], DeviceUptime[9289],DeviceFirmwareVersion[V4.0.30 2410111385495 24091104]
Info    2026-06-06 18:17:02:302  DevID:MV-CS050-60GC(DA6358574)  Source-Line:libMvCameraControl.so(GigEDevice.cpp-L0865)  ProcessName:python3.12(58093)     Description:[OpenDevice]OpenDevice, cost time 200.000000ms 
Info    2026-06-06 18:17:02:302  DevID:  Source-Line:libMvCameraControl.so(GenICamImpl.cpp-L2342)  ProcessName:python3.12(58093)     Description:[RecordThread]RecordThread Start, ThreadId[335540688]
Info    2026-06-06 18:17:02:309  DevID:MV-CS050-60GC(DA6358574)  Source-Line:libMvCameraControl.so(GenICamImpl.cpp-L2373)  ProcessName:python3.12(58093)     Description:[RecordThreadProc][Record] Get BlackLevel value [64]
Info    2026-06-06 18:17:03:744  DevID:MV-CS050-60GC(DA6358574)  Source-Line:libMvCameraControl.so(GenICamImpl.cpp-L2395)  ProcessName:python3.12(58093)     Description:[RecordThreadProc][Record] Get BalanceWhiteAuto Value [1] (0:off 1:contineu; 2:once):
Info    2026-06-06 18:17:03:751  DevID:MV-CS050-60GC(DA6358574)  Source-Line:libMvCameraControl.so(GenICamImpl.cpp-L2461)  ProcessName:python3.12(58093)     Description:[RecordThreadProc][Record] Get ExposureAuto value [0]
Info    2026-06-06 18:17:03:763  DevID:MV-CS050-60GC(DA6358574)  Source-Line:libMvCameraControl.so(GenICamImpl.cpp-L2483)  ProcessName:python3.12(58093)     Description:[RecordThreadProc][Record] Get ExposureTime value [50000.000000] 
Error   2026-06-06 18:17:03:803  DevID:MV-CS050-60GC(DA6358574)  Source-Line:libMvCameraControl.so(GenICamImpl.cpp-L1111)  ProcessName:python3.12(58093)     Description:[XML_GetNodeAccessMode]PropertyName[SeqExpEnable], Ret[0x80000100]
Error   2026-06-06 18:17:03:803  DevID:MV-CS050-60GC(DA6358574)  Source-Line:libMvCameraControl.so(XmlParse.cpp-L3037)  ProcessName:python3.12(58093)     Description:[GetBooleanValue]Get Node Value, Node does not exist, NodeName[SeqExpEnable]
Error   2026-06-06 18:17:03:803  DevID:MV-CS050-60GC(DA6358574)  Source-Line:libMvCameraControl.so(GenICamImpl.cpp-L0551)  ProcessName:python3.12(58093)     Description:[GetBoolValue]Property[SeqExpEnable], Ret[0x80000100]
Error   2026-06-06 18:17:03:803  DevID:MV-CS050-60GC(DA6358574)  Source-Line:libMvCameraControl.so(GenICamImpl.cpp-L1111)  ProcessName:python3.12(58093)     Description:[XML_GetNodeAccessMode]PropertyName[MultiLightControl], Ret[0x80000100]
Error   2026-06-06 18:17:03:803  DevID:MV-CS050-60GC(DA6358574)  Source-Line:libMvCameraControl.so(XmlParse.cpp-L2386)  ProcessName:python3.12(58093)     Description:[GetEnumValue]Get Node Value, Node does not exist, NodeName[MultiLightControl]
Error   2026-06-06 18:17:03:803  DevID:MV-CS050-60GC(DA6358574)  Source-Line:libMvCameraControl.so(GenICamImpl.cpp-L0364)  ProcessName:python3.12(58093)     Description:[GetEnumValue]Property[MultiLightControl], Ret[0x80000100]
Info    2026-06-06 18:17:03:803  DevID:MV-CS050-60GC(DA6358574)  Source-Line:libMvCameraControl.so(GigEStream.cpp-L0067)  ProcessName:python3.12(58093)     Description:[StartAcquisition][GEV]Width[2448], Height[2048], PixelFormat[0x1080008], PayloadSize[5013504], ChunkCount[100], CompressMode[0], DeviceUptime[9291]
Info    2026-06-06 18:17:03:813  DevID:MV-CS050-60GC(DA6358574)  Source-Line:libMvCameraControl.so(GenICamImpl.cpp-L2504)  ProcessName:python3.12(58093)     Description:[RecordThreadProc][Record] Get GainAuto value [0] (0:off 1:contineu; 2:once):
Info    2026-06-06 18:17:03:815  DevID:MV-CS050-60GC(DA6358574)  Source-Line:libMvCameraControl.so(StreamGrab.cpp-L0869)  ProcessName:python3.12(58093)     Description:[StartGrabbing]StreamChannel[0], Start grabbing success, There is no registration callback.
Info    2026-06-06 18:17:03:821  DevID:MV-CS050-60GC(DA6358574)  Source-Line:libMvCameraControl.so(GenICamImpl.cpp-L2525)  ProcessName:python3.12(58093)     Description:[RecordThreadProc][Record] Get Gain value [10.554600] 
Info    2026-06-06 18:17:03:822  DevID:MV-CS050-60GC(DA6358574)  Source-Line:libMvCameraControl.so(GenICamImpl.cpp-L2546)  ProcessName:python3.12(58093)     Description:[RecordThreadProc][Record] Get PixelFormat value [17301512] :
Info    2026-06-06 18:17:03:827  DevID:MV-CS050-60GC(DA6358574)  Source-Line:libMvCameraControl.so(GenICamImpl.cpp-L2609)  ProcessName:python3.12(58093)     Description:[RecordThreadProc][Record] Get UserSetCurrent value [0]
Info    2026-06-06 18:17:03:829  DevID:MV-CS050-60GC(DA6358574)  Source-Line:libMvCameraControl.so(GenICamImpl.cpp-L2630)  ProcessName:python3.12(58093)     Description:[RecordThreadProc][Record] Get UserSetSelector value [0] 
Info    2026-06-06 18:17:03:830  DevID:MV-CS050-60GC(DA6358574)  Source-Line:libMvCameraControl.so(GenICamImpl.cpp-L2651)  ProcessName:python3.12(58093)     Description:[RecordThreadProc][Record] Get UserSetDefault value[0]
Info    2026-06-06 18:17:03:830  DevID:  Source-Line:libMvCameraControl.so(GenICamImpl.cpp-L2347)  ProcessName:python3.12(58093)     Description:[RecordThread]RecordThread End, ThreadId[335540688]
Info    2026-06-06 18:18:01:483  DevID:MV-CS050-60GC(DA6358574)  Source-Line:libMvCameraControl.so(StreamGrab.cpp-L0934)  ProcessName:python3.12(58093)     Description:[StopGrabbing]Stop grabbing success! DeviceUptime[9348]
Info    2026-06-06 18:18:01:483  DevID:MV-CS050-60GC(DA6358574)  Source-Line:libMvCameraControl.so(GigEDevice.cpp-L0648)  ProcessName:python3.12(58093)     Description:[CloseGigEDevice] Close device begin!
Error   2026-06-06 18:18:01:483  DevID:MV-CS050-60GC(DA6358574)  Source-Line:libMvCameraControl.so(StreamGrab.cpp-L0882)  ProcessName:python3.12(58093)     Description:[StopGrabbing]StreamChannel[0], bGrabbing[0], pDevStream[0xaaaaf57294a0]
Info    2026-06-06 18:18:01:483  DevID:MV-CS050-60GC(DA6358574)  Source-Line:libMvCameraControl.so(StreamGrab.cpp-L0270)  ProcessName:python3.12(58093)     Description:[Close]Stream channel[0] closed
Info    2026-06-06 18:18:01:485  DevID:MV-CS050-60GC(DA6358574)  Source-Line:libMvCameraControl.so(GigEDevice.cpp-L0665)  ProcessName:python3.12(58093)     Description:[CloseGigEDevice]DeviceUptime[9348]
Info    2026-06-06 18:18:01:594  DevID:MV-CS050-60GC(DA6358574)  Source-Line:libMvCameraControl.so(GigEDevice.cpp-L0687)  ProcessName:python3.12(58093)     Description:[CloseGigEDevice]Close device success!
Info    2026-06-06 18:18:01:594  DevID:MV-CS050-60GC(DA6358574)  Source-Line:libMvCameraControl.so(GigEDeviceEvent.cpp-L0046)  ProcessName:python3.12(58093)     Description:[Deinit]GigEDeviceEvent Deinit  RecvAllEvent  [0],
Info    2026-06-06 18:18:01:605  DevID:  Source-Line:libMvCameraControl.so(GigELoadLibrary.cpp-L1732)  ProcessName:python3.12(58093)     Description:[UnloadGigEAllFunctions]UnLoad MVGigEVisionSDK success
Info    2026-06-06 18:18:01:606  DevID:  Source-Line:libMvCameraControl.so(U3VLoadLibrary.cpp-L0931)  ProcessName:python3.12(58093)     Description:[UnloadU3VAllFunctions]UnLoad MvUsb3vTLDLL success
Error   2026-06-06 18:20:34:316  DevID:  Source-Line:libMvCameraControl.so(GenTLLoadLibraryEx.cpp-L0222)  ProcessName:python3.12(59296)     Description:[LoadCtiLibInter]Load CTI failed! CTI path[/opt/MVS/lib/aarch64/libMvProducerVIR.so], nRet[0x8000000c]
Error   2026-06-06 18:20:34:316  DevID:  Source-Line:libMvCameraControl.so(GenTLLoadLibraryEx.cpp-L0222)  ProcessName:python3.12(59296)     Description:[LoadCtiLibInter]Load CTI failed! CTI path[/opt/MVS/lib/aarch64/libMvProducerVIR.so], nRet[0x8000000c]
Info    2026-06-06 18:20:34:316  DevID:  Source-Line:libMvCameraControl.so(GigELoadLibrary.cpp-L1607)  ProcessName:python3.12(59296)     Description:[LoadGigEAllFunctions]Load MVGigEVisionSDK success
Error   2026-06-06 18:20:34:316  DevID:  Source-Line:libMvCameraControl.so(GenTLLoadLibraryEx.cpp-L0222)  ProcessName:python3.12(59296)     Description:[LoadCtiLibInter]Load CTI failed! CTI path[/opt/MVS/lib/aarch64/MvFGProducerGEV.cti], nRet[0x8000000c]
Error   2026-06-06 18:20:34:316  DevID:  Source-Line:libMvCameraControl.so(FGDeviceEnumerator.cpp-L0103)  ProcessName:python3.12(59296)     Description:[EnumInterfaceInter]EnumInterfaces failed! Ret[0x8000000c], TLayerType[0x1], CTI[/opt/MVS/lib/aarch64/MvFGProducerGEV.cti]
Error   2026-06-06 18:20:34:316  DevID:  Source-Line:libMvCameraControl.so(GenTLLoadLibraryEx.cpp-L0222)  ProcessName:python3.12(59296)     Description:[LoadCtiLibInter]Load CTI failed! CTI path[/opt/MVS/lib/aarch64/MvFGProducerCXP.cti], nRet[0x8000000c]
Error   2026-06-06 18:20:34:316  DevID:  Source-Line:libMvCameraControl.so(FGDeviceEnumerator.cpp-L0103)  ProcessName:python3.12(59296)     Description:[EnumInterfaceInter]EnumInterfaces failed! Ret[0x8000000c], TLayerType[0x8], CTI[/opt/MVS/lib/aarch64/MvFGProducerCXP.cti]
Error   2026-06-06 18:20:34:316  DevID:  Source-Line:libMvCameraControl.so(GenTLLoadLibraryEx.cpp-L0222)  ProcessName:python3.12(59296)     Description:[LoadCtiLibInter]Load CTI failed! CTI path[/opt/MVS/lib/aarch64/MvFGProducerCML.cti], nRet[0x8000000c]
Error   2026-06-06 18:20:34:316  DevID:  Source-Line:libMvCameraControl.so(FGDeviceEnumerator.cpp-L0103)  ProcessName:python3.12(59296)     Description:[EnumInterfaceInter]EnumInterfaces failed! Ret[0x8000000c], TLayerType[0x4], CTI[/opt/MVS/lib/aarch64/MvFGProducerCML.cti]
Error   2026-06-06 18:20:34:316  DevID:  Source-Line:libMvCameraControl.so(GenTLLoadLibraryEx.cpp-L0222)  ProcessName:python3.12(59296)     Description:[LoadCtiLibInter]Load CTI failed! CTI path[/opt/MVS/lib/aarch64/MvFGProducerXoF.cti], nRet[0x8000000c]
Error   2026-06-06 18:20:34:316  DevID:  Source-Line:libMvCameraControl.so(FGDeviceEnumerator.cpp-L0103)  ProcessName:python3.12(59296)     Description:[EnumInterfaceInter]EnumInterfaces failed! Ret[0x8000000c], TLayerType[0x10], CTI[/opt/MVS/lib/aarch64/MvFGProducerXoF.cti]
Info    2026-06-06 18:20:35:255  DevID:MV-CS050-60GC(DA6358574)  Source-Line:libMvCameraControl.so(GigEDevice.cpp-L0263)  ProcessName:python3.12(59296)     Description:[Init]GEV INFO DeviceIP[192.168.195.100], NetIP[192.168.195.254], ManufacturerInfo[Hikrobot], DeviceVersion[V4.0.30 241011 1385495], UserID[]
Info    2026-06-06 18:20:35:255  DevID:MV-CS050-60GC(DA6358574)  Source-Line:libMvCameraControl.so(MediaProcess.cpp-L0884)  ProcessName:python3.12(59296)     Description:[SetBayerCvtQuality]Set Bayer CvtQuality success! BayerCvtQuality[1]
Info    2026-06-06 18:20:35:255  DevID:MV-CS050-60GC(DA6358574)  Source-Line:libMvCameraControl.so(MediaProcess.cpp-L1732)  ProcessName:python3.12(59296)     Description:[SetBayerThreadNum]Set Bayer Thread Num success! BayerThreadNum[4]
Info    2026-06-06 18:20:35:255  DevID:MV-CS050-60GC(DA6358574)  Source-Line:libMvCameraControl.so(MediaProcess.cpp-L0884)  ProcessName:python3.12(59296)     Description:[SetBayerCvtQuality]Set Bayer CvtQuality success! BayerCvtQuality[1]
Info    2026-06-06 18:20:35:255  DevID:MV-CS050-60GC(DA6358574)  Source-Line:libMvCameraControl.so(MediaProcess.cpp-L1732)  ProcessName:python3.12(59296)     Description:[SetBayerThreadNum]Set Bayer Thread Num success! BayerThreadNum[4]
Info    2026-06-06 18:20:35:255  DevID:MV-CS050-60GC(DA6358574)  Source-Line:libMvCameraControl.so(GigEDevice.cpp-L0299)  ProcessName:python3.12(59296)     Description:[IsValidVersion]MvCameraControl Version[0x4070003], GigE SDKVersion[0x4070003], DriverVersion[0x4070001]
Info    2026-06-06 18:20:35:288  DevID:  Source-Line:libMvCameraControl.so(CacheXmlToFile.cpp-L0516)  ProcessName:python3.12(59296)     Description:[ReadCacheFile]ReadLocalFile XMLPath[SchemaVersion.1.0@Hikrobot#GEV#MV-CS050-60GC#V4.0.30 241011 1385495@XMLVersion.1.0.0.zip]
Info    2026-06-06 18:20:35:288  DevID:MV-CS050-60GC(DA6358574)  Source-Line:libMvCameraControl.so(GigEDevice.cpp-L0464)  ProcessName:python3.12(59296)     Description:[GetXmlInfo]Get GenICamXML From local File, len [0x19132] Type[1]
Info    2026-06-06 18:20:35:461  DevID:MV-CS050-60GC(DA6358574)  Source-Line:libMvCameraControl.so(GigEDevice.cpp-L0805)  ProcessName:python3.12(59296)     Description:[OpenDevice]Load XML success
Info    2026-06-06 18:20:35:463  DevID:MV-CS050-60GC(DA6358574)  Source-Line:libMvCameraControl.so(GenICamImpl.cpp-L0752)  ProcessName:python3.12(59296)     Description:[InvalidateNodes]Invalidate Nodes success
Info    2026-06-06 18:20:35:463  DevID:MV-CS050-60GC(DA6358574)  Source-Line:libMvCameraControl.so(GigEDevice.cpp-L0818)  ProcessName:python3.12(59296)     Description:[OpenDevice]Invalidate Nodes success
Info    2026-06-06 18:20:35:466  DevID:MV-CS050-60GC(DA6358574)  Source-Line:libMvCameraControl.so(StreamGrab.cpp-L0234)  ProcessName:python3.12(59296)     Description:[Open]Stream channel[0] opened
Info    2026-06-06 18:20:35:468  DevID:MV-CS050-60GC(DA6358574)  Source-Line:libMvCameraControl.so(GigEDevice.cpp-L0849)  ProcessName:python3.12(59296)     Description:[OpenDevice]Open device success! PrivilegeMode[1], SwitchoverKey[0], DeviceUptime[9502],DeviceFirmwareVersion[V4.0.30 2410111385495 24091104]
Info    2026-06-06 18:20:35:468  DevID:MV-CS050-60GC(DA6358574)  Source-Line:libMvCameraControl.so(GigEDevice.cpp-L0865)  ProcessName:python3.12(59296)     Description:[OpenDevice]OpenDevice, cost time 213.000000ms 
Info    2026-06-06 18:20:35:468  DevID:  Source-Line:libMvCameraControl.so(GenICamImpl.cpp-L2342)  ProcessName:python3.12(59296)     Description:[RecordThread]RecordThread Start, ThreadId[1356632528]
Info    2026-06-06 18:20:35:475  DevID:MV-CS050-60GC(DA6358574)  Source-Line:libMvCameraControl.so(GenICamImpl.cpp-L2373)  ProcessName:python3.12(59296)     Description:[RecordThreadProc][Record] Get BlackLevel value [64]
Info    2026-06-06 18:20:35:478  DevID:MV-CS050-60GC(DA6358574)  Source-Line:libMvCameraControl.so(GenICamImpl.cpp-L2395)  ProcessName:python3.12(59296)     Description:[RecordThreadProc][Record] Get BalanceWhiteAuto Value [1] (0:off 1:contineu; 2:once):
Info    2026-06-06 18:20:35:483  DevID:MV-CS050-60GC(DA6358574)  Source-Line:libMvCameraControl.so(GenICamImpl.cpp-L2461)  ProcessName:python3.12(59296)     Description:[RecordThreadProc][Record] Get ExposureAuto value [0]
Info    2026-06-06 18:20:35:488  DevID:MV-CS050-60GC(DA6358574)  Source-Line:libMvCameraControl.so(GenICamImpl.cpp-L2483)  ProcessName:python3.12(59296)     Description:[RecordThreadProc][Record] Get ExposureTime value [50000.000000] 
Info    2026-06-06 18:20:35:490  DevID:MV-CS050-60GC(DA6358574)  Source-Line:libMvCameraControl.so(GenICamImpl.cpp-L2504)  ProcessName:python3.12(59296)     Description:[RecordThreadProc][Record] Get GainAuto value [0] (0:off 1:contineu; 2:once):
Info    2026-06-06 18:20:36:932  DevID:MV-CS050-60GC(DA6358574)  Source-Line:libMvCameraControl.so(GenICamImpl.cpp-L2525)  ProcessName:python3.12(59296)     Description:[RecordThreadProc][Record] Get Gain value [10.554600] 
Info    2026-06-06 18:20:36:940  DevID:MV-CS050-60GC(DA6358574)  Source-Line:libMvCameraControl.so(GenICamImpl.cpp-L2546)  ProcessName:python3.12(59296)     Description:[RecordThreadProc][Record] Get PixelFormat value [17301512] :
Info    2026-06-06 18:20:36:947  DevID:MV-CS050-60GC(DA6358574)  Source-Line:libMvCameraControl.so(GenICamImpl.cpp-L2609)  ProcessName:python3.12(59296)     Description:[RecordThreadProc][Record] Get UserSetCurrent value [0]
Info    2026-06-06 18:20:36:952  DevID:MV-CS050-60GC(DA6358574)  Source-Line:libMvCameraControl.so(GenICamImpl.cpp-L2630)  ProcessName:python3.12(59296)     Description:[RecordThreadProc][Record] Get UserSetSelector value [0] 
Info    2026-06-06 18:20:36:959  DevID:MV-CS050-60GC(DA6358574)  Source-Line:libMvCameraControl.so(GenICamImpl.cpp-L2651)  ProcessName:python3.12(59296)     Description:[RecordThreadProc][Record] Get UserSetDefault value[0]
Info    2026-06-06 18:20:36:959  DevID:  Source-Line:libMvCameraControl.so(GenICamImpl.cpp-L2347)  ProcessName:python3.12(59296)     Description:[RecordThread]RecordThread End, ThreadId[1356632528]
Error   2026-06-06 18:20:36:988  DevID:MV-CS050-60GC(DA6358574)  Source-Line:libMvCameraControl.so(GenICamImpl.cpp-L1111)  ProcessName:python3.12(59296)     Description:[XML_GetNodeAccessMode]PropertyName[SeqExpEnable], Ret[0x80000100]
Error   2026-06-06 18:20:36:989  DevID:MV-CS050-60GC(DA6358574)  Source-Line:libMvCameraControl.so(XmlParse.cpp-L3037)  ProcessName:python3.12(59296)     Description:[GetBooleanValue]Get Node Value, Node does not exist, NodeName[SeqExpEnable]
Error   2026-06-06 18:20:36:989  DevID:MV-CS050-60GC(DA6358574)  Source-Line:libMvCameraControl.so(GenICamImpl.cpp-L0551)  ProcessName:python3.12(59296)     Description:[GetBoolValue]Property[SeqExpEnable], Ret[0x80000100]
Error   2026-06-06 18:20:36:989  DevID:MV-CS050-60GC(DA6358574)  Source-Line:libMvCameraControl.so(GenICamImpl.cpp-L1111)  ProcessName:python3.12(59296)     Description:[XML_GetNodeAccessMode]PropertyName[MultiLightControl], Ret[0x80000100]
Error   2026-06-06 18:20:36:989  DevID:MV-CS050-60GC(DA6358574)  Source-Line:libMvCameraControl.so(XmlParse.cpp-L2386)  ProcessName:python3.12(59296)     Description:[GetEnumValue]Get Node Value, Node does not exist, NodeName[MultiLightControl]
Error   2026-06-06 18:20:36:989  DevID:MV-CS050-60GC(DA6358574)  Source-Line:libMvCameraControl.so(GenICamImpl.cpp-L0364)  ProcessName:python3.12(59296)     Description:[GetEnumValue]Property[MultiLightControl], Ret[0x80000100]
Info    2026-06-06 18:20:36:989  DevID:MV-CS050-60GC(DA6358574)  Source-Line:libMvCameraControl.so(GigEStream.cpp-L0067)  ProcessName:python3.12(59296)     Description:[StartAcquisition][GEV]Width[2448], Height[2048], PixelFormat[0x1080008], PayloadSize[5013504], ChunkCount[100], CompressMode[0], DeviceUptime[9504]
Info    2026-06-06 18:20:36:998  DevID:MV-CS050-60GC(DA6358574)  Source-Line:libMvCameraControl.so(StreamGrab.cpp-L0869)  ProcessName:python3.12(59296)     Description:[StartGrabbing]StreamChannel[0], Start grabbing success, There is no registration callback.
Info    2026-06-06 18:21:51:687  DevID:MV-CS050-60GC(DA6358574)  Source-Line:libMvCameraControl.so(StreamGrab.cpp-L0934)  ProcessName:python3.12(59296)     Description:[StopGrabbing]Stop grabbing success! DeviceUptime[9578]
Info    2026-06-06 18:21:51:687  DevID:MV-CS050-60GC(DA6358574)  Source-Line:libMvCameraControl.so(GigEDevice.cpp-L0648)  ProcessName:python3.12(59296)     Description:[CloseGigEDevice] Close device begin!
Error   2026-06-06 18:21:51:687  DevID:MV-CS050-60GC(DA6358574)  Source-Line:libMvCameraControl.so(StreamGrab.cpp-L0882)  ProcessName:python3.12(59296)     Description:[StopGrabbing]StreamChannel[0], bGrabbing[0], pDevStream[0xaaaafbdf53b0]
Info    2026-06-06 18:21:51:687  DevID:MV-CS050-60GC(DA6358574)  Source-Line:libMvCameraControl.so(StreamGrab.cpp-L0270)  ProcessName:python3.12(59296)     Description:[Close]Stream channel[0] closed
Info    2026-06-06 18:21:51:689  DevID:MV-CS050-60GC(DA6358574)  Source-Line:libMvCameraControl.so(GigEDevice.cpp-L0665)  ProcessName:python3.12(59296)     Description:[CloseGigEDevice]DeviceUptime[9578]
Info    2026-06-06 18:21:51:797  DevID:MV-CS050-60GC(DA6358574)  Source-Line:libMvCameraControl.so(GigEDevice.cpp-L0687)  ProcessName:python3.12(59296)     Description:[CloseGigEDevice]Close device success!
Info    2026-06-06 18:21:51:798  DevID:MV-CS050-60GC(DA6358574)  Source-Line:libMvCameraControl.so(GigEDeviceEvent.cpp-L0046)  ProcessName:python3.12(59296)     Description:[Deinit]GigEDeviceEvent Deinit  RecvAllEvent  [0],
Info    2026-06-06 18:21:51:808  DevID:  Source-Line:libMvCameraControl.so(GigELoadLibrary.cpp-L1732)  ProcessName:python3.12(59296)     Description:[UnloadGigEAllFunctions]UnLoad MVGigEVisionSDK success
Info    2026-06-06 18:21:51:808  DevID:  Source-Line:libMvCameraControl.so(U3VLoadLibrary.cpp-L0931)  ProcessName:python3.12(59296)     Description:[UnloadU3VAllFunctions]UnLoad MvUsb3vTLDLL success
Error   2026-06-06 18:21:59:869  DevID:  Source-Line:libMvCameraControl.so(GenTLLoadLibraryEx.cpp-L0222)  ProcessName:python3.12(59914)     Description:[LoadCtiLibInter]Load CTI failed! CTI path[/opt/MVS/lib/aarch64/libMvProducerVIR.so], nRet[0x8000000c]
Info    2026-06-06 18:21:59:869  DevID:  Source-Line:libMvCameraControl.so(GigELoadLibrary.cpp-L1607)  ProcessName:python3.12(59914)     Description:[LoadGigEAllFunctions]Load MVGigEVisionSDK success
Error   2026-06-06 18:21:59:869  DevID:  Source-Line:libMvCameraControl.so(GenTLLoadLibraryEx.cpp-L0222)  ProcessName:python3.12(59914)     Description:[LoadCtiLibInter]Load CTI failed! CTI path[/opt/MVS/lib/aarch64/MvFGProducerGEV.cti], nRet[0x8000000c]
Error   2026-06-06 18:21:59:869  DevID:  Source-Line:libMvCameraControl.so(FGDeviceEnumerator.cpp-L0103)  ProcessName:python3.12(59914)     Description:[EnumInterfaceInter]EnumInterfaces failed! Ret[0x8000000c], TLayerType[0x1], CTI[/opt/MVS/lib/aarch64/MvFGProducerGEV.cti]
Error   2026-06-06 18:21:59:869  DevID:  Source-Line:libMvCameraControl.so(GenTLLoadLibraryEx.cpp-L0222)  ProcessName:python3.12(59914)     Description:[LoadCtiLibInter]Load CTI failed! CTI path[/opt/MVS/lib/aarch64/MvFGProducerCXP.cti], nRet[0x8000000c]
Error   2026-06-06 18:21:59:869  DevID:  Source-Line:libMvCameraControl.so(FGDeviceEnumerator.cpp-L0103)  ProcessName:python3.12(59914)     Description:[EnumInterfaceInter]EnumInterfaces failed! Ret[0x8000000c], TLayerType[0x8], CTI[/opt/MVS/lib/aarch64/MvFGProducerCXP.cti]
Error   2026-06-06 18:21:59:869  DevID:  Source-Line:libMvCameraControl.so(GenTLLoadLibraryEx.cpp-L0222)  ProcessName:python3.12(59914)     Description:[LoadCtiLibInter]Load CTI failed! CTI path[/opt/MVS/lib/aarch64/MvFGProducerCML.cti], nRet[0x8000000c]
Error   2026-06-06 18:21:59:869  DevID:  Source-Line:libMvCameraControl.so(FGDeviceEnumerator.cpp-L0103)  ProcessName:python3.12(59914)     Description:[EnumInterfaceInter]EnumInterfaces failed! Ret[0x8000000c], TLayerType[0x4], CTI[/opt/MVS/lib/aarch64/MvFGProducerCML.cti]
Error   2026-06-06 18:21:59:869  DevID:  Source-Line:libMvCameraControl.so(GenTLLoadLibraryEx.cpp-L0222)  ProcessName:python3.12(59914)     Description:[LoadCtiLibInter]Load CTI failed! CTI path[/opt/MVS/lib/aarch64/MvFGProducerXoF.cti], nRet[0x8000000c]
Error   2026-06-06 18:21:59:869  DevID:  Source-Line:libMvCameraControl.so(FGDeviceEnumerator.cpp-L0103)  ProcessName:python3.12(59914)     Description:[EnumInterfaceInter]EnumInterfaces failed! Ret[0x8000000c], TLayerType[0x10], CTI[/opt/MVS/lib/aarch64/MvFGProducerXoF.cti]
Error   2026-06-06 18:21:59:869  DevID:  Source-Line:libMvCameraControl.so(GenTLLoadLibraryEx.cpp-L0222)  ProcessName:python3.12(59914)     Description:[LoadCtiLibInter]Load CTI failed! CTI path[/opt/MVS/lib/aarch64/libMvProducerVIR.so], nRet[0x8000000c]
Info    2026-06-06 18:22:01:144  DevID:MV-CS050-60GC(DA6358574)  Source-Line:libMvCameraControl.so(GigEDevice.cpp-L0263)  ProcessName:python3.12(59914)     Description:[Init]GEV INFO DeviceIP[192.168.195.100], NetIP[192.168.195.254], ManufacturerInfo[Hikrobot], DeviceVersion[V4.0.30 241011 1385495], UserID[]
Info    2026-06-06 18:22:01:145  DevID:MV-CS050-60GC(DA6358574)  Source-Line:libMvCameraControl.so(MediaProcess.cpp-L0884)  ProcessName:python3.12(59914)     Description:[SetBayerCvtQuality]Set Bayer CvtQuality success! BayerCvtQuality[1]
Info    2026-06-06 18:22:01:145  DevID:MV-CS050-60GC(DA6358574)  Source-Line:libMvCameraControl.so(MediaProcess.cpp-L1732)  ProcessName:python3.12(59914)     Description:[SetBayerThreadNum]Set Bayer Thread Num success! BayerThreadNum[4]
Info    2026-06-06 18:22:01:145  DevID:MV-CS050-60GC(DA6358574)  Source-Line:libMvCameraControl.so(MediaProcess.cpp-L0884)  ProcessName:python3.12(59914)     Description:[SetBayerCvtQuality]Set Bayer CvtQuality success! BayerCvtQuality[1]
Info    2026-06-06 18:22:01:145  DevID:MV-CS050-60GC(DA6358574)  Source-Line:libMvCameraControl.so(MediaProcess.cpp-L1732)  ProcessName:python3.12(59914)     Description:[SetBayerThreadNum]Set Bayer Thread Num success! BayerThreadNum[4]
Info    2026-06-06 18:22:01:145  DevID:MV-CS050-60GC(DA6358574)  Source-Line:libMvCameraControl.so(GigEDevice.cpp-L0299)  ProcessName:python3.12(59914)     Description:[IsValidVersion]MvCameraControl Version[0x4070003], GigE SDKVersion[0x4070003], DriverVersion[0x4070001]
Info    2026-06-06 18:22:01:175  DevID:  Source-Line:libMvCameraControl.so(CacheXmlToFile.cpp-L0516)  ProcessName:python3.12(59914)     Description:[ReadCacheFile]ReadLocalFile XMLPath[SchemaVersion.1.0@Hikrobot#GEV#MV-CS050-60GC#V4.0.30 241011 1385495@XMLVersion.1.0.0.zip]
Info    2026-06-06 18:22:01:175  DevID:MV-CS050-60GC(DA6358574)  Source-Line:libMvCameraControl.so(GigEDevice.cpp-L0464)  ProcessName:python3.12(59914)     Description:[GetXmlInfo]Get GenICamXML From local File, len [0x19132] Type[1]
Info    2026-06-06 18:22:01:333  DevID:MV-CS050-60GC(DA6358574)  Source-Line:libMvCameraControl.so(GigEDevice.cpp-L0805)  ProcessName:python3.12(59914)     Description:[OpenDevice]Load XML success
Info    2026-06-06 18:22:01:335  DevID:MV-CS050-60GC(DA6358574)  Source-Line:libMvCameraControl.so(GenICamImpl.cpp-L0752)  ProcessName:python3.12(59914)     Description:[InvalidateNodes]Invalidate Nodes success
Info    2026-06-06 18:22:01:335  DevID:MV-CS050-60GC(DA6358574)  Source-Line:libMvCameraControl.so(GigEDevice.cpp-L0818)  ProcessName:python3.12(59914)     Description:[OpenDevice]Invalidate Nodes success
Info    2026-06-06 18:22:01:338  DevID:MV-CS050-60GC(DA6358574)  Source-Line:libMvCameraControl.so(StreamGrab.cpp-L0234)  ProcessName:python3.12(59914)     Description:[Open]Stream channel[0] opened
Info    2026-06-06 18:22:01:340  DevID:MV-CS050-60GC(DA6358574)  Source-Line:libMvCameraControl.so(GigEDevice.cpp-L0849)  ProcessName:python3.12(59914)     Description:[OpenDevice]Open device success! PrivilegeMode[1], SwitchoverKey[0], DeviceUptime[9588],DeviceFirmwareVersion[V4.0.30 2410111385495 24091104]
Info    2026-06-06 18:22:01:340  DevID:MV-CS050-60GC(DA6358574)  Source-Line:libMvCameraControl.so(GigEDevice.cpp-L0865)  ProcessName:python3.12(59914)     Description:[OpenDevice]OpenDevice, cost time 195.000000ms 
Info    2026-06-06 18:22:01:340  DevID:  Source-Line:libMvCameraControl.so(GenICamImpl.cpp-L2342)  ProcessName:python3.12(59914)     Description:[RecordThread]RecordThread Start, ThreadId[783512016]
Info    2026-06-06 18:22:01:347  DevID:MV-CS050-60GC(DA6358574)  Source-Line:libMvCameraControl.so(GenICamImpl.cpp-L2373)  ProcessName:python3.12(59914)     Description:[RecordThreadProc][Record] Get BlackLevel value [64]
Info    2026-06-06 18:22:01:349  DevID:MV-CS050-60GC(DA6358574)  Source-Line:libMvCameraControl.so(GenICamImpl.cpp-L2395)  ProcessName:python3.12(59914)     Description:[RecordThreadProc][Record] Get BalanceWhiteAuto Value [1] (0:off 1:contineu; 2:once):
Info    2026-06-06 18:22:01:354  DevID:MV-CS050-60GC(DA6358574)  Source-Line:libMvCameraControl.so(GenICamImpl.cpp-L2461)  ProcessName:python3.12(59914)     Description:[RecordThreadProc][Record] Get ExposureAuto value [0]
Info    2026-06-06 18:22:01:360  DevID:MV-CS050-60GC(DA6358574)  Source-Line:libMvCameraControl.so(GenICamImpl.cpp-L2483)  ProcessName:python3.12(59914)     Description:[RecordThreadProc][Record] Get ExposureTime value [50000.000000] 
Info    2026-06-06 18:22:01:362  DevID:MV-CS050-60GC(DA6358574)  Source-Line:libMvCameraControl.so(GenICamImpl.cpp-L2504)  ProcessName:python3.12(59914)     Description:[RecordThreadProc][Record] Get GainAuto value [0] (0:off 1:contineu; 2:once):
Info    2026-06-06 18:22:01:366  DevID:MV-CS050-60GC(DA6358574)  Source-Line:libMvCameraControl.so(GenICamImpl.cpp-L2525)  ProcessName:python3.12(59914)     Description:[RecordThreadProc][Record] Get Gain value [9.764800] 
Info    2026-06-06 18:22:01:372  DevID:MV-CS050-60GC(DA6358574)  Source-Line:libMvCameraControl.so(GenICamImpl.cpp-L2546)  ProcessName:python3.12(59914)     Description:[RecordThreadProc][Record] Get PixelFormat value [17301512] :
Info    2026-06-06 18:22:01:377  DevID:MV-CS050-60GC(DA6358574)  Source-Line:libMvCameraControl.so(GenICamImpl.cpp-L2609)  ProcessName:python3.12(59914)     Description:[RecordThreadProc][Record] Get UserSetCurrent value [0]
Info    2026-06-06 18:22:01:379  DevID:MV-CS050-60GC(DA6358574)  Source-Line:libMvCameraControl.so(GenICamImpl.cpp-L2630)  ProcessName:python3.12(59914)     Description:[RecordThreadProc][Record] Get UserSetSelector value [0] 
Info    2026-06-06 18:22:01:380  DevID:MV-CS050-60GC(DA6358574)  Source-Line:libMvCameraControl.so(GenICamImpl.cpp-L2651)  ProcessName:python3.12(59914)     Description:[RecordThreadProc][Record] Get UserSetDefault value[0]
Info    2026-06-06 18:22:01:380  DevID:  Source-Line:libMvCameraControl.so(GenICamImpl.cpp-L2347)  ProcessName:python3.12(59914)     Description:[RecordThread]RecordThread End, ThreadId[783512016]
Error   2026-06-06 18:22:02:848  DevID:MV-CS050-60GC(DA6358574)  Source-Line:libMvCameraControl.so(GenICamImpl.cpp-L1111)  ProcessName:python3.12(59914)     Description:[XML_GetNodeAccessMode]PropertyName[SeqExpEnable], Ret[0x80000100]
Error   2026-06-06 18:22:02:848  DevID:MV-CS050-60GC(DA6358574)  Source-Line:libMvCameraControl.so(XmlParse.cpp-L3037)  ProcessName:python3.12(59914)     Description:[GetBooleanValue]Get Node Value, Node does not exist, NodeName[SeqExpEnable]
Error   2026-06-06 18:22:02:848  DevID:MV-CS050-60GC(DA6358574)  Source-Line:libMvCameraControl.so(GenICamImpl.cpp-L0551)  ProcessName:python3.12(59914)     Description:[GetBoolValue]Property[SeqExpEnable], Ret[0x80000100]
Error   2026-06-06 18:22:02:848  DevID:MV-CS050-60GC(DA6358574)  Source-Line:libMvCameraControl.so(GenICamImpl.cpp-L1111)  ProcessName:python3.12(59914)     Description:[XML_GetNodeAccessMode]PropertyName[MultiLightControl], Ret[0x80000100]
Error   2026-06-06 18:22:02:848  DevID:MV-CS050-60GC(DA6358574)  Source-Line:libMvCameraControl.so(XmlParse.cpp-L2386)  ProcessName:python3.12(59914)     Description:[GetEnumValue]Get Node Value, Node does not exist, NodeName[MultiLightControl]
Error   2026-06-06 18:22:02:848  DevID:MV-CS050-60GC(DA6358574)  Source-Line:libMvCameraControl.so(GenICamImpl.cpp-L0364)  ProcessName:python3.12(59914)     Description:[GetEnumValue]Property[MultiLightControl], Ret[0x80000100]
Info    2026-06-06 18:22:02:848  DevID:MV-CS050-60GC(DA6358574)  Source-Line:libMvCameraControl.so(GigEStream.cpp-L0067)  ProcessName:python3.12(59914)     Description:[StartAcquisition][GEV]Width[2448], Height[2048], PixelFormat[0x1080008], PayloadSize[5013504], ChunkCount[100], CompressMode[0], DeviceUptime[9590]
Info    2026-06-06 18:22:02:857  DevID:MV-CS050-60GC(DA6358574)  Source-Line:libMvCameraControl.so(StreamGrab.cpp-L0869)  ProcessName:python3.12(59914)     Description:[StartGrabbing]StreamChannel[0], Start grabbing success, There is no registration callback.
Info    2026-06-06 18:22:39:519  DevID:MV-CS050-60GC(DA6358574)  Source-Line:libMvCameraControl.so(StreamGrab.cpp-L0934)  ProcessName:python3.12(59914)     Description:[StopGrabbing]Stop grabbing success! DeviceUptime[9626]
Info    2026-06-06 18:22:39:519  DevID:MV-CS050-60GC(DA6358574)  Source-Line:libMvCameraControl.so(GigEDevice.cpp-L0648)  ProcessName:python3.12(59914)     Description:[CloseGigEDevice] Close device begin!
Error   2026-06-06 18:22:39:519  DevID:MV-CS050-60GC(DA6358574)  Source-Line:libMvCameraControl.so(StreamGrab.cpp-L0882)  ProcessName:python3.12(59914)     Description:[StopGrabbing]StreamChannel[0], bGrabbing[0], pDevStream[0xaaaae6e4b400]
Info    2026-06-06 18:22:39:520  DevID:MV-CS050-60GC(DA6358574)  Source-Line:libMvCameraControl.so(StreamGrab.cpp-L0270)  ProcessName:python3.12(59914)     Description:[Close]Stream channel[0] closed
Info    2026-06-06 18:22:39:521  DevID:MV-CS050-60GC(DA6358574)  Source-Line:libMvCameraControl.so(GigEDevice.cpp-L0665)  ProcessName:python3.12(59914)     Description:[CloseGigEDevice]DeviceUptime[9626]
Info    2026-06-06 18:22:39:628  DevID:MV-CS050-60GC(DA6358574)  Source-Line:libMvCameraControl.so(GigEDevice.cpp-L0687)  ProcessName:python3.12(59914)     Description:[CloseGigEDevice]Close device success!
Info    2026-06-06 18:22:39:628  DevID:MV-CS050-60GC(DA6358574)  Source-Line:libMvCameraControl.so(GigEDeviceEvent.cpp-L0046)  ProcessName:python3.12(59914)     Description:[Deinit]GigEDeviceEvent Deinit  RecvAllEvent  [0],
Info    2026-06-06 18:22:39:638  DevID:  Source-Line:libMvCameraControl.so(GigELoadLibrary.cpp-L1732)  ProcessName:python3.12(59914)     Description:[UnloadGigEAllFunctions]UnLoad MVGigEVisionSDK success
Info    2026-06-06 18:22:39:639  DevID:  Source-Line:libMvCameraControl.so(U3VLoadLibrary.cpp-L0931)  ProcessName:python3.12(59914)     Description:[UnloadU3VAllFunctions]UnLoad MvUsb3vTLDLL success
Error   2026-06-06 18:22:45:052  DevID:  Source-Line:libMvCameraControl.so(GenTLLoadLibraryEx.cpp-L0222)  ProcessName:python3.12(60179)     Description:[LoadCtiLibInter]Load CTI failed! CTI path[/opt/MVS/lib/aarch64/libMvProducerVIR.so], nRet[0x8000000c]
Error   2026-06-06 18:22:45:053  DevID:  Source-Line:libMvCameraControl.so(GenTLLoadLibraryEx.cpp-L0222)  ProcessName:python3.12(60179)     Description:[LoadCtiLibInter]Load CTI failed! CTI path[/opt/MVS/lib/aarch64/libMvProducerVIR.so], nRet[0x8000000c]
Error   2026-06-06 18:22:45:053  DevID:  Source-Line:libMvCameraControl.so(GenTLLoadLibraryEx.cpp-L0222)  ProcessName:python3.12(60179)     Description:[LoadCtiLibInter]Load CTI failed! CTI path[/opt/MVS/lib/aarch64/MvFGProducerGEV.cti], nRet[0x8000000c]
Info    2026-06-06 18:22:45:053  DevID:  Source-Line:libMvCameraControl.so(GigELoadLibrary.cpp-L1607)  ProcessName:python3.12(60179)     Description:[LoadGigEAllFunctions]Load MVGigEVisionSDK success
Error   2026-06-06 18:22:45:053  DevID:  Source-Line:libMvCameraControl.so(FGDeviceEnumerator.cpp-L0103)  ProcessName:python3.12(60179)     Description:[EnumInterfaceInter]EnumInterfaces failed! Ret[0x8000000c], TLayerType[0x1], CTI[/opt/MVS/lib/aarch64/MvFGProducerGEV.cti]
Error   2026-06-06 18:22:45:053  DevID:  Source-Line:libMvCameraControl.so(GenTLLoadLibraryEx.cpp-L0222)  ProcessName:python3.12(60179)     Description:[LoadCtiLibInter]Load CTI failed! CTI path[/opt/MVS/lib/aarch64/MvFGProducerCML.cti], nRet[0x8000000c]
Error   2026-06-06 18:22:45:053  DevID:  Source-Line:libMvCameraControl.so(FGDeviceEnumerator.cpp-L0103)  ProcessName:python3.12(60179)     Description:[EnumInterfaceInter]EnumInterfaces failed! Ret[0x8000000c], TLayerType[0x4], CTI[/opt/MVS/lib/aarch64/MvFGProducerCML.cti]
Error   2026-06-06 18:22:45:053  DevID:  Source-Line:libMvCameraControl.so(GenTLLoadLibraryEx.cpp-L0222)  ProcessName:python3.12(60179)     Description:[LoadCtiLibInter]Load CTI failed! CTI path[/opt/MVS/lib/aarch64/MvFGProducerCXP.cti], nRet[0x8000000c]
Error   2026-06-06 18:22:45:053  DevID:  Source-Line:libMvCameraControl.so(FGDeviceEnumerator.cpp-L0103)  ProcessName:python3.12(60179)     Description:[EnumInterfaceInter]EnumInterfaces failed! Ret[0x8000000c], TLayerType[0x8], CTI[/opt/MVS/lib/aarch64/MvFGProducerCXP.cti]
Error   2026-06-06 18:22:45:053  DevID:  Source-Line:libMvCameraControl.so(GenTLLoadLibraryEx.cpp-L0222)  ProcessName:python3.12(60179)     Description:[LoadCtiLibInter]Load CTI failed! CTI path[/opt/MVS/lib/aarch64/MvFGProducerXoF.cti], nRet[0x8000000c]
Error   2026-06-06 18:22:45:053  DevID:  Source-Line:libMvCameraControl.so(FGDeviceEnumerator.cpp-L0103)  ProcessName:python3.12(60179)     Description:[EnumInterfaceInter]EnumInterfaces failed! Ret[0x8000000c], TLayerType[0x10], CTI[/opt/MVS/lib/aarch64/MvFGProducerXoF.cti]
Info    2026-06-06 18:22:46:025  DevID:MV-CS050-60GC(DA6358574)  Source-Line:libMvCameraControl.so(GigEDevice.cpp-L0263)  ProcessName:python3.12(60179)     Description:[Init]GEV INFO DeviceIP[192.168.195.100], NetIP[192.168.195.254], ManufacturerInfo[Hikrobot], DeviceVersion[V4.0.30 241011 1385495], UserID[]
Info    2026-06-06 18:22:46:025  DevID:MV-CS050-60GC(DA6358574)  Source-Line:libMvCameraControl.so(MediaProcess.cpp-L0884)  ProcessName:python3.12(60179)     Description:[SetBayerCvtQuality]Set Bayer CvtQuality success! BayerCvtQuality[1]
Info    2026-06-06 18:22:46:025  DevID:MV-CS050-60GC(DA6358574)  Source-Line:libMvCameraControl.so(MediaProcess.cpp-L1732)  ProcessName:python3.12(60179)     Description:[SetBayerThreadNum]Set Bayer Thread Num success! BayerThreadNum[4]
Info    2026-06-06 18:22:46:025  DevID:MV-CS050-60GC(DA6358574)  Source-Line:libMvCameraControl.so(MediaProcess.cpp-L0884)  ProcessName:python3.12(60179)     Description:[SetBayerCvtQuality]Set Bayer CvtQuality success! BayerCvtQuality[1]
Info    2026-06-06 18:22:46:025  DevID:MV-CS050-60GC(DA6358574)  Source-Line:libMvCameraControl.so(MediaProcess.cpp-L1732)  ProcessName:python3.12(60179)     Description:[SetBayerThreadNum]Set Bayer Thread Num success! BayerThreadNum[4]
Info    2026-06-06 18:22:46:025  DevID:MV-CS050-60GC(DA6358574)  Source-Line:libMvCameraControl.so(GigEDevice.cpp-L0299)  ProcessName:python3.12(60179)     Description:[IsValidVersion]MvCameraControl Version[0x4070003], GigE SDKVersion[0x4070003], DriverVersion[0x4070001]
Info    2026-06-06 18:22:46:057  DevID:  Source-Line:libMvCameraControl.so(CacheXmlToFile.cpp-L0516)  ProcessName:python3.12(60179)     Description:[ReadCacheFile]ReadLocalFile XMLPath[SchemaVersion.1.0@Hikrobot#GEV#MV-CS050-60GC#V4.0.30 241011 1385495@XMLVersion.1.0.0.zip]
Info    2026-06-06 18:22:46:057  DevID:MV-CS050-60GC(DA6358574)  Source-Line:libMvCameraControl.so(GigEDevice.cpp-L0464)  ProcessName:python3.12(60179)     Description:[GetXmlInfo]Get GenICamXML From local File, len [0x19132] Type[1]
Info    2026-06-06 18:22:46:236  DevID:MV-CS050-60GC(DA6358574)  Source-Line:libMvCameraControl.so(GigEDevice.cpp-L0805)  ProcessName:python3.12(60179)     Description:[OpenDevice]Load XML success
Info    2026-06-06 18:22:46:239  DevID:MV-CS050-60GC(DA6358574)  Source-Line:libMvCameraControl.so(GenICamImpl.cpp-L0752)  ProcessName:python3.12(60179)     Description:[InvalidateNodes]Invalidate Nodes success
Info    2026-06-06 18:22:46:239  DevID:MV-CS050-60GC(DA6358574)  Source-Line:libMvCameraControl.so(GigEDevice.cpp-L0818)  ProcessName:python3.12(60179)     Description:[OpenDevice]Invalidate Nodes success
Info    2026-06-06 18:22:46:241  DevID:MV-CS050-60GC(DA6358574)  Source-Line:libMvCameraControl.so(StreamGrab.cpp-L0234)  ProcessName:python3.12(60179)     Description:[Open]Stream channel[0] opened
Info    2026-06-06 18:22:46:244  DevID:MV-CS050-60GC(DA6358574)  Source-Line:libMvCameraControl.so(GigEDevice.cpp-L0849)  ProcessName:python3.12(60179)     Description:[OpenDevice]Open device success! PrivilegeMode[1], SwitchoverKey[0], DeviceUptime[9633],DeviceFirmwareVersion[V4.0.30 2410111385495 24091104]
Info    2026-06-06 18:22:46:244  DevID:MV-CS050-60GC(DA6358574)  Source-Line:libMvCameraControl.so(GigEDevice.cpp-L0865)  ProcessName:python3.12(60179)     Description:[OpenDevice]OpenDevice, cost time 219.000000ms 
Info    2026-06-06 18:22:46:244  DevID:  Source-Line:libMvCameraControl.so(GenICamImpl.cpp-L2342)  ProcessName:python3.12(60179)     Description:[RecordThread]RecordThread Start, ThreadId[872411600]
Info    2026-06-06 18:22:47:684  DevID:MV-CS050-60GC(DA6358574)  Source-Line:libMvCameraControl.so(GenICamImpl.cpp-L2373)  ProcessName:python3.12(60179)     Description:[RecordThreadProc][Record] Get BlackLevel value [64]
Info    2026-06-06 18:22:47:687  DevID:MV-CS050-60GC(DA6358574)  Source-Line:libMvCameraControl.so(GenICamImpl.cpp-L2395)  ProcessName:python3.12(60179)     Description:[RecordThreadProc][Record] Get BalanceWhiteAuto Value [1] (0:off 1:contineu; 2:once):
Info    2026-06-06 18:22:47:691  DevID:MV-CS050-60GC(DA6358574)  Source-Line:libMvCameraControl.so(GenICamImpl.cpp-L2461)  ProcessName:python3.12(60179)     Description:[RecordThreadProc][Record] Get ExposureAuto value [0]
Info    2026-06-06 18:22:47:700  DevID:MV-CS050-60GC(DA6358574)  Source-Line:libMvCameraControl.so(GenICamImpl.cpp-L2483)  ProcessName:python3.12(60179)     Description:[RecordThreadProc][Record] Get ExposureTime value [50000.000000] 
Info    2026-06-06 18:22:47:709  DevID:MV-CS050-60GC(DA6358574)  Source-Line:libMvCameraControl.so(GenICamImpl.cpp-L2504)  ProcessName:python3.12(60179)     Description:[RecordThreadProc][Record] Get GainAuto value [0] (0:off 1:contineu; 2:once):
Error   2026-06-06 18:22:47:752  DevID:MV-CS050-60GC(DA6358574)  Source-Line:libMvCameraControl.so(GenICamImpl.cpp-L1111)  ProcessName:python3.12(60179)     Description:[XML_GetNodeAccessMode]PropertyName[SeqExpEnable], Ret[0x80000100]
Error   2026-06-06 18:22:47:752  DevID:MV-CS050-60GC(DA6358574)  Source-Line:libMvCameraControl.so(XmlParse.cpp-L3037)  ProcessName:python3.12(60179)     Description:[GetBooleanValue]Get Node Value, Node does not exist, NodeName[SeqExpEnable]
Error   2026-06-06 18:22:47:752  DevID:MV-CS050-60GC(DA6358574)  Source-Line:libMvCameraControl.so(GenICamImpl.cpp-L0551)  ProcessName:python3.12(60179)     Description:[GetBoolValue]Property[SeqExpEnable], Ret[0x80000100]
Error   2026-06-06 18:22:47:752  DevID:MV-CS050-60GC(DA6358574)  Source-Line:libMvCameraControl.so(GenICamImpl.cpp-L1111)  ProcessName:python3.12(60179)     Description:[XML_GetNodeAccessMode]PropertyName[MultiLightControl], Ret[0x80000100]
Error   2026-06-06 18:22:47:752  DevID:MV-CS050-60GC(DA6358574)  Source-Line:libMvCameraControl.so(XmlParse.cpp-L2386)  ProcessName:python3.12(60179)     Description:[GetEnumValue]Get Node Value, Node does not exist, NodeName[MultiLightControl]
Error   2026-06-06 18:22:47:752  DevID:MV-CS050-60GC(DA6358574)  Source-Line:libMvCameraControl.so(GenICamImpl.cpp-L0364)  ProcessName:python3.12(60179)     Description:[GetEnumValue]Property[MultiLightControl], Ret[0x80000100]
Info    2026-06-06 18:22:47:752  DevID:MV-CS050-60GC(DA6358574)  Source-Line:libMvCameraControl.so(GigEStream.cpp-L0067)  ProcessName:python3.12(60179)     Description:[StartAcquisition][GEV]Width[2448], Height[2048], PixelFormat[0x1080008], PayloadSize[5013504], ChunkCount[100], CompressMode[0], DeviceUptime[9634]
Info    2026-06-06 18:22:47:766  DevID:MV-CS050-60GC(DA6358574)  Source-Line:libMvCameraControl.so(GenICamImpl.cpp-L2525)  ProcessName:python3.12(60179)     Description:[RecordThreadProc][Record] Get Gain value [9.764800] 
Info    2026-06-06 18:22:47:767  DevID:MV-CS050-60GC(DA6358574)  Source-Line:libMvCameraControl.so(GenICamImpl.cpp-L2546)  ProcessName:python3.12(60179)     Description:[RecordThreadProc][Record] Get PixelFormat value [17301512] :
Info    2026-06-06 18:22:47:769  DevID:MV-CS050-60GC(DA6358574)  Source-Line:libMvCameraControl.so(StreamGrab.cpp-L0869)  ProcessName:python3.12(60179)     Description:[StartGrabbing]StreamChannel[0], Start grabbing success, There is no registration callback.
Info    2026-06-06 18:22:47:774  DevID:MV-CS050-60GC(DA6358574)  Source-Line:libMvCameraControl.so(GenICamImpl.cpp-L2609)  ProcessName:python3.12(60179)     Description:[RecordThreadProc][Record] Get UserSetCurrent value [0]
Info    2026-06-06 18:22:47:776  DevID:MV-CS050-60GC(DA6358574)  Source-Line:libMvCameraControl.so(GenICamImpl.cpp-L2630)  ProcessName:python3.12(60179)     Description:[RecordThreadProc][Record] Get UserSetSelector value [0] 
Info    2026-06-06 18:22:47:777  DevID:MV-CS050-60GC(DA6358574)  Source-Line:libMvCameraControl.so(GenICamImpl.cpp-L2651)  ProcessName:python3.12(60179)     Description:[RecordThreadProc][Record] Get UserSetDefault value[0]
Info    2026-06-06 18:22:47:777  DevID:  Source-Line:libMvCameraControl.so(GenICamImpl.cpp-L2347)  ProcessName:python3.12(60179)     Description:[RecordThread]RecordThread End, ThreadId[872411600]
Info    2026-06-06 18:23:34:239  DevID:MV-CS050-60GC(DA6358574)  Source-Line:libMvCameraControl.so(StreamGrab.cpp-L0934)  ProcessName:python3.12(60179)     Description:[StopGrabbing]Stop grabbing success! DeviceUptime[9681]
Info    2026-06-06 18:23:34:239  DevID:MV-CS050-60GC(DA6358574)  Source-Line:libMvCameraControl.so(GigEDevice.cpp-L0648)  ProcessName:python3.12(60179)     Description:[CloseGigEDevice] Close device begin!
Error   2026-06-06 18:23:34:239  DevID:MV-CS050-60GC(DA6358574)  Source-Line:libMvCameraControl.so(StreamGrab.cpp-L0882)  ProcessName:python3.12(60179)     Description:[StopGrabbing]StreamChannel[0], bGrabbing[0], pDevStream[0xaaaaf2a4e3b0]
Info    2026-06-06 18:23:34:239  DevID:MV-CS050-60GC(DA6358574)  Source-Line:libMvCameraControl.so(StreamGrab.cpp-L0270)  ProcessName:python3.12(60179)     Description:[Close]Stream channel[0] closed
Info    2026-06-06 18:23:34:240  DevID:MV-CS050-60GC(DA6358574)  Source-Line:libMvCameraControl.so(GigEDevice.cpp-L0665)  ProcessName:python3.12(60179)     Description:[CloseGigEDevice]DeviceUptime[9681]
Info    2026-06-06 18:23:34:246  DevID:MV-CS050-60GC(DA6358574)  Source-Line:libMvCameraControl.so(GigEDevice.cpp-L0687)  ProcessName:python3.12(60179)     Description:[CloseGigEDevice]Close device success!
Info    2026-06-06 18:23:34:246  DevID:MV-CS050-60GC(DA6358574)  Source-Line:libMvCameraControl.so(GigEDeviceEvent.cpp-L0046)  ProcessName:python3.12(60179)     Description:[Deinit]GigEDeviceEvent Deinit  RecvAllEvent  [0],
Info    2026-06-06 18:23:34:254  DevID:  Source-Line:libMvCameraControl.so(GigELoadLibrary.cpp-L1732)  ProcessName:python3.12(60179)     Description:[UnloadGigEAllFunctions]UnLoad MVGigEVisionSDK success
Info    2026-06-06 18:23:34:255  DevID:  Source-Line:libMvCameraControl.so(U3VLoadLibrary.cpp-L0931)  ProcessName:python3.12(60179)     Description:[UnloadU3VAllFunctions]UnLoad MvUsb3vTLDLL success
Error   2026-06-06 18:33:17:378  DevID:  Source-Line:libMvCameraControl.so(GenTLLoadLibraryEx.cpp-L0222)  ProcessName:python3.12(63834)     Description:[LoadCtiLibInter]Load CTI failed! CTI path[/opt/MVS/lib/aarch64/libMvProducerVIR.so], nRet[0x8000000c]
Info    2026-06-06 18:33:17:379  DevID:  Source-Line:libMvCameraControl.so(GigELoadLibrary.cpp-L1607)  ProcessName:python3.12(63834)     Description:[LoadGigEAllFunctions]Load MVGigEVisionSDK success
Error   2026-06-06 18:33:17:380  DevID:  Source-Line:libMvCameraControl.so(GenTLLoadLibraryEx.cpp-L0222)  ProcessName:python3.12(63834)     Description:[LoadCtiLibInter]Load CTI failed! CTI path[/opt/MVS/lib/aarch64/MvFGProducerCXP.cti], nRet[0x8000000c]
Error   2026-06-06 18:33:17:380  DevID:  Source-Line:libMvCameraControl.so(FGDeviceEnumerator.cpp-L0103)  ProcessName:python3.12(63834)     Description:[EnumInterfaceInter]EnumInterfaces failed! Ret[0x8000000c], TLayerType[0x8], CTI[/opt/MVS/lib/aarch64/MvFGProducerCXP.cti]
Error   2026-06-06 18:33:17:380  DevID:  Source-Line:libMvCameraControl.so(GenTLLoadLibraryEx.cpp-L0222)  ProcessName:python3.12(63834)     Description:[LoadCtiLibInter]Load CTI failed! CTI path[/opt/MVS/lib/aarch64/MvFGProducerGEV.cti], nRet[0x8000000c]
Error   2026-06-06 18:33:17:380  DevID:  Source-Line:libMvCameraControl.so(FGDeviceEnumerator.cpp-L0103)  ProcessName:python3.12(63834)     Description:[EnumInterfaceInter]EnumInterfaces failed! Ret[0x8000000c], TLayerType[0x1], CTI[/opt/MVS/lib/aarch64/MvFGProducerGEV.cti]
Error   2026-06-06 18:33:17:380  DevID:  Source-Line:libMvCameraControl.so(GenTLLoadLibraryEx.cpp-L0222)  ProcessName:python3.12(63834)     Description:[LoadCtiLibInter]Load CTI failed! CTI path[/opt/MVS/lib/aarch64/libMvProducerVIR.so], nRet[0x8000000c]
Error   2026-06-06 18:33:17:380  DevID:  Source-Line:libMvCameraControl.so(GenTLLoadLibraryEx.cpp-L0222)  ProcessName:python3.12(63834)     Description:[LoadCtiLibInter]Load CTI failed! CTI path[/opt/MVS/lib/aarch64/MvFGProducerCML.cti], nRet[0x8000000c]
Error   2026-06-06 18:33:17:380  DevID:  Source-Line:libMvCameraControl.so(FGDeviceEnumerator.cpp-L0103)  ProcessName:python3.12(63834)     Description:[EnumInterfaceInter]EnumInterfaces failed! Ret[0x8000000c], TLayerType[0x4], CTI[/opt/MVS/lib/aarch64/MvFGProducerCML.cti]
Error   2026-06-06 18:33:17:380  DevID:  Source-Line:libMvCameraControl.so(GenTLLoadLibraryEx.cpp-L0222)  ProcessName:python3.12(63834)     Description:[LoadCtiLibInter]Load CTI failed! CTI path[/opt/MVS/lib/aarch64/MvFGProducerXoF.cti], nRet[0x8000000c]
Error   2026-06-06 18:33:17:380  DevID:  Source-Line:libMvCameraControl.so(FGDeviceEnumerator.cpp-L0103)  ProcessName:python3.12(63834)     Description:[EnumInterfaceInter]EnumInterfaces failed! Ret[0x8000000c], TLayerType[0x10], CTI[/opt/MVS/lib/aarch64/MvFGProducerXoF.cti]
Info    2026-06-06 18:33:18:378  DevID:MV-CS050-60GC(DA6358574)  Source-Line:libMvCameraControl.so(GigEDevice.cpp-L0263)  ProcessName:python3.12(63834)     Description:[Init]GEV INFO DeviceIP[192.168.195.100], NetIP[192.168.195.254], ManufacturerInfo[Hikrobot], DeviceVersion[V4.0.30 241011 1385495], UserID[]
Info    2026-06-06 18:33:18:378  DevID:MV-CS050-60GC(DA6358574)  Source-Line:libMvCameraControl.so(MediaProcess.cpp-L0884)  ProcessName:python3.12(63834)     Description:[SetBayerCvtQuality]Set Bayer CvtQuality success! BayerCvtQuality[1]
Info    2026-06-06 18:33:18:378  DevID:MV-CS050-60GC(DA6358574)  Source-Line:libMvCameraControl.so(MediaProcess.cpp-L1732)  ProcessName:python3.12(63834)     Description:[SetBayerThreadNum]Set Bayer Thread Num success! BayerThreadNum[4]
Info    2026-06-06 18:33:18:378  DevID:MV-CS050-60GC(DA6358574)  Source-Line:libMvCameraControl.so(MediaProcess.cpp-L0884)  ProcessName:python3.12(63834)     Description:[SetBayerCvtQuality]Set Bayer CvtQuality success! BayerCvtQuality[1]
Info    2026-06-06 18:33:18:378  DevID:MV-CS050-60GC(DA6358574)  Source-Line:libMvCameraControl.so(MediaProcess.cpp-L1732)  ProcessName:python3.12(63834)     Description:[SetBayerThreadNum]Set Bayer Thread Num success! BayerThreadNum[4]
Info    2026-06-06 18:33:18:378  DevID:MV-CS050-60GC(DA6358574)  Source-Line:libMvCameraControl.so(GigEDevice.cpp-L0299)  ProcessName:python3.12(63834)     Description:[IsValidVersion]MvCameraControl Version[0x4070003], GigE SDKVersion[0x4070003], DriverVersion[0x4070001]
Info    2026-06-06 18:33:18:410  DevID:  Source-Line:libMvCameraControl.so(CacheXmlToFile.cpp-L0516)  ProcessName:python3.12(63834)     Description:[ReadCacheFile]ReadLocalFile XMLPath[SchemaVersion.1.0@Hikrobot#GEV#MV-CS050-60GC#V4.0.30 241011 1385495@XMLVersion.1.0.0.zip]
Info    2026-06-06 18:33:18:410  DevID:MV-CS050-60GC(DA6358574)  Source-Line:libMvCameraControl.so(GigEDevice.cpp-L0464)  ProcessName:python3.12(63834)     Description:[GetXmlInfo]Get GenICamXML From local File, len [0x19132] Type[1]
Info    2026-06-06 18:33:18:573  DevID:MV-CS050-60GC(DA6358574)  Source-Line:libMvCameraControl.so(GigEDevice.cpp-L0805)  ProcessName:python3.12(63834)     Description:[OpenDevice]Load XML success
Info    2026-06-06 18:33:18:576  DevID:MV-CS050-60GC(DA6358574)  Source-Line:libMvCameraControl.so(GenICamImpl.cpp-L0752)  ProcessName:python3.12(63834)     Description:[InvalidateNodes]Invalidate Nodes success
Info    2026-06-06 18:33:18:576  DevID:MV-CS050-60GC(DA6358574)  Source-Line:libMvCameraControl.so(GigEDevice.cpp-L0818)  ProcessName:python3.12(63834)     Description:[OpenDevice]Invalidate Nodes success
Info    2026-06-06 18:33:18:578  DevID:MV-CS050-60GC(DA6358574)  Source-Line:libMvCameraControl.so(StreamGrab.cpp-L0234)  ProcessName:python3.12(63834)     Description:[Open]Stream channel[0] opened
Info    2026-06-06 18:33:18:581  DevID:MV-CS050-60GC(DA6358574)  Source-Line:libMvCameraControl.so(GigEDevice.cpp-L0849)  ProcessName:python3.12(63834)     Description:[OpenDevice]Open device success! PrivilegeMode[1], SwitchoverKey[0], DeviceUptime[10265],DeviceFirmwareVersion[V4.0.30 2410111385495 24091104]
Info    2026-06-06 18:33:18:581  DevID:MV-CS050-60GC(DA6358574)  Source-Line:libMvCameraControl.so(GigEDevice.cpp-L0865)  ProcessName:python3.12(63834)     Description:[OpenDevice]OpenDevice, cost time 203.000000ms 
Info    2026-06-06 18:33:18:581  DevID:  Source-Line:libMvCameraControl.so(GenICamImpl.cpp-L2342)  ProcessName:python3.12(63834)     Description:[RecordThread]RecordThread Start, ThreadId[1097654736]
Info    2026-06-06 18:33:18:589  DevID:MV-CS050-60GC(DA6358574)  Source-Line:libMvCameraControl.so(GenICamImpl.cpp-L2373)  ProcessName:python3.12(63834)     Description:[RecordThreadProc][Record] Get BlackLevel value [64]
Info    2026-06-06 18:33:18:592  DevID:MV-CS050-60GC(DA6358574)  Source-Line:libMvCameraControl.so(GenICamImpl.cpp-L2395)  ProcessName:python3.12(63834)     Description:[RecordThreadProc][Record] Get BalanceWhiteAuto Value [1] (0:off 1:contineu; 2:once):
Info    2026-06-06 18:33:18:596  DevID:MV-CS050-60GC(DA6358574)  Source-Line:libMvCameraControl.so(GenICamImpl.cpp-L2461)  ProcessName:python3.12(63834)     Description:[RecordThreadProc][Record] Get ExposureAuto value [0]
Info    2026-06-06 18:33:18:602  DevID:MV-CS050-60GC(DA6358574)  Source-Line:libMvCameraControl.so(GenICamImpl.cpp-L2483)  ProcessName:python3.12(63834)     Description:[RecordThreadProc][Record] Get ExposureTime value [50000.000000] 
Info    2026-06-06 18:33:18:604  DevID:MV-CS050-60GC(DA6358574)  Source-Line:libMvCameraControl.so(GenICamImpl.cpp-L2504)  ProcessName:python3.12(63834)     Description:[RecordThreadProc][Record] Get GainAuto value [0] (0:off 1:contineu; 2:once):
Info    2026-06-06 18:33:18:609  DevID:MV-CS050-60GC(DA6358574)  Source-Line:libMvCameraControl.so(GenICamImpl.cpp-L2525)  ProcessName:python3.12(63834)     Description:[RecordThreadProc][Record] Get Gain value [11.990600] 
Info    2026-06-06 18:33:18:615  DevID:MV-CS050-60GC(DA6358574)  Source-Line:libMvCameraControl.so(GenICamImpl.cpp-L2546)  ProcessName:python3.12(63834)     Description:[RecordThreadProc][Record] Get PixelFormat value [17301512] :
Info    2026-06-06 18:33:18:620  DevID:MV-CS050-60GC(DA6358574)  Source-Line:libMvCameraControl.so(GenICamImpl.cpp-L2609)  ProcessName:python3.12(63834)     Description:[RecordThreadProc][Record] Get UserSetCurrent value [0]
Info    2026-06-06 18:33:18:622  DevID:MV-CS050-60GC(DA6358574)  Source-Line:libMvCameraControl.so(GenICamImpl.cpp-L2630)  ProcessName:python3.12(63834)     Description:[RecordThreadProc][Record] Get UserSetSelector value [0] 
Info    2026-06-06 18:33:20:055  DevID:MV-CS050-60GC(DA6358574)  Source-Line:libMvCameraControl.so(GenICamImpl.cpp-L2651)  ProcessName:python3.12(63834)     Description:[RecordThreadProc][Record] Get UserSetDefault value[0]
Info    2026-06-06 18:33:20:055  DevID:  Source-Line:libMvCameraControl.so(GenICamImpl.cpp-L2347)  ProcessName:python3.12(63834)     Description:[RecordThread]RecordThread End, ThreadId[1097654736]
Error   2026-06-06 18:33:20:093  DevID:MV-CS050-60GC(DA6358574)  Source-Line:libMvCameraControl.so(GenICamImpl.cpp-L1111)  ProcessName:python3.12(63834)     Description:[XML_GetNodeAccessMode]PropertyName[SeqExpEnable], Ret[0x80000100]
Error   2026-06-06 18:33:20:093  DevID:MV-CS050-60GC(DA6358574)  Source-Line:libMvCameraControl.so(XmlParse.cpp-L3037)  ProcessName:python3.12(63834)     Description:[GetBooleanValue]Get Node Value, Node does not exist, NodeName[SeqExpEnable]
Error   2026-06-06 18:33:20:093  DevID:MV-CS050-60GC(DA6358574)  Source-Line:libMvCameraControl.so(GenICamImpl.cpp-L0551)  ProcessName:python3.12(63834)     Description:[GetBoolValue]Property[SeqExpEnable], Ret[0x80000100]
Error   2026-06-06 18:33:20:093  DevID:MV-CS050-60GC(DA6358574)  Source-Line:libMvCameraControl.so(GenICamImpl.cpp-L1111)  ProcessName:python3.12(63834)     Description:[XML_GetNodeAccessMode]PropertyName[MultiLightControl], Ret[0x80000100]
Error   2026-06-06 18:33:20:093  DevID:MV-CS050-60GC(DA6358574)  Source-Line:libMvCameraControl.so(XmlParse.cpp-L2386)  ProcessName:python3.12(63834)     Description:[GetEnumValue]Get Node Value, Node does not exist, NodeName[MultiLightControl]
Error   2026-06-06 18:33:20:093  DevID:MV-CS050-60GC(DA6358574)  Source-Line:libMvCameraControl.so(GenICamImpl.cpp-L0364)  ProcessName:python3.12(63834)     Description:[GetEnumValue]Property[MultiLightControl], Ret[0x80000100]
Info    2026-06-06 18:33:20:093  DevID:MV-CS050-60GC(DA6358574)  Source-Line:libMvCameraControl.so(GigEStream.cpp-L0067)  ProcessName:python3.12(63834)     Description:[StartAcquisition][GEV]Width[2448], Height[2048], PixelFormat[0x1080008], PayloadSize[5013504], ChunkCount[100], CompressMode[0], DeviceUptime[10267]
Info    2026-06-06 18:33:20:103  DevID:MV-CS050-60GC(DA6358574)  Source-Line:libMvCameraControl.so(StreamGrab.cpp-L0869)  ProcessName:python3.12(63834)     Description:[StartGrabbing]StreamChannel[0], Start grabbing success, There is no registration callback.
Info    2026-06-06 18:33:26:231  DevID:MV-CS050-60GC(DA6358574)  Source-Line:libMvCameraControl.so(StreamGrab.cpp-L0934)  ProcessName:python3.12(63834)     Description:[StopGrabbing]Stop grabbing success! DeviceUptime[10273]
Info    2026-06-06 18:33:26:231  DevID:MV-CS050-60GC(DA6358574)  Source-Line:libMvCameraControl.so(GigEDevice.cpp-L0648)  ProcessName:python3.12(63834)     Description:[CloseGigEDevice] Close device begin!
Error   2026-06-06 18:33:26:231  DevID:MV-CS050-60GC(DA6358574)  Source-Line:libMvCameraControl.so(StreamGrab.cpp-L0882)  ProcessName:python3.12(63834)     Description:[StopGrabbing]StreamChannel[0], bGrabbing[0], pDevStream[0xaaab0f0201d0]
Info    2026-06-06 18:33:26:231  DevID:MV-CS050-60GC(DA6358574)  Source-Line:libMvCameraControl.so(StreamGrab.cpp-L0270)  ProcessName:python3.12(63834)     Description:[Close]Stream channel[0] closed
Info    2026-06-06 18:33:26:232  DevID:MV-CS050-60GC(DA6358574)  Source-Line:libMvCameraControl.so(GigEDevice.cpp-L0665)  ProcessName:python3.12(63834)     Description:[CloseGigEDevice]DeviceUptime[10273]
Info    2026-06-06 18:33:26:339  DevID:MV-CS050-60GC(DA6358574)  Source-Line:libMvCameraControl.so(GigEDevice.cpp-L0687)  ProcessName:python3.12(63834)     Description:[CloseGigEDevice]Close device success!
Info    2026-06-06 18:33:26:340  DevID:MV-CS050-60GC(DA6358574)  Source-Line:libMvCameraControl.so(GigEDeviceEvent.cpp-L0046)  ProcessName:python3.12(63834)     Description:[Deinit]GigEDeviceEvent Deinit  RecvAllEvent  [0],
Info    2026-06-06 18:33:26:350  DevID:  Source-Line:libMvCameraControl.so(GigELoadLibrary.cpp-L1732)  ProcessName:python3.12(63834)     Description:[UnloadGigEAllFunctions]UnLoad MVGigEVisionSDK success
Info    2026-06-06 18:33:26:351  DevID:  Source-Line:libMvCameraControl.so(U3VLoadLibrary.cpp-L0931)  ProcessName:python3.12(63834)     Description:[UnloadU3VAllFunctions]UnLoad MvUsb3vTLDLL success
Error   2026-06-06 18:33:28:545  DevID:  Source-Line:libMvCameraControl.so(GenTLLoadLibraryEx.cpp-L0222)  ProcessName:python3.12(63947)     Description:[LoadCtiLibInter]Load CTI failed! CTI path[/opt/MVS/lib/aarch64/libMvProducerVIR.so], nRet[0x8000000c]
Error   2026-06-06 18:33:28:546  DevID:  Source-Line:libMvCameraControl.so(GenTLLoadLibraryEx.cpp-L0222)  ProcessName:python3.12(63947)     Description:[LoadCtiLibInter]Load CTI failed! CTI path[/opt/MVS/lib/aarch64/MvFGProducerGEV.cti], nRet[0x8000000c]
Error   2026-06-06 18:33:28:546  DevID:  Source-Line:libMvCameraControl.so(FGDeviceEnumerator.cpp-L0103)  ProcessName:python3.12(63947)     Description:[EnumInterfaceInter]EnumInterfaces failed! Ret[0x8000000c], TLayerType[0x1], CTI[/opt/MVS/lib/aarch64/MvFGProducerGEV.cti]
Error   2026-06-06 18:33:28:547  DevID:  Source-Line:libMvCameraControl.so(GenTLLoadLibraryEx.cpp-L0222)  ProcessName:python3.12(63947)     Description:[LoadCtiLibInter]Load CTI failed! CTI path[/opt/MVS/lib/aarch64/MvFGProducerCXP.cti], nRet[0x8000000c]
Error   2026-06-06 18:33:28:547  DevID:  Source-Line:libMvCameraControl.so(FGDeviceEnumerator.cpp-L0103)  ProcessName:python3.12(63947)     Description:[EnumInterfaceInter]EnumInterfaces failed! Ret[0x8000000c], TLayerType[0x8], CTI[/opt/MVS/lib/aarch64/MvFGProducerCXP.cti]
Info    2026-06-06 18:33:28:547  DevID:  Source-Line:libMvCameraControl.so(GigELoadLibrary.cpp-L1607)  ProcessName:python3.12(63947)     Description:[LoadGigEAllFunctions]Load MVGigEVisionSDK success
Error   2026-06-06 18:33:28:547  DevID:  Source-Line:libMvCameraControl.so(GenTLLoadLibraryEx.cpp-L0222)  ProcessName:python3.12(63947)     Description:[LoadCtiLibInter]Load CTI failed! CTI path[/opt/MVS/lib/aarch64/MvFGProducerCML.cti], nRet[0x8000000c]
Error   2026-06-06 18:33:28:547  DevID:  Source-Line:libMvCameraControl.so(FGDeviceEnumerator.cpp-L0103)  ProcessName:python3.12(63947)     Description:[EnumInterfaceInter]EnumInterfaces failed! Ret[0x8000000c], TLayerType[0x4], CTI[/opt/MVS/lib/aarch64/MvFGProducerCML.cti]
Error   2026-06-06 18:33:28:547  DevID:  Source-Line:libMvCameraControl.so(GenTLLoadLibraryEx.cpp-L0222)  ProcessName:python3.12(63947)     Description:[LoadCtiLibInter]Load CTI failed! CTI path[/opt/MVS/lib/aarch64/libMvProducerVIR.so], nRet[0x8000000c]
Error   2026-06-06 18:33:28:547  DevID:  Source-Line:libMvCameraControl.so(GenTLLoadLibraryEx.cpp-L0222)  ProcessName:python3.12(63947)     Description:[LoadCtiLibInter]Load CTI failed! CTI path[/opt/MVS/lib/aarch64/MvFGProducerXoF.cti], nRet[0x8000000c]
Error   2026-06-06 18:33:28:547  DevID:  Source-Line:libMvCameraControl.so(FGDeviceEnumerator.cpp-L0103)  ProcessName:python3.12(63947)     Description:[EnumInterfaceInter]EnumInterfaces failed! Ret[0x8000000c], TLayerType[0x10], CTI[/opt/MVS/lib/aarch64/MvFGProducerXoF.cti]
Error   2026-06-06 18:33:36:466  DevID:  Source-Line:libMvCameraControl.so(GenTLLoadLibraryEx.cpp-L0222)  ProcessName:python3.12(64037)     Description:[LoadCtiLibInter]Load CTI failed! CTI path[/opt/MVS/lib/aarch64/libMvProducerVIR.so], nRet[0x8000000c]
Error   2026-06-06 18:33:36:467  DevID:  Source-Line:libMvCameraControl.so(GenTLLoadLibraryEx.cpp-L0222)  ProcessName:python3.12(64037)     Description:[LoadCtiLibInter]Load CTI failed! CTI path[/opt/MVS/lib/aarch64/MvFGProducerCXP.cti], nRet[0x8000000c]
Error   2026-06-06 18:33:36:467  DevID:  Source-Line:libMvCameraControl.so(FGDeviceEnumerator.cpp-L0103)  ProcessName:python3.12(64037)     Description:[EnumInterfaceInter]EnumInterfaces failed! Ret[0x8000000c], TLayerType[0x8], CTI[/opt/MVS/lib/aarch64/MvFGProducerCXP.cti]
Error   2026-06-06 18:33:36:467  DevID:  Source-Line:libMvCameraControl.so(GenTLLoadLibraryEx.cpp-L0222)  ProcessName:python3.12(64037)     Description:[LoadCtiLibInter]Load CTI failed! CTI path[/opt/MVS/lib/aarch64/MvFGProducerGEV.cti], nRet[0x8000000c]
Error   2026-06-06 18:33:36:467  DevID:  Source-Line:libMvCameraControl.so(FGDeviceEnumerator.cpp-L0103)  ProcessName:python3.12(64037)     Description:[EnumInterfaceInter]EnumInterfaces failed! Ret[0x8000000c], TLayerType[0x1], CTI[/opt/MVS/lib/aarch64/MvFGProducerGEV.cti]
Info    2026-06-06 18:33:36:467  DevID:  Source-Line:libMvCameraControl.so(GigELoadLibrary.cpp-L1607)  ProcessName:python3.12(64037)     Description:[LoadGigEAllFunctions]Load MVGigEVisionSDK success
Error   2026-06-06 18:33:36:467  DevID:  Source-Line:libMvCameraControl.so(GenTLLoadLibraryEx.cpp-L0222)  ProcessName:python3.12(64037)     Description:[LoadCtiLibInter]Load CTI failed! CTI path[/opt/MVS/lib/aarch64/libMvProducerVIR.so], nRet[0x8000000c]
Error   2026-06-06 18:33:36:467  DevID:  Source-Line:libMvCameraControl.so(GenTLLoadLibraryEx.cpp-L0222)  ProcessName:python3.12(64037)     Description:[LoadCtiLibInter]Load CTI failed! CTI path[/opt/MVS/lib/aarch64/MvFGProducerCML.cti], nRet[0x8000000c]
Error   2026-06-06 18:33:36:467  DevID:  Source-Line:libMvCameraControl.so(FGDeviceEnumerator.cpp-L0103)  ProcessName:python3.12(64037)     Description:[EnumInterfaceInter]EnumInterfaces failed! Ret[0x8000000c], TLayerType[0x4], CTI[/opt/MVS/lib/aarch64/MvFGProducerCML.cti]
Error   2026-06-06 18:33:36:467  DevID:  Source-Line:libMvCameraControl.so(GenTLLoadLibraryEx.cpp-L0222)  ProcessName:python3.12(64037)     Description:[LoadCtiLibInter]Load CTI failed! CTI path[/opt/MVS/lib/aarch64/MvFGProducerXoF.cti], nRet[0x8000000c]
Error   2026-06-06 18:33:36:467  DevID:  Source-Line:libMvCameraControl.so(FGDeviceEnumerator.cpp-L0103)  ProcessName:python3.12(64037)     Description:[EnumInterfaceInter]EnumInterfaces failed! Ret[0x8000000c], TLayerType[0x10], CTI[/opt/MVS/lib/aarch64/MvFGProducerXoF.cti]
Info    2026-06-06 18:33:37:683  DevID:MV-CS050-60GC(DA6358574)  Source-Line:libMvCameraControl.so(GigEDevice.cpp-L0263)  ProcessName:python3.12(64037)     Description:[Init]GEV INFO DeviceIP[192.168.195.100], NetIP[192.168.195.254], ManufacturerInfo[Hikrobot], DeviceVersion[V4.0.30 241011 1385495], UserID[]
Info    2026-06-06 18:33:37:683  DevID:MV-CS050-60GC(DA6358574)  Source-Line:libMvCameraControl.so(MediaProcess.cpp-L0884)  ProcessName:python3.12(64037)     Description:[SetBayerCvtQuality]Set Bayer CvtQuality success! BayerCvtQuality[1]
Info    2026-06-06 18:33:37:683  DevID:MV-CS050-60GC(DA6358574)  Source-Line:libMvCameraControl.so(MediaProcess.cpp-L1732)  ProcessName:python3.12(64037)     Description:[SetBayerThreadNum]Set Bayer Thread Num success! BayerThreadNum[4]
Info    2026-06-06 18:33:37:683  DevID:MV-CS050-60GC(DA6358574)  Source-Line:libMvCameraControl.so(MediaProcess.cpp-L0884)  ProcessName:python3.12(64037)     Description:[SetBayerCvtQuality]Set Bayer CvtQuality success! BayerCvtQuality[1]
Info    2026-06-06 18:33:37:683  DevID:MV-CS050-60GC(DA6358574)  Source-Line:libMvCameraControl.so(MediaProcess.cpp-L1732)  ProcessName:python3.12(64037)     Description:[SetBayerThreadNum]Set Bayer Thread Num success! BayerThreadNum[4]
Info    2026-06-06 18:33:37:683  DevID:MV-CS050-60GC(DA6358574)  Source-Line:libMvCameraControl.so(GigEDevice.cpp-L0299)  ProcessName:python3.12(64037)     Description:[IsValidVersion]MvCameraControl Version[0x4070003], GigE SDKVersion[0x4070003], DriverVersion[0x4070001]
Info    2026-06-06 18:33:37:715  DevID:  Source-Line:libMvCameraControl.so(CacheXmlToFile.cpp-L0516)  ProcessName:python3.12(64037)     Description:[ReadCacheFile]ReadLocalFile XMLPath[SchemaVersion.1.0@Hikrobot#GEV#MV-CS050-60GC#V4.0.30 241011 1385495@XMLVersion.1.0.0.zip]
Info    2026-06-06 18:33:37:715  DevID:MV-CS050-60GC(DA6358574)  Source-Line:libMvCameraControl.so(GigEDevice.cpp-L0464)  ProcessName:python3.12(64037)     Description:[GetXmlInfo]Get GenICamXML From local File, len [0x19132] Type[1]
Info    2026-06-06 18:33:37:881  DevID:MV-CS050-60GC(DA6358574)  Source-Line:libMvCameraControl.so(GigEDevice.cpp-L0805)  ProcessName:python3.12(64037)     Description:[OpenDevice]Load XML success
Info    2026-06-06 18:33:37:883  DevID:MV-CS050-60GC(DA6358574)  Source-Line:libMvCameraControl.so(GenICamImpl.cpp-L0752)  ProcessName:python3.12(64037)     Description:[InvalidateNodes]Invalidate Nodes success
Info    2026-06-06 18:33:37:883  DevID:MV-CS050-60GC(DA6358574)  Source-Line:libMvCameraControl.so(GigEDevice.cpp-L0818)  ProcessName:python3.12(64037)     Description:[OpenDevice]Invalidate Nodes success
Info    2026-06-06 18:33:37:886  DevID:MV-CS050-60GC(DA6358574)  Source-Line:libMvCameraControl.so(StreamGrab.cpp-L0234)  ProcessName:python3.12(64037)     Description:[Open]Stream channel[0] opened
Info    2026-06-06 18:33:37:888  DevID:MV-CS050-60GC(DA6358574)  Source-Line:libMvCameraControl.so(GigEDevice.cpp-L0849)  ProcessName:python3.12(64037)     Description:[OpenDevice]Open device success! PrivilegeMode[1], SwitchoverKey[0], DeviceUptime[10285],DeviceFirmwareVersion[V4.0.30 2410111385495 24091104]
Info    2026-06-06 18:33:37:888  DevID:MV-CS050-60GC(DA6358574)  Source-Line:libMvCameraControl.so(GigEDevice.cpp-L0865)  ProcessName:python3.12(64037)     Description:[OpenDevice]OpenDevice, cost time 205.000000ms 
Info    2026-06-06 18:33:37:888  DevID:  Source-Line:libMvCameraControl.so(GenICamImpl.cpp-L2342)  ProcessName:python3.12(64037)     Description:[RecordThread]RecordThread Start, ThreadId[966881744]
Info    2026-06-06 18:33:37:895  DevID:MV-CS050-60GC(DA6358574)  Source-Line:libMvCameraControl.so(GenICamImpl.cpp-L2373)  ProcessName:python3.12(64037)     Description:[RecordThreadProc][Record] Get BlackLevel value [64]
Info    2026-06-06 18:33:37:897  DevID:MV-CS050-60GC(DA6358574)  Source-Line:libMvCameraControl.so(GenICamImpl.cpp-L2395)  ProcessName:python3.12(64037)     Description:[RecordThreadProc][Record] Get BalanceWhiteAuto Value [1] (0:off 1:contineu; 2:once):
Info    2026-06-06 18:33:37:902  DevID:MV-CS050-60GC(DA6358574)  Source-Line:libMvCameraControl.so(GenICamImpl.cpp-L2461)  ProcessName:python3.12(64037)     Description:[RecordThreadProc][Record] Get ExposureAuto value [0]
Info    2026-06-06 18:33:37:908  DevID:MV-CS050-60GC(DA6358574)  Source-Line:libMvCameraControl.so(GenICamImpl.cpp-L2483)  ProcessName:python3.12(64037)     Description:[RecordThreadProc][Record] Get ExposureTime value [50000.000000] 
Info    2026-06-06 18:33:37:910  DevID:MV-CS050-60GC(DA6358574)  Source-Line:libMvCameraControl.so(GenICamImpl.cpp-L2504)  ProcessName:python3.12(64037)     Description:[RecordThreadProc][Record] Get GainAuto value [0] (0:off 1:contineu; 2:once):
Info    2026-06-06 18:33:39:347  DevID:MV-CS050-60GC(DA6358574)  Source-Line:libMvCameraControl.so(GenICamImpl.cpp-L2525)  ProcessName:python3.12(64037)     Description:[RecordThreadProc][Record] Get Gain value [11.990600] 
Info    2026-06-06 18:33:39:356  DevID:MV-CS050-60GC(DA6358574)  Source-Line:libMvCameraControl.so(GenICamImpl.cpp-L2546)  ProcessName:python3.12(64037)     Description:[RecordThreadProc][Record] Get PixelFormat value [17301512] :
Info    2026-06-06 18:33:39:368  DevID:MV-CS050-60GC(DA6358574)  Source-Line:libMvCameraControl.so(GenICamImpl.cpp-L2609)  ProcessName:python3.12(64037)     Description:[RecordThreadProc][Record] Get UserSetCurrent value [0]
Error   2026-06-06 18:33:39:401  DevID:MV-CS050-60GC(DA6358574)  Source-Line:libMvCameraControl.so(GenICamImpl.cpp-L1111)  ProcessName:python3.12(64037)     Description:[XML_GetNodeAccessMode]PropertyName[SeqExpEnable], Ret[0x80000100]
Error   2026-06-06 18:33:39:401  DevID:MV-CS050-60GC(DA6358574)  Source-Line:libMvCameraControl.so(XmlParse.cpp-L3037)  ProcessName:python3.12(64037)     Description:[GetBooleanValue]Get Node Value, Node does not exist, NodeName[SeqExpEnable]
Error   2026-06-06 18:33:39:401  DevID:MV-CS050-60GC(DA6358574)  Source-Line:libMvCameraControl.so(GenICamImpl.cpp-L0551)  ProcessName:python3.12(64037)     Description:[GetBoolValue]Property[SeqExpEnable], Ret[0x80000100]
Error   2026-06-06 18:33:39:401  DevID:MV-CS050-60GC(DA6358574)  Source-Line:libMvCameraControl.so(GenICamImpl.cpp-L1111)  ProcessName:python3.12(64037)     Description:[XML_GetNodeAccessMode]PropertyName[MultiLightControl], Ret[0x80000100]
Error   2026-06-06 18:33:39:401  DevID:MV-CS050-60GC(DA6358574)  Source-Line:libMvCameraControl.so(XmlParse.cpp-L2386)  ProcessName:python3.12(64037)     Description:[GetEnumValue]Get Node Value, Node does not exist, NodeName[MultiLightControl]
Error   2026-06-06 18:33:39:401  DevID:MV-CS050-60GC(DA6358574)  Source-Line:libMvCameraControl.so(GenICamImpl.cpp-L0364)  ProcessName:python3.12(64037)     Description:[GetEnumValue]Property[MultiLightControl], Ret[0x80000100]
Info    2026-06-06 18:33:39:401  DevID:MV-CS050-60GC(DA6358574)  Source-Line:libMvCameraControl.so(GigEStream.cpp-L0067)  ProcessName:python3.12(64037)     Description:[StartAcquisition][GEV]Width[2448], Height[2048], PixelFormat[0x1080008], PayloadSize[5013504], ChunkCount[100], CompressMode[0], DeviceUptime[10286]
Info    2026-06-06 18:33:39:410  DevID:MV-CS050-60GC(DA6358574)  Source-Line:libMvCameraControl.so(GenICamImpl.cpp-L2630)  ProcessName:python3.12(64037)     Description:[RecordThreadProc][Record] Get UserSetSelector value [0] 
Info    2026-06-06 18:33:39:412  DevID:MV-CS050-60GC(DA6358574)  Source-Line:libMvCameraControl.so(StreamGrab.cpp-L0869)  ProcessName:python3.12(64037)     Description:[StartGrabbing]StreamChannel[0], Start grabbing success, There is no registration callback.
Info    2026-06-06 18:33:39:413  DevID:MV-CS050-60GC(DA6358574)  Source-Line:libMvCameraControl.so(GenICamImpl.cpp-L2651)  ProcessName:python3.12(64037)     Description:[RecordThreadProc][Record] Get UserSetDefault value[0]
Info    2026-06-06 18:33:39:413  DevID:  Source-Line:libMvCameraControl.so(GenICamImpl.cpp-L2347)  ProcessName:python3.12(64037)     Description:[RecordThread]RecordThread End, ThreadId[966881744]
Info    2026-06-06 18:34:27:707  DevID:MV-CS050-60GC(DA6358574)  Source-Line:libMvCameraControl.so(StreamGrab.cpp-L0934)  ProcessName:python3.12(64037)     Description:[StopGrabbing]Stop grabbing success! DeviceUptime[10334]
Info    2026-06-06 18:34:27:707  DevID:MV-CS050-60GC(DA6358574)  Source-Line:libMvCameraControl.so(GigEDevice.cpp-L0648)  ProcessName:python3.12(64037)     Description:[CloseGigEDevice] Close device begin!
Error   2026-06-06 18:34:27:707  DevID:MV-CS050-60GC(DA6358574)  Source-Line:libMvCameraControl.so(StreamGrab.cpp-L0882)  ProcessName:python3.12(64037)     Description:[StopGrabbing]StreamChannel[0], bGrabbing[0], pDevStream[0xaaaaedb8a400]
Info    2026-06-06 18:34:27:707  DevID:MV-CS050-60GC(DA6358574)  Source-Line:libMvCameraControl.so(StreamGrab.cpp-L0270)  ProcessName:python3.12(64037)     Description:[Close]Stream channel[0] closed
Info    2026-06-06 18:34:27:708  DevID:MV-CS050-60GC(DA6358574)  Source-Line:libMvCameraControl.so(GigEDevice.cpp-L0665)  ProcessName:python3.12(64037)     Description:[CloseGigEDevice]DeviceUptime[10334]
Info    2026-06-06 18:34:27:817  DevID:MV-CS050-60GC(DA6358574)  Source-Line:libMvCameraControl.so(GigEDevice.cpp-L0687)  ProcessName:python3.12(64037)     Description:[CloseGigEDevice]Close device success!
Info    2026-06-06 18:34:27:817  DevID:MV-CS050-60GC(DA6358574)  Source-Line:libMvCameraControl.so(GigEDeviceEvent.cpp-L0046)  ProcessName:python3.12(64037)     Description:[Deinit]GigEDeviceEvent Deinit  RecvAllEvent  [0],
Info    2026-06-06 18:34:27:828  DevID:  Source-Line:libMvCameraControl.so(GigELoadLibrary.cpp-L1732)  ProcessName:python3.12(64037)     Description:[UnloadGigEAllFunctions]UnLoad MVGigEVisionSDK success
Info    2026-06-06 18:34:27:828  DevID:  Source-Line:libMvCameraControl.so(U3VLoadLibrary.cpp-L0931)  ProcessName:python3.12(64037)     Description:[UnloadU3VAllFunctions]UnLoad MvUsb3vTLDLL success
Error   2026-06-06 18:34:34:365  DevID:  Source-Line:libMvCameraControl.so(GenTLLoadLibraryEx.cpp-L0222)  ProcessName:python3.12(64356)     Description:[LoadCtiLibInter]Load CTI failed! CTI path[/opt/MVS/lib/aarch64/libMvProducerVIR.so], nRet[0x8000000c]
Error   2026-06-06 18:34:34:366  DevID:  Source-Line:libMvCameraControl.so(GenTLLoadLibraryEx.cpp-L0222)  ProcessName:python3.12(64356)     Description:[LoadCtiLibInter]Load CTI failed! CTI path[/opt/MVS/lib/aarch64/MvFGProducerXoF.cti], nRet[0x8000000c]
Error   2026-06-06 18:34:34:366  DevID:  Source-Line:libMvCameraControl.so(FGDeviceEnumerator.cpp-L0103)  ProcessName:python3.12(64356)     Description:[EnumInterfaceInter]EnumInterfaces failed! Ret[0x8000000c], TLayerType[0x10], CTI[/opt/MVS/lib/aarch64/MvFGProducerXoF.cti]
Error   2026-06-06 18:34:34:366  DevID:  Source-Line:libMvCameraControl.so(GenTLLoadLibraryEx.cpp-L0222)  ProcessName:python3.12(64356)     Description:[LoadCtiLibInter]Load CTI failed! CTI path[/opt/MVS/lib/aarch64/MvFGProducerGEV.cti], nRet[0x8000000c]
Error   2026-06-06 18:34:34:366  DevID:  Source-Line:libMvCameraControl.so(FGDeviceEnumerator.cpp-L0103)  ProcessName:python3.12(64356)     Description:[EnumInterfaceInter]EnumInterfaces failed! Ret[0x8000000c], TLayerType[0x1], CTI[/opt/MVS/lib/aarch64/MvFGProducerGEV.cti]
Info    2026-06-06 18:34:34:366  DevID:  Source-Line:libMvCameraControl.so(GigELoadLibrary.cpp-L1607)  ProcessName:python3.12(64356)     Description:[LoadGigEAllFunctions]Load MVGigEVisionSDK success
Error   2026-06-06 18:34:34:366  DevID:  Source-Line:libMvCameraControl.so(GenTLLoadLibraryEx.cpp-L0222)  ProcessName:python3.12(64356)     Description:[LoadCtiLibInter]Load CTI failed! CTI path[/opt/MVS/lib/aarch64/MvFGProducerCXP.cti], nRet[0x8000000c]
Error   2026-06-06 18:34:34:366  DevID:  Source-Line:libMvCameraControl.so(FGDeviceEnumerator.cpp-L0103)  ProcessName:python3.12(64356)     Description:[EnumInterfaceInter]EnumInterfaces failed! Ret[0x8000000c], TLayerType[0x8], CTI[/opt/MVS/lib/aarch64/MvFGProducerCXP.cti]
Error   2026-06-06 18:34:34:366  DevID:  Source-Line:libMvCameraControl.so(GenTLLoadLibraryEx.cpp-L0222)  ProcessName:python3.12(64356)     Description:[LoadCtiLibInter]Load CTI failed! CTI path[/opt/MVS/lib/aarch64/MvFGProducerCML.cti], nRet[0x8000000c]
Error   2026-06-06 18:34:34:366  DevID:  Source-Line:libMvCameraControl.so(FGDeviceEnumerator.cpp-L0103)  ProcessName:python3.12(64356)     Description:[EnumInterfaceInter]EnumInterfaces failed! Ret[0x8000000c], TLayerType[0x4], CTI[/opt/MVS/lib/aarch64/MvFGProducerCML.cti]
Error   2026-06-06 18:34:34:366  DevID:  Source-Line:libMvCameraControl.so(GenTLLoadLibraryEx.cpp-L0222)  ProcessName:python3.12(64356)     Description:[LoadCtiLibInter]Load CTI failed! CTI path[/opt/MVS/lib/aarch64/libMvProducerVIR.so], nRet[0x8000000c]
Info    2026-06-06 18:34:37:293  DevID:MV-CS050-60GC(DA6358574)  Source-Line:libMvCameraControl.so(GigEDevice.cpp-L0263)  ProcessName:python3.12(64356)     Description:[Init]GEV INFO DeviceIP[192.168.195.100], NetIP[192.168.195.254], ManufacturerInfo[Hikrobot], DeviceVersion[V4.0.30 241011 1385495], UserID[]
Info    2026-06-06 18:34:37:293  DevID:MV-CS050-60GC(DA6358574)  Source-Line:libMvCameraControl.so(MediaProcess.cpp-L0884)  ProcessName:python3.12(64356)     Description:[SetBayerCvtQuality]Set Bayer CvtQuality success! BayerCvtQuality[1]
Info    2026-06-06 18:34:37:293  DevID:MV-CS050-60GC(DA6358574)  Source-Line:libMvCameraControl.so(MediaProcess.cpp-L1732)  ProcessName:python3.12(64356)     Description:[SetBayerThreadNum]Set Bayer Thread Num success! BayerThreadNum[4]
Info    2026-06-06 18:34:37:293  DevID:MV-CS050-60GC(DA6358574)  Source-Line:libMvCameraControl.so(MediaProcess.cpp-L0884)  ProcessName:python3.12(64356)     Description:[SetBayerCvtQuality]Set Bayer CvtQuality success! BayerCvtQuality[1]
Info    2026-06-06 18:34:37:293  DevID:MV-CS050-60GC(DA6358574)  Source-Line:libMvCameraControl.so(MediaProcess.cpp-L1732)  ProcessName:python3.12(64356)     Description:[SetBayerThreadNum]Set Bayer Thread Num success! BayerThreadNum[4]
Info    2026-06-06 18:34:37:293  DevID:MV-CS050-60GC(DA6358574)  Source-Line:libMvCameraControl.so(GigEDevice.cpp-L0299)  ProcessName:python3.12(64356)     Description:[IsValidVersion]MvCameraControl Version[0x4070003], GigE SDKVersion[0x4070003], DriverVersion[0x4070001]
Info    2026-06-06 18:34:37:324  DevID:  Source-Line:libMvCameraControl.so(CacheXmlToFile.cpp-L0516)  ProcessName:python3.12(64356)     Description:[ReadCacheFile]ReadLocalFile XMLPath[SchemaVersion.1.0@Hikrobot#GEV#MV-CS050-60GC#V4.0.30 241011 1385495@XMLVersion.1.0.0.zip]
Info    2026-06-06 18:34:37:324  DevID:MV-CS050-60GC(DA6358574)  Source-Line:libMvCameraControl.so(GigEDevice.cpp-L0464)  ProcessName:python3.12(64356)     Description:[GetXmlInfo]Get GenICamXML From local File, len [0x19132] Type[1]
Info    2026-06-06 18:34:37:492  DevID:MV-CS050-60GC(DA6358574)  Source-Line:libMvCameraControl.so(GigEDevice.cpp-L0805)  ProcessName:python3.12(64356)     Description:[OpenDevice]Load XML success
Info    2026-06-06 18:34:37:494  DevID:MV-CS050-60GC(DA6358574)  Source-Line:libMvCameraControl.so(GenICamImpl.cpp-L0752)  ProcessName:python3.12(64356)     Description:[InvalidateNodes]Invalidate Nodes success
Info    2026-06-06 18:34:37:494  DevID:MV-CS050-60GC(DA6358574)  Source-Line:libMvCameraControl.so(GigEDevice.cpp-L0818)  ProcessName:python3.12(64356)     Description:[OpenDevice]Invalidate Nodes success
Info    2026-06-06 18:34:37:497  DevID:MV-CS050-60GC(DA6358574)  Source-Line:libMvCameraControl.so(StreamGrab.cpp-L0234)  ProcessName:python3.12(64356)     Description:[Open]Stream channel[0] opened
Info    2026-06-06 18:34:37:499  DevID:MV-CS050-60GC(DA6358574)  Source-Line:libMvCameraControl.so(GigEDevice.cpp-L0849)  ProcessName:python3.12(64356)     Description:[OpenDevice]Open device success! PrivilegeMode[1], SwitchoverKey[0], DeviceUptime[10344],DeviceFirmwareVersion[V4.0.30 2410111385495 24091104]
Info    2026-06-06 18:34:37:499  DevID:MV-CS050-60GC(DA6358574)  Source-Line:libMvCameraControl.so(GigEDevice.cpp-L0865)  ProcessName:python3.12(64356)     Description:[OpenDevice]OpenDevice, cost time 206.000000ms 
Info    2026-06-06 18:34:37:499  DevID:  Source-Line:libMvCameraControl.so(GenICamImpl.cpp-L2342)  ProcessName:python3.12(64356)     Description:[RecordThread]RecordThread Start, ThreadId[1186808272]
Info    2026-06-06 18:34:37:507  DevID:MV-CS050-60GC(DA6358574)  Source-Line:libMvCameraControl.so(GenICamImpl.cpp-L2373)  ProcessName:python3.12(64356)     Description:[RecordThreadProc][Record] Get BlackLevel value [64]
Info    2026-06-06 18:34:37:511  DevID:MV-CS050-60GC(DA6358574)  Source-Line:libMvCameraControl.so(GenICamImpl.cpp-L2395)  ProcessName:python3.12(64356)     Description:[RecordThreadProc][Record] Get BalanceWhiteAuto Value [1] (0:off 1:contineu; 2:once):
Info    2026-06-06 18:34:38:951  DevID:MV-CS050-60GC(DA6358574)  Source-Line:libMvCameraControl.so(GenICamImpl.cpp-L2461)  ProcessName:python3.12(64356)     Description:[RecordThreadProc][Record] Get ExposureAuto value [0]
Info    2026-06-06 18:34:38:959  DevID:MV-CS050-60GC(DA6358574)  Source-Line:libMvCameraControl.so(GenICamImpl.cpp-L2483)  ProcessName:python3.12(64356)     Description:[RecordThreadProc][Record] Get ExposureTime value [50000.000000] 
Info    2026-06-06 18:34:38:968  DevID:MV-CS050-60GC(DA6358574)  Source-Line:libMvCameraControl.so(GenICamImpl.cpp-L2504)  ProcessName:python3.12(64356)     Description:[RecordThreadProc][Record] Get GainAuto value [0] (0:off 1:contineu; 2:once):
Error   2026-06-06 18:34:38:003  DevID:MV-CS050-60GC(DA6358574)  Source-Line:libMvCameraControl.so(GenICamImpl.cpp-L1111)  ProcessName:python3.12(64356)     Description:[XML_GetNodeAccessMode]PropertyName[SeqExpEnable], Ret[0x80000100]
Error   2026-06-06 18:34:38:003  DevID:MV-CS050-60GC(DA6358574)  Source-Line:libMvCameraControl.so(XmlParse.cpp-L3037)  ProcessName:python3.12(64356)     Description:[GetBooleanValue]Get Node Value, Node does not exist, NodeName[SeqExpEnable]
Error   2026-06-06 18:34:38:003  DevID:MV-CS050-60GC(DA6358574)  Source-Line:libMvCameraControl.so(GenICamImpl.cpp-L0551)  ProcessName:python3.12(64356)     Description:[GetBoolValue]Property[SeqExpEnable], Ret[0x80000100]
Error   2026-06-06 18:34:38:003  DevID:MV-CS050-60GC(DA6358574)  Source-Line:libMvCameraControl.so(GenICamImpl.cpp-L1111)  ProcessName:python3.12(64356)     Description:[XML_GetNodeAccessMode]PropertyName[MultiLightControl], Ret[0x80000100]
Error   2026-06-06 18:34:38:003  DevID:MV-CS050-60GC(DA6358574)  Source-Line:libMvCameraControl.so(XmlParse.cpp-L2386)  ProcessName:python3.12(64356)     Description:[GetEnumValue]Get Node Value, Node does not exist, NodeName[MultiLightControl]
Error   2026-06-06 18:34:38:003  DevID:MV-CS050-60GC(DA6358574)  Source-Line:libMvCameraControl.so(GenICamImpl.cpp-L0364)  ProcessName:python3.12(64356)     Description:[GetEnumValue]Property[MultiLightControl], Ret[0x80000100]
Info    2026-06-06 18:34:38:003  DevID:MV-CS050-60GC(DA6358574)  Source-Line:libMvCameraControl.so(GigEStream.cpp-L0067)  ProcessName:python3.12(64356)     Description:[StartAcquisition][GEV]Width[2448], Height[2048], PixelFormat[0x1080008], PayloadSize[5013504], ChunkCount[100], CompressMode[0], DeviceUptime[10346]
Info    2026-06-06 18:34:39:016  DevID:MV-CS050-60GC(DA6358574)  Source-Line:libMvCameraControl.so(GenICamImpl.cpp-L2525)  ProcessName:python3.12(64356)     Description:[RecordThreadProc][Record] Get Gain value [11.990600] 
Info    2026-06-06 18:34:39:019  DevID:MV-CS050-60GC(DA6358574)  Source-Line:libMvCameraControl.so(StreamGrab.cpp-L0869)  ProcessName:python3.12(64356)     Description:[StartGrabbing]StreamChannel[0], Start grabbing success, There is no registration callback.
Info    2026-06-06 18:34:39:020  DevID:MV-CS050-60GC(DA6358574)  Source-Line:libMvCameraControl.so(GenICamImpl.cpp-L2546)  ProcessName:python3.12(64356)     Description:[RecordThreadProc][Record] Get PixelFormat value [17301512] :
Info    2026-06-06 18:34:39:025  DevID:MV-CS050-60GC(DA6358574)  Source-Line:libMvCameraControl.so(GenICamImpl.cpp-L2609)  ProcessName:python3.12(64356)     Description:[RecordThreadProc][Record] Get UserSetCurrent value [0]
Info    2026-06-06 18:34:39:027  DevID:MV-CS050-60GC(DA6358574)  Source-Line:libMvCameraControl.so(GenICamImpl.cpp-L2630)  ProcessName:python3.12(64356)     Description:[RecordThreadProc][Record] Get UserSetSelector value [0] 
Info    2026-06-06 18:34:39:028  DevID:MV-CS050-60GC(DA6358574)  Source-Line:libMvCameraControl.so(GenICamImpl.cpp-L2651)  ProcessName:python3.12(64356)     Description:[RecordThreadProc][Record] Get UserSetDefault value[0]
Info    2026-06-06 18:34:39:028  DevID:  Source-Line:libMvCameraControl.so(GenICamImpl.cpp-L2347)  ProcessName:python3.12(64356)     Description:[RecordThread]RecordThread End, ThreadId[1186808272]
Info    2026-06-06 18:35:34:160  DevID:MV-CS050-60GC(DA6358574)  Source-Line:libMvCameraControl.so(StreamGrab.cpp-L0934)  ProcessName:python3.12(64356)     Description:[StopGrabbing]Stop grabbing success! DeviceUptime[10401]
Info    2026-06-06 18:35:34:160  DevID:MV-CS050-60GC(DA6358574)  Source-Line:libMvCameraControl.so(GigEDevice.cpp-L0648)  ProcessName:python3.12(64356)     Description:[CloseGigEDevice] Close device begin!
Error   2026-06-06 18:35:34:160  DevID:MV-CS050-60GC(DA6358574)  Source-Line:libMvCameraControl.so(StreamGrab.cpp-L0882)  ProcessName:python3.12(64356)     Description:[StopGrabbing]StreamChannel[0], bGrabbing[0], pDevStream[0xaaaaf48356a0]
Info    2026-06-06 18:35:34:160  DevID:MV-CS050-60GC(DA6358574)  Source-Line:libMvCameraControl.so(StreamGrab.cpp-L0270)  ProcessName:python3.12(64356)     Description:[Close]Stream channel[0] closed
Info    2026-06-06 18:35:34:161  DevID:MV-CS050-60GC(DA6358574)  Source-Line:libMvCameraControl.so(GigEDevice.cpp-L0665)  ProcessName:python3.12(64356)     Description:[CloseGigEDevice]DeviceUptime[10401]
Info    2026-06-06 18:35:34:267  DevID:MV-CS050-60GC(DA6358574)  Source-Line:libMvCameraControl.so(GigEDevice.cpp-L0687)  ProcessName:python3.12(64356)     Description:[CloseGigEDevice]Close device success!
Info    2026-06-06 18:35:34:267  DevID:MV-CS050-60GC(DA6358574)  Source-Line:libMvCameraControl.so(GigEDeviceEvent.cpp-L0046)  ProcessName:python3.12(64356)     Description:[Deinit]GigEDeviceEvent Deinit  RecvAllEvent  [0],
Info    2026-06-06 18:35:34:277  DevID:  Source-Line:libMvCameraControl.so(GigELoadLibrary.cpp-L1732)  ProcessName:python3.12(64356)     Description:[UnloadGigEAllFunctions]UnLoad MVGigEVisionSDK success
Info    2026-06-06 18:35:34:277  DevID:  Source-Line:libMvCameraControl.so(U3VLoadLibrary.cpp-L0931)  ProcessName:python3.12(64356)     Description:[UnloadU3VAllFunctions]UnLoad MvUsb3vTLDLL success
Error   2026-06-06 18:39:18:488  DevID:  Source-Line:libMvCameraControl.so(GenTLLoadLibraryEx.cpp-L0222)  ProcessName:python3.12(65783)     Description:[LoadCtiLibInter]Load CTI failed! CTI path[/opt/MVS/lib/aarch64/libMvProducerVIR.so], nRet[0x8000000c]
Error   2026-06-06 18:39:18:488  DevID:  Source-Line:libMvCameraControl.so(GenTLLoadLibraryEx.cpp-L0222)  ProcessName:python3.12(65783)     Description:[LoadCtiLibInter]Load CTI failed! CTI path[/opt/MVS/lib/aarch64/libMvProducerVIR.so], nRet[0x8000000c]
Error   2026-06-06 18:39:18:488  DevID:  Source-Line:libMvCameraControl.so(GenTLLoadLibraryEx.cpp-L0222)  ProcessName:python3.12(65783)     Description:[LoadCtiLibInter]Load CTI failed! CTI path[/opt/MVS/lib/aarch64/MvFGProducerGEV.cti], nRet[0x8000000c]
Error   2026-06-06 18:39:18:488  DevID:  Source-Line:libMvCameraControl.so(FGDeviceEnumerator.cpp-L0103)  ProcessName:python3.12(65783)     Description:[EnumInterfaceInter]EnumInterfaces failed! Ret[0x8000000c], TLayerType[0x1], CTI[/opt/MVS/lib/aarch64/MvFGProducerGEV.cti]
Error   2026-06-06 18:39:18:488  DevID:  Source-Line:libMvCameraControl.so(GenTLLoadLibraryEx.cpp-L0222)  ProcessName:python3.12(65783)     Description:[LoadCtiLibInter]Load CTI failed! CTI path[/opt/MVS/lib/aarch64/MvFGProducerCXP.cti], nRet[0x8000000c]
Error   2026-06-06 18:39:18:488  DevID:  Source-Line:libMvCameraControl.so(FGDeviceEnumerator.cpp-L0103)  ProcessName:python3.12(65783)     Description:[EnumInterfaceInter]EnumInterfaces failed! Ret[0x8000000c], TLayerType[0x8], CTI[/opt/MVS/lib/aarch64/MvFGProducerCXP.cti]
Info    2026-06-06 18:39:18:488  DevID:  Source-Line:libMvCameraControl.so(GigELoadLibrary.cpp-L1607)  ProcessName:python3.12(65783)     Description:[LoadGigEAllFunctions]Load MVGigEVisionSDK success
Error   2026-06-06 18:39:18:489  DevID:  Source-Line:libMvCameraControl.so(GenTLLoadLibraryEx.cpp-L0222)  ProcessName:python3.12(65783)     Description:[LoadCtiLibInter]Load CTI failed! CTI path[/opt/MVS/lib/aarch64/MvFGProducerCML.cti], nRet[0x8000000c]
Error   2026-06-06 18:39:18:489  DevID:  Source-Line:libMvCameraControl.so(FGDeviceEnumerator.cpp-L0103)  ProcessName:python3.12(65783)     Description:[EnumInterfaceInter]EnumInterfaces failed! Ret[0x8000000c], TLayerType[0x4], CTI[/opt/MVS/lib/aarch64/MvFGProducerCML.cti]
Error   2026-06-06 18:39:18:489  DevID:  Source-Line:libMvCameraControl.so(GenTLLoadLibraryEx.cpp-L0222)  ProcessName:python3.12(65783)     Description:[LoadCtiLibInter]Load CTI failed! CTI path[/opt/MVS/lib/aarch64/MvFGProducerXoF.cti], nRet[0x8000000c]
Error   2026-06-06 18:39:18:489  DevID:  Source-Line:libMvCameraControl.so(FGDeviceEnumerator.cpp-L0103)  ProcessName:python3.12(65783)     Description:[EnumInterfaceInter]EnumInterfaces failed! Ret[0x8000000c], TLayerType[0x10], CTI[/opt/MVS/lib/aarch64/MvFGProducerXoF.cti]
Info    2026-06-06 18:39:18:973  DevID:MV-CS050-60GC(DA6358574)  Source-Line:libMvCameraControl.so(GigEDevice.cpp-L0263)  ProcessName:python3.12(65783)     Description:[Init]GEV INFO DeviceIP[192.168.195.100], NetIP[192.168.195.254], ManufacturerInfo[Hikrobot], DeviceVersion[V4.0.30 241011 1385495], UserID[]
Info    2026-06-06 18:39:18:973  DevID:MV-CS050-60GC(DA6358574)  Source-Line:libMvCameraControl.so(MediaProcess.cpp-L0884)  ProcessName:python3.12(65783)     Description:[SetBayerCvtQuality]Set Bayer CvtQuality success! BayerCvtQuality[1]
Info    2026-06-06 18:39:18:973  DevID:MV-CS050-60GC(DA6358574)  Source-Line:libMvCameraControl.so(MediaProcess.cpp-L1732)  ProcessName:python3.12(65783)     Description:[SetBayerThreadNum]Set Bayer Thread Num success! BayerThreadNum[4]
Info    2026-06-06 18:39:18:973  DevID:MV-CS050-60GC(DA6358574)  Source-Line:libMvCameraControl.so(MediaProcess.cpp-L0884)  ProcessName:python3.12(65783)     Description:[SetBayerCvtQuality]Set Bayer CvtQuality success! BayerCvtQuality[1]
Info    2026-06-06 18:39:18:973  DevID:MV-CS050-60GC(DA6358574)  Source-Line:libMvCameraControl.so(MediaProcess.cpp-L1732)  ProcessName:python3.12(65783)     Description:[SetBayerThreadNum]Set Bayer Thread Num success! BayerThreadNum[4]
Info    2026-06-06 18:39:18:973  DevID:MV-CS050-60GC(DA6358574)  Source-Line:libMvCameraControl.so(GigEDevice.cpp-L0299)  ProcessName:python3.12(65783)     Description:[IsValidVersion]MvCameraControl Version[0x4070003], GigE SDKVersion[0x4070003], DriverVersion[0x4070001]
Info    2026-06-06 18:39:19:005  DevID:  Source-Line:libMvCameraControl.so(CacheXmlToFile.cpp-L0516)  ProcessName:python3.12(65783)     Description:[ReadCacheFile]ReadLocalFile XMLPath[SchemaVersion.1.0@Hikrobot#GEV#MV-CS050-60GC#V4.0.30 241011 1385495@XMLVersion.1.0.0.zip]
Info    2026-06-06 18:39:19:006  DevID:MV-CS050-60GC(DA6358574)  Source-Line:libMvCameraControl.so(GigEDevice.cpp-L0464)  ProcessName:python3.12(65783)     Description:[GetXmlInfo]Get GenICamXML From local File, len [0x19132] Type[1]
Info    2026-06-06 18:39:19:171  DevID:MV-CS050-60GC(DA6358574)  Source-Line:libMvCameraControl.so(GigEDevice.cpp-L0805)  ProcessName:python3.12(65783)     Description:[OpenDevice]Load XML success
Info    2026-06-06 18:39:19:174  DevID:MV-CS050-60GC(DA6358574)  Source-Line:libMvCameraControl.so(GenICamImpl.cpp-L0752)  ProcessName:python3.12(65783)     Description:[InvalidateNodes]Invalidate Nodes success
Info    2026-06-06 18:39:19:174  DevID:MV-CS050-60GC(DA6358574)  Source-Line:libMvCameraControl.so(GigEDevice.cpp-L0818)  ProcessName:python3.12(65783)     Description:[OpenDevice]Invalidate Nodes success
Info    2026-06-06 18:39:19:176  DevID:MV-CS050-60GC(DA6358574)  Source-Line:libMvCameraControl.so(StreamGrab.cpp-L0234)  ProcessName:python3.12(65783)     Description:[Open]Stream channel[0] opened
Info    2026-06-06 18:39:19:179  DevID:MV-CS050-60GC(DA6358574)  Source-Line:libMvCameraControl.so(GigEDevice.cpp-L0849)  ProcessName:python3.12(65783)     Description:[OpenDevice]Open device success! PrivilegeMode[1], SwitchoverKey[0], DeviceUptime[10626],DeviceFirmwareVersion[V4.0.30 2410111385495 24091104]
Info    2026-06-06 18:39:19:179  DevID:MV-CS050-60GC(DA6358574)  Source-Line:libMvCameraControl.so(GigEDevice.cpp-L0865)  ProcessName:python3.12(65783)     Description:[OpenDevice]OpenDevice, cost time 206.000000ms 
Info    2026-06-06 18:39:19:179  DevID:  Source-Line:libMvCameraControl.so(GenICamImpl.cpp-L2342)  ProcessName:python3.12(65783)     Description:[RecordThread]RecordThread Start, ThreadId[869245392]
Info    2026-06-06 18:39:19:187  DevID:MV-CS050-60GC(DA6358574)  Source-Line:libMvCameraControl.so(GenICamImpl.cpp-L2373)  ProcessName:python3.12(65783)     Description:[RecordThreadProc][Record] Get BlackLevel value [64]
Info    2026-06-06 18:39:19:190  DevID:MV-CS050-60GC(DA6358574)  Source-Line:libMvCameraControl.so(GenICamImpl.cpp-L2395)  ProcessName:python3.12(65783)     Description:[RecordThreadProc][Record] Get BalanceWhiteAuto Value [1] (0:off 1:contineu; 2:once):
Info    2026-06-06 18:39:20:628  DevID:MV-CS050-60GC(DA6358574)  Source-Line:libMvCameraControl.so(GenICamImpl.cpp-L2461)  ProcessName:python3.12(65783)     Description:[RecordThreadProc][Record] Get ExposureAuto value [0]
Info    2026-06-06 18:39:20:637  DevID:MV-CS050-60GC(DA6358574)  Source-Line:libMvCameraControl.so(GenICamImpl.cpp-L2483)  ProcessName:python3.12(65783)     Description:[RecordThreadProc][Record] Get ExposureTime value [36756.000000] 
Info    2026-06-06 18:39:20:644  DevID:MV-CS050-60GC(DA6358574)  Source-Line:libMvCameraControl.so(GenICamImpl.cpp-L2504)  ProcessName:python3.12(65783)     Description:[RecordThreadProc][Record] Get GainAuto value [0] (0:off 1:contineu; 2:once):
Error   2026-06-06 18:39:20:680  DevID:MV-CS050-60GC(DA6358574)  Source-Line:libMvCameraControl.so(GenICamImpl.cpp-L1111)  ProcessName:python3.12(65783)     Description:[XML_GetNodeAccessMode]PropertyName[SeqExpEnable], Ret[0x80000100]
Error   2026-06-06 18:39:20:680  DevID:MV-CS050-60GC(DA6358574)  Source-Line:libMvCameraControl.so(XmlParse.cpp-L3037)  ProcessName:python3.12(65783)     Description:[GetBooleanValue]Get Node Value, Node does not exist, NodeName[SeqExpEnable]
Error   2026-06-06 18:39:20:680  DevID:MV-CS050-60GC(DA6358574)  Source-Line:libMvCameraControl.so(GenICamImpl.cpp-L0551)  ProcessName:python3.12(65783)     Description:[GetBoolValue]Property[SeqExpEnable], Ret[0x80000100]
Error   2026-06-06 18:39:20:680  DevID:MV-CS050-60GC(DA6358574)  Source-Line:libMvCameraControl.so(GenICamImpl.cpp-L1111)  ProcessName:python3.12(65783)     Description:[XML_GetNodeAccessMode]PropertyName[MultiLightControl], Ret[0x80000100]
Error   2026-06-06 18:39:20:680  DevID:MV-CS050-60GC(DA6358574)  Source-Line:libMvCameraControl.so(XmlParse.cpp-L2386)  ProcessName:python3.12(65783)     Description:[GetEnumValue]Get Node Value, Node does not exist, NodeName[MultiLightControl]
Error   2026-06-06 18:39:20:680  DevID:MV-CS050-60GC(DA6358574)  Source-Line:libMvCameraControl.so(GenICamImpl.cpp-L0364)  ProcessName:python3.12(65783)     Description:[GetEnumValue]Property[MultiLightControl], Ret[0x80000100]
Info    2026-06-06 18:39:20:680  DevID:MV-CS050-60GC(DA6358574)  Source-Line:libMvCameraControl.so(GigEStream.cpp-L0067)  ProcessName:python3.12(65783)     Description:[StartAcquisition][GEV]Width[2448], Height[2048], PixelFormat[0x1080008], PayloadSize[5013504], ChunkCount[100], CompressMode[0], DeviceUptime[10627]
Info    2026-06-06 18:39:20:692  DevID:MV-CS050-60GC(DA6358574)  Source-Line:libMvCameraControl.so(GenICamImpl.cpp-L2525)  ProcessName:python3.12(65783)     Description:[RecordThreadProc][Record] Get Gain value [11.990600] 
Info    2026-06-06 18:39:20:694  DevID:MV-CS050-60GC(DA6358574)  Source-Line:libMvCameraControl.so(StreamGrab.cpp-L0869)  ProcessName:python3.12(65783)     Description:[StartGrabbing]StreamChannel[0], Start grabbing success, There is no registration callback.
Info    2026-06-06 18:39:20:695  DevID:MV-CS050-60GC(DA6358574)  Source-Line:libMvCameraControl.so(GenICamImpl.cpp-L2546)  ProcessName:python3.12(65783)     Description:[RecordThreadProc][Record] Get PixelFormat value [17301512] :
Info    2026-06-06 18:39:20:700  DevID:MV-CS050-60GC(DA6358574)  Source-Line:libMvCameraControl.so(GenICamImpl.cpp-L2609)  ProcessName:python3.12(65783)     Description:[RecordThreadProc][Record] Get UserSetCurrent value [0]
Info    2026-06-06 18:39:20:702  DevID:MV-CS050-60GC(DA6358574)  Source-Line:libMvCameraControl.so(GenICamImpl.cpp-L2630)  ProcessName:python3.12(65783)     Description:[RecordThreadProc][Record] Get UserSetSelector value [0] 
Info    2026-06-06 18:39:20:704  DevID:MV-CS050-60GC(DA6358574)  Source-Line:libMvCameraControl.so(GenICamImpl.cpp-L2651)  ProcessName:python3.12(65783)     Description:[RecordThreadProc][Record] Get UserSetDefault value[0]
Info    2026-06-06 18:39:20:704  DevID:  Source-Line:libMvCameraControl.so(GenICamImpl.cpp-L2347)  ProcessName:python3.12(65783)     Description:[RecordThread]RecordThread End, ThreadId[869245392]
Info    2026-06-06 18:41:09:843  DevID:MV-CS050-60GC(DA6358574)  Source-Line:libMvCameraControl.so(StreamGrab.cpp-L0934)  ProcessName:python3.12(65783)     Description:[StopGrabbing]Stop grabbing success! DeviceUptime[10737]
Info    2026-06-06 18:41:09:843  DevID:MV-CS050-60GC(DA6358574)  Source-Line:libMvCameraControl.so(GigEDevice.cpp-L0648)  ProcessName:python3.12(65783)     Description:[CloseGigEDevice] Close device begin!
Error   2026-06-06 18:41:09:843  DevID:MV-CS050-60GC(DA6358574)  Source-Line:libMvCameraControl.so(StreamGrab.cpp-L0882)  ProcessName:python3.12(65783)     Description:[StopGrabbing]StreamChannel[0], bGrabbing[0], pDevStream[0xaaaac99a26a0]
Info    2026-06-06 18:41:09:843  DevID:MV-CS050-60GC(DA6358574)  Source-Line:libMvCameraControl.so(StreamGrab.cpp-L0270)  ProcessName:python3.12(65783)     Description:[Close]Stream channel[0] closed
Info    2026-06-06 18:41:09:844  DevID:MV-CS050-60GC(DA6358574)  Source-Line:libMvCameraControl.so(GigEDevice.cpp-L0665)  ProcessName:python3.12(65783)     Description:[CloseGigEDevice]DeviceUptime[10737]
Info    2026-06-06 18:41:09:950  DevID:MV-CS050-60GC(DA6358574)  Source-Line:libMvCameraControl.so(GigEDevice.cpp-L0687)  ProcessName:python3.12(65783)     Description:[CloseGigEDevice]Close device success!
Info    2026-06-06 18:41:09:950  DevID:MV-CS050-60GC(DA6358574)  Source-Line:libMvCameraControl.so(GigEDeviceEvent.cpp-L0046)  ProcessName:python3.12(65783)     Description:[Deinit]GigEDeviceEvent Deinit  RecvAllEvent  [0],
Info    2026-06-06 18:41:09:960  DevID:  Source-Line:libMvCameraControl.so(GigELoadLibrary.cpp-L1732)  ProcessName:python3.12(65783)     Description:[UnloadGigEAllFunctions]UnLoad MVGigEVisionSDK success
Info    2026-06-06 18:41:09:960  DevID:  Source-Line:libMvCameraControl.so(U3VLoadLibrary.cpp-L0931)  ProcessName:python3.12(65783)     Description:[UnloadU3VAllFunctions]UnLoad MvUsb3vTLDLL success
Error   2026-06-06 18:43:59:975  DevID:  Source-Line:libMvCameraControl.so(GenTLLoadLibraryEx.cpp-L0222)  ProcessName:python3.12(67414)     Description:[LoadCtiLibInter]Load CTI failed! CTI path[/opt/MVS/lib/aarch64/libMvProducerVIR.so], nRet[0x8000000c]
Error   2026-06-06 18:43:59:975  DevID:  Source-Line:libMvCameraControl.so(GenTLLoadLibraryEx.cpp-L0222)  ProcessName:python3.12(67414)     Description:[LoadCtiLibInter]Load CTI failed! CTI path[/opt/MVS/lib/aarch64/libMvProducerVIR.so], nRet[0x8000000c]
Error   2026-06-06 18:43:59:976  DevID:  Source-Line:libMvCameraControl.so(GenTLLoadLibraryEx.cpp-L0222)  ProcessName:python3.12(67414)     Description:[LoadCtiLibInter]Load CTI failed! CTI path[/opt/MVS/lib/aarch64/MvFGProducerGEV.cti], nRet[0x8000000c]
Error   2026-06-06 18:43:59:976  DevID:  Source-Line:libMvCameraControl.so(FGDeviceEnumerator.cpp-L0103)  ProcessName:python3.12(67414)     Description:[EnumInterfaceInter]EnumInterfaces failed! Ret[0x8000000c], TLayerType[0x1], CTI[/opt/MVS/lib/aarch64/MvFGProducerGEV.cti]
Error   2026-06-06 18:43:59:976  DevID:  Source-Line:libMvCameraControl.so(GenTLLoadLibraryEx.cpp-L0222)  ProcessName:python3.12(67414)     Description:[LoadCtiLibInter]Load CTI failed! CTI path[/opt/MVS/lib/aarch64/MvFGProducerCXP.cti], nRet[0x8000000c]
Error   2026-06-06 18:43:59:976  DevID:  Source-Line:libMvCameraControl.so(FGDeviceEnumerator.cpp-L0103)  ProcessName:python3.12(67414)     Description:[EnumInterfaceInter]EnumInterfaces failed! Ret[0x8000000c], TLayerType[0x8], CTI[/opt/MVS/lib/aarch64/MvFGProducerCXP.cti]
Error   2026-06-06 18:43:59:976  DevID:  Source-Line:libMvCameraControl.so(GenTLLoadLibraryEx.cpp-L0222)  ProcessName:python3.12(67414)     Description:[LoadCtiLibInter]Load CTI failed! CTI path[/opt/MVS/lib/aarch64/MvFGProducerCML.cti], nRet[0x8000000c]
Error   2026-06-06 18:43:59:976  DevID:  Source-Line:libMvCameraControl.so(FGDeviceEnumerator.cpp-L0103)  ProcessName:python3.12(67414)     Description:[EnumInterfaceInter]EnumInterfaces failed! Ret[0x8000000c], TLayerType[0x4], CTI[/opt/MVS/lib/aarch64/MvFGProducerCML.cti]
Error   2026-06-06 18:43:59:976  DevID:  Source-Line:libMvCameraControl.so(GenTLLoadLibraryEx.cpp-L0222)  ProcessName:python3.12(67414)     Description:[LoadCtiLibInter]Load CTI failed! CTI path[/opt/MVS/lib/aarch64/MvFGProducerXoF.cti], nRet[0x8000000c]
Error   2026-06-06 18:43:59:976  DevID:  Source-Line:libMvCameraControl.so(FGDeviceEnumerator.cpp-L0103)  ProcessName:python3.12(67414)     Description:[EnumInterfaceInter]EnumInterfaces failed! Ret[0x8000000c], TLayerType[0x10], CTI[/opt/MVS/lib/aarch64/MvFGProducerXoF.cti]
Info    2026-06-06 18:43:59:976  DevID:  Source-Line:libMvCameraControl.so(GigELoadLibrary.cpp-L1607)  ProcessName:python3.12(67414)     Description:[LoadGigEAllFunctions]Load MVGigEVisionSDK success
Info    2026-06-06 18:44:00:837  DevID:MV-CS050-60GC(DA6358574)  Source-Line:libMvCameraControl.so(GigEDevice.cpp-L0263)  ProcessName:python3.12(67414)     Description:[Init]GEV INFO DeviceIP[192.168.195.100], NetIP[192.168.195.254], ManufacturerInfo[Hikrobot], DeviceVersion[V4.0.30 241011 1385495], UserID[]
Info    2026-06-06 18:44:00:837  DevID:MV-CS050-60GC(DA6358574)  Source-Line:libMvCameraControl.so(MediaProcess.cpp-L0884)  ProcessName:python3.12(67414)     Description:[SetBayerCvtQuality]Set Bayer CvtQuality success! BayerCvtQuality[1]
Info    2026-06-06 18:44:00:837  DevID:MV-CS050-60GC(DA6358574)  Source-Line:libMvCameraControl.so(MediaProcess.cpp-L1732)  ProcessName:python3.12(67414)     Description:[SetBayerThreadNum]Set Bayer Thread Num success! BayerThreadNum[4]
Info    2026-06-06 18:44:00:837  DevID:MV-CS050-60GC(DA6358574)  Source-Line:libMvCameraControl.so(MediaProcess.cpp-L0884)  ProcessName:python3.12(67414)     Description:[SetBayerCvtQuality]Set Bayer CvtQuality success! BayerCvtQuality[1]
Info    2026-06-06 18:44:00:837  DevID:MV-CS050-60GC(DA6358574)  Source-Line:libMvCameraControl.so(MediaProcess.cpp-L1732)  ProcessName:python3.12(67414)     Description:[SetBayerThreadNum]Set Bayer Thread Num success! BayerThreadNum[4]
Info    2026-06-06 18:44:00:837  DevID:MV-CS050-60GC(DA6358574)  Source-Line:libMvCameraControl.so(GigEDevice.cpp-L0299)  ProcessName:python3.12(67414)     Description:[IsValidVersion]MvCameraControl Version[0x4070003], GigE SDKVersion[0x4070003], DriverVersion[0x4070001]
Info    2026-06-06 18:44:00:870  DevID:  Source-Line:libMvCameraControl.so(CacheXmlToFile.cpp-L0516)  ProcessName:python3.12(67414)     Description:[ReadCacheFile]ReadLocalFile XMLPath[SchemaVersion.1.0@Hikrobot#GEV#MV-CS050-60GC#V4.0.30 241011 1385495@XMLVersion.1.0.0.zip]
Info    2026-06-06 18:44:00:870  DevID:MV-CS050-60GC(DA6358574)  Source-Line:libMvCameraControl.so(GigEDevice.cpp-L0464)  ProcessName:python3.12(67414)     Description:[GetXmlInfo]Get GenICamXML From local File, len [0x19132] Type[1]
Info    2026-06-06 18:44:01:043  DevID:MV-CS050-60GC(DA6358574)  Source-Line:libMvCameraControl.so(GigEDevice.cpp-L0805)  ProcessName:python3.12(67414)     Description:[OpenDevice]Load XML success
Info    2026-06-06 18:44:01:045  DevID:MV-CS050-60GC(DA6358574)  Source-Line:libMvCameraControl.so(GenICamImpl.cpp-L0752)  ProcessName:python3.12(67414)     Description:[InvalidateNodes]Invalidate Nodes success
Info    2026-06-06 18:44:01:045  DevID:MV-CS050-60GC(DA6358574)  Source-Line:libMvCameraControl.so(GigEDevice.cpp-L0818)  ProcessName:python3.12(67414)     Description:[OpenDevice]Invalidate Nodes success
Info    2026-06-06 18:44:01:048  DevID:MV-CS050-60GC(DA6358574)  Source-Line:libMvCameraControl.so(StreamGrab.cpp-L0234)  ProcessName:python3.12(67414)     Description:[Open]Stream channel[0] opened
Info    2026-06-06 18:44:01:050  DevID:MV-CS050-60GC(DA6358574)  Source-Line:libMvCameraControl.so(GigEDevice.cpp-L0849)  ProcessName:python3.12(67414)     Description:[OpenDevice]Open device success! PrivilegeMode[1], SwitchoverKey[0], DeviceUptime[10908],DeviceFirmwareVersion[V4.0.30 2410111385495 24091104]
Info    2026-06-06 18:44:01:050  DevID:MV-CS050-60GC(DA6358574)  Source-Line:libMvCameraControl.so(GigEDevice.cpp-L0865)  ProcessName:python3.12(67414)     Description:[OpenDevice]OpenDevice, cost time 213.000000ms 
Info    2026-06-06 18:44:01:050  DevID:  Source-Line:libMvCameraControl.so(GenICamImpl.cpp-L2342)  ProcessName:python3.12(67414)     Description:[RecordThread]RecordThread Start, ThreadId[1337491920]
Info    2026-06-06 18:44:01:057  DevID:MV-CS050-60GC(DA6358574)  Source-Line:libMvCameraControl.so(GenICamImpl.cpp-L2373)  ProcessName:python3.12(67414)     Description:[RecordThreadProc][Record] Get BlackLevel value [64]
Info    2026-06-06 18:44:02:493  DevID:MV-CS050-60GC(DA6358574)  Source-Line:libMvCameraControl.so(GenICamImpl.cpp-L2395)  ProcessName:python3.12(67414)     Description:[RecordThreadProc][Record] Get BalanceWhiteAuto Value [1] (0:off 1:contineu; 2:once):
Info    2026-06-06 18:44:02:500  DevID:MV-CS050-60GC(DA6358574)  Source-Line:libMvCameraControl.so(GenICamImpl.cpp-L2461)  ProcessName:python3.12(67414)     Description:[RecordThreadProc][Record] Get ExposureAuto value [0]
Info    2026-06-06 18:44:02:512  DevID:MV-CS050-60GC(DA6358574)  Source-Line:libMvCameraControl.so(GenICamImpl.cpp-L2483)  ProcessName:python3.12(67414)     Description:[RecordThreadProc][Record] Get ExposureTime value [50000.000000] 
Error   2026-06-06 18:44:02:549  DevID:MV-CS050-60GC(DA6358574)  Source-Line:libMvCameraControl.so(GenICamImpl.cpp-L1111)  ProcessName:python3.12(67414)     Description:[XML_GetNodeAccessMode]PropertyName[SeqExpEnable], Ret[0x80000100]
Error   2026-06-06 18:44:02:549  DevID:MV-CS050-60GC(DA6358574)  Source-Line:libMvCameraControl.so(XmlParse.cpp-L3037)  ProcessName:python3.12(67414)     Description:[GetBooleanValue]Get Node Value, Node does not exist, NodeName[SeqExpEnable]
Error   2026-06-06 18:44:02:549  DevID:MV-CS050-60GC(DA6358574)  Source-Line:libMvCameraControl.so(GenICamImpl.cpp-L0551)  ProcessName:python3.12(67414)     Description:[GetBoolValue]Property[SeqExpEnable], Ret[0x80000100]
Error   2026-06-06 18:44:02:549  DevID:MV-CS050-60GC(DA6358574)  Source-Line:libMvCameraControl.so(GenICamImpl.cpp-L1111)  ProcessName:python3.12(67414)     Description:[XML_GetNodeAccessMode]PropertyName[MultiLightControl], Ret[0x80000100]
Error   2026-06-06 18:44:02:549  DevID:MV-CS050-60GC(DA6358574)  Source-Line:libMvCameraControl.so(XmlParse.cpp-L2386)  ProcessName:python3.12(67414)     Description:[GetEnumValue]Get Node Value, Node does not exist, NodeName[MultiLightControl]
Error   2026-06-06 18:44:02:549  DevID:MV-CS050-60GC(DA6358574)  Source-Line:libMvCameraControl.so(GenICamImpl.cpp-L0364)  ProcessName:python3.12(67414)     Description:[GetEnumValue]Property[MultiLightControl], Ret[0x80000100]
Info    2026-06-06 18:44:02:549  DevID:MV-CS050-60GC(DA6358574)  Source-Line:libMvCameraControl.so(GigEStream.cpp-L0067)  ProcessName:python3.12(67414)     Description:[StartAcquisition][GEV]Width[2448], Height[2048], PixelFormat[0x1080008], PayloadSize[5013504], ChunkCount[100], CompressMode[0], DeviceUptime[10909]
Info    2026-06-06 18:44:02:559  DevID:MV-CS050-60GC(DA6358574)  Source-Line:libMvCameraControl.so(GenICamImpl.cpp-L2504)  ProcessName:python3.12(67414)     Description:[RecordThreadProc][Record] Get GainAuto value [0] (0:off 1:contineu; 2:once):
Info    2026-06-06 18:44:02:561  DevID:MV-CS050-60GC(DA6358574)  Source-Line:libMvCameraControl.so(StreamGrab.cpp-L0869)  ProcessName:python3.12(67414)     Description:[StartGrabbing]StreamChannel[0], Start grabbing success, There is no registration callback.
Info    2026-06-06 18:44:02:566  DevID:MV-CS050-60GC(DA6358574)  Source-Line:libMvCameraControl.so(GenICamImpl.cpp-L2525)  ProcessName:python3.12(67414)     Description:[RecordThreadProc][Record] Get Gain value [10.016100] 
Info    2026-06-06 18:44:02:568  DevID:MV-CS050-60GC(DA6358574)  Source-Line:libMvCameraControl.so(GenICamImpl.cpp-L2546)  ProcessName:python3.12(67414)     Description:[RecordThreadProc][Record] Get PixelFormat value [17301512] :
Info    2026-06-06 18:44:02:572  DevID:MV-CS050-60GC(DA6358574)  Source-Line:libMvCameraControl.so(GenICamImpl.cpp-L2609)  ProcessName:python3.12(67414)     Description:[RecordThreadProc][Record] Get UserSetCurrent value [0]
Info    2026-06-06 18:44:02:574  DevID:MV-CS050-60GC(DA6358574)  Source-Line:libMvCameraControl.so(GenICamImpl.cpp-L2630)  ProcessName:python3.12(67414)     Description:[RecordThreadProc][Record] Get UserSetSelector value [0] 
Info    2026-06-06 18:44:02:575  DevID:MV-CS050-60GC(DA6358574)  Source-Line:libMvCameraControl.so(GenICamImpl.cpp-L2651)  ProcessName:python3.12(67414)     Description:[RecordThreadProc][Record] Get UserSetDefault value[0]
Info    2026-06-06 18:44:02:575  DevID:  Source-Line:libMvCameraControl.so(GenICamImpl.cpp-L2347)  ProcessName:python3.12(67414)     Description:[RecordThread]RecordThread End, ThreadId[1337491920]
Info    2026-06-06 18:45:01:367  DevID:MV-CS050-60GC(DA6358574)  Source-Line:libMvCameraControl.so(StreamGrab.cpp-L0934)  ProcessName:python3.12(67414)     Description:[StopGrabbing]Stop grabbing success! DeviceUptime[10968]
Info    2026-06-06 18:45:01:367  DevID:MV-CS050-60GC(DA6358574)  Source-Line:libMvCameraControl.so(GigEDevice.cpp-L0648)  ProcessName:python3.12(67414)     Description:[CloseGigEDevice] Close device begin!
Error   2026-06-06 18:45:01:367  DevID:MV-CS050-60GC(DA6358574)  Source-Line:libMvCameraControl.so(StreamGrab.cpp-L0882)  ProcessName:python3.12(67414)     Description:[StopGrabbing]StreamChannel[0], bGrabbing[0], pDevStream[0xaaaad92b7db0]
Info    2026-06-06 18:45:01:367  DevID:MV-CS050-60GC(DA6358574)  Source-Line:libMvCameraControl.so(StreamGrab.cpp-L0270)  ProcessName:python3.12(67414)     Description:[Close]Stream channel[0] closed
Info    2026-06-06 18:45:01:368  DevID:MV-CS050-60GC(DA6358574)  Source-Line:libMvCameraControl.so(GigEDevice.cpp-L0665)  ProcessName:python3.12(67414)     Description:[CloseGigEDevice]DeviceUptime[10968]
Info    2026-06-06 18:45:01:375  DevID:MV-CS050-60GC(DA6358574)  Source-Line:libMvCameraControl.so(GigEDevice.cpp-L0687)  ProcessName:python3.12(67414)     Description:[CloseGigEDevice]Close device success!
Info    2026-06-06 18:45:01:375  DevID:MV-CS050-60GC(DA6358574)  Source-Line:libMvCameraControl.so(GigEDeviceEvent.cpp-L0046)  ProcessName:python3.12(67414)     Description:[Deinit]GigEDeviceEvent Deinit  RecvAllEvent  [0],
Info    2026-06-06 18:45:01:388  DevID:  Source-Line:libMvCameraControl.so(GigELoadLibrary.cpp-L1732)  ProcessName:python3.12(67414)     Description:[UnloadGigEAllFunctions]UnLoad MVGigEVisionSDK success
Info    2026-06-06 18:45:01:389  DevID:  Source-Line:libMvCameraControl.so(U3VLoadLibrary.cpp-L0931)  ProcessName:python3.12(67414)     Description:[UnloadU3VAllFunctions]UnLoad MvUsb3vTLDLL success
Error   2026-06-06 18:45:36:353  DevID:  Source-Line:libMvCameraControl.so(GenTLLoadLibraryEx.cpp-L0222)  ProcessName:python3.12(68022)     Description:[LoadCtiLibInter]Load CTI failed! CTI path[/opt/MVS/lib/aarch64/libMvProducerVIR.so], nRet[0x8000000c]
Info    2026-06-06 18:45:36:353  DevID:  Source-Line:libMvCameraControl.so(GigELoadLibrary.cpp-L1607)  ProcessName:python3.12(68022)     Description:[LoadGigEAllFunctions]Load MVGigEVisionSDK success
Error   2026-06-06 18:45:36:354  DevID:  Source-Line:libMvCameraControl.so(GenTLLoadLibraryEx.cpp-L0222)  ProcessName:python3.12(68022)     Description:[LoadCtiLibInter]Load CTI failed! CTI path[/opt/MVS/lib/aarch64/libMvProducerVIR.so], nRet[0x8000000c]
Error   2026-06-06 18:45:36:354  DevID:  Source-Line:libMvCameraControl.so(GenTLLoadLibraryEx.cpp-L0222)  ProcessName:python3.12(68022)     Description:[LoadCtiLibInter]Load CTI failed! CTI path[/opt/MVS/lib/aarch64/MvFGProducerGEV.cti], nRet[0x8000000c]
Error   2026-06-06 18:45:36:354  DevID:  Source-Line:libMvCameraControl.so(FGDeviceEnumerator.cpp-L0103)  ProcessName:python3.12(68022)     Description:[EnumInterfaceInter]EnumInterfaces failed! Ret[0x8000000c], TLayerType[0x1], CTI[/opt/MVS/lib/aarch64/MvFGProducerGEV.cti]
Error   2026-06-06 18:45:36:354  DevID:  Source-Line:libMvCameraControl.so(GenTLLoadLibraryEx.cpp-L0222)  ProcessName:python3.12(68022)     Description:[LoadCtiLibInter]Load CTI failed! CTI path[/opt/MVS/lib/aarch64/MvFGProducerCXP.cti], nRet[0x8000000c]
Error   2026-06-06 18:45:36:354  DevID:  Source-Line:libMvCameraControl.so(FGDeviceEnumerator.cpp-L0103)  ProcessName:python3.12(68022)     Description:[EnumInterfaceInter]EnumInterfaces failed! Ret[0x8000000c], TLayerType[0x8], CTI[/opt/MVS/lib/aarch64/MvFGProducerCXP.cti]
Error   2026-06-06 18:45:36:354  DevID:  Source-Line:libMvCameraControl.so(GenTLLoadLibraryEx.cpp-L0222)  ProcessName:python3.12(68022)     Description:[LoadCtiLibInter]Load CTI failed! CTI path[/opt/MVS/lib/aarch64/MvFGProducerCML.cti], nRet[0x8000000c]
Error   2026-06-06 18:45:36:354  DevID:  Source-Line:libMvCameraControl.so(FGDeviceEnumerator.cpp-L0103)  ProcessName:python3.12(68022)     Description:[EnumInterfaceInter]EnumInterfaces failed! Ret[0x8000000c], TLayerType[0x4], CTI[/opt/MVS/lib/aarch64/MvFGProducerCML.cti]
Error   2026-06-06 18:45:36:354  DevID:  Source-Line:libMvCameraControl.so(GenTLLoadLibraryEx.cpp-L0222)  ProcessName:python3.12(68022)     Description:[LoadCtiLibInter]Load CTI failed! CTI path[/opt/MVS/lib/aarch64/MvFGProducerXoF.cti], nRet[0x8000000c]
Error   2026-06-06 18:45:36:354  DevID:  Source-Line:libMvCameraControl.so(FGDeviceEnumerator.cpp-L0103)  ProcessName:python3.12(68022)     Description:[EnumInterfaceInter]EnumInterfaces failed! Ret[0x8000000c], TLayerType[0x10], CTI[/opt/MVS/lib/aarch64/MvFGProducerXoF.cti]
Info    2026-06-06 18:45:37:367  DevID:MV-CS050-60GC(DA6358574)  Source-Line:libMvCameraControl.so(GigEDevice.cpp-L0263)  ProcessName:python3.12(68022)     Description:[Init]GEV INFO DeviceIP[192.168.195.100], NetIP[192.168.195.254], ManufacturerInfo[Hikrobot], DeviceVersion[V4.0.30 241011 1385495], UserID[]
Info    2026-06-06 18:45:37:367  DevID:MV-CS050-60GC(DA6358574)  Source-Line:libMvCameraControl.so(MediaProcess.cpp-L0884)  ProcessName:python3.12(68022)     Description:[SetBayerCvtQuality]Set Bayer CvtQuality success! BayerCvtQuality[1]
Info    2026-06-06 18:45:37:367  DevID:MV-CS050-60GC(DA6358574)  Source-Line:libMvCameraControl.so(MediaProcess.cpp-L1732)  ProcessName:python3.12(68022)     Description:[SetBayerThreadNum]Set Bayer Thread Num success! BayerThreadNum[4]
Info    2026-06-06 18:45:37:367  DevID:MV-CS050-60GC(DA6358574)  Source-Line:libMvCameraControl.so(MediaProcess.cpp-L0884)  ProcessName:python3.12(68022)     Description:[SetBayerCvtQuality]Set Bayer CvtQuality success! BayerCvtQuality[1]
Info    2026-06-06 18:45:37:367  DevID:MV-CS050-60GC(DA6358574)  Source-Line:libMvCameraControl.so(MediaProcess.cpp-L1732)  ProcessName:python3.12(68022)     Description:[SetBayerThreadNum]Set Bayer Thread Num success! BayerThreadNum[4]
Info    2026-06-06 18:45:37:368  DevID:MV-CS050-60GC(DA6358574)  Source-Line:libMvCameraControl.so(GigEDevice.cpp-L0299)  ProcessName:python3.12(68022)     Description:[IsValidVersion]MvCameraControl Version[0x4070003], GigE SDKVersion[0x4070003], DriverVersion[0x4070001]
Info    2026-06-06 18:45:37:401  DevID:  Source-Line:libMvCameraControl.so(CacheXmlToFile.cpp-L0516)  ProcessName:python3.12(68022)     Description:[ReadCacheFile]ReadLocalFile XMLPath[SchemaVersion.1.0@Hikrobot#GEV#MV-CS050-60GC#V4.0.30 241011 1385495@XMLVersion.1.0.0.zip]
Info    2026-06-06 18:45:37:401  DevID:MV-CS050-60GC(DA6358574)  Source-Line:libMvCameraControl.so(GigEDevice.cpp-L0464)  ProcessName:python3.12(68022)     Description:[GetXmlInfo]Get GenICamXML From local File, len [0x19132] Type[1]
Info    2026-06-06 18:45:37:578  DevID:MV-CS050-60GC(DA6358574)  Source-Line:libMvCameraControl.so(GigEDevice.cpp-L0805)  ProcessName:python3.12(68022)     Description:[OpenDevice]Load XML success
Info    2026-06-06 18:45:37:581  DevID:MV-CS050-60GC(DA6358574)  Source-Line:libMvCameraControl.so(GenICamImpl.cpp-L0752)  ProcessName:python3.12(68022)     Description:[InvalidateNodes]Invalidate Nodes success
Info    2026-06-06 18:45:37:581  DevID:MV-CS050-60GC(DA6358574)  Source-Line:libMvCameraControl.so(GigEDevice.cpp-L0818)  ProcessName:python3.12(68022)     Description:[OpenDevice]Invalidate Nodes success
Info    2026-06-06 18:45:37:584  DevID:MV-CS050-60GC(DA6358574)  Source-Line:libMvCameraControl.so(StreamGrab.cpp-L0234)  ProcessName:python3.12(68022)     Description:[Open]Stream channel[0] opened
Info    2026-06-06 18:45:37:586  DevID:MV-CS050-60GC(DA6358574)  Source-Line:libMvCameraControl.so(GigEDevice.cpp-L0849)  ProcessName:python3.12(68022)     Description:[OpenDevice]Open device success! PrivilegeMode[1], SwitchoverKey[0], DeviceUptime[11004],DeviceFirmwareVersion[V4.0.30 2410111385495 24091104]
Info    2026-06-06 18:45:37:586  DevID:MV-CS050-60GC(DA6358574)  Source-Line:libMvCameraControl.so(GigEDevice.cpp-L0865)  ProcessName:python3.12(68022)     Description:[OpenDevice]OpenDevice, cost time 218.000000ms 
Info    2026-06-06 18:45:37:586  DevID:  Source-Line:libMvCameraControl.so(GenICamImpl.cpp-L2342)  ProcessName:python3.12(68022)     Description:[RecordThread]RecordThread Start, ThreadId[626811344]
Info    2026-06-06 18:45:37:593  DevID:MV-CS050-60GC(DA6358574)  Source-Line:libMvCameraControl.so(GenICamImpl.cpp-L2373)  ProcessName:python3.12(68022)     Description:[RecordThreadProc][Record] Get BlackLevel value [64]
Info    2026-06-06 18:45:39:029  DevID:MV-CS050-60GC(DA6358574)  Source-Line:libMvCameraControl.so(GenICamImpl.cpp-L2395)  ProcessName:python3.12(68022)     Description:[RecordThreadProc][Record] Get BalanceWhiteAuto Value [1] (0:off 1:contineu; 2:once):
Info    2026-06-06 18:45:39:038  DevID:MV-CS050-60GC(DA6358574)  Source-Line:libMvCameraControl.so(GenICamImpl.cpp-L2461)  ProcessName:python3.12(68022)     Description:[RecordThreadProc][Record] Get ExposureAuto value [0]
Info    2026-06-06 18:45:39:050  DevID:MV-CS050-60GC(DA6358574)  Source-Line:libMvCameraControl.so(GenICamImpl.cpp-L2483)  ProcessName:python3.12(68022)     Description:[RecordThreadProc][Record] Get ExposureTime value [50000.000000] 
Error   2026-06-06 18:45:39:085  DevID:MV-CS050-60GC(DA6358574)  Source-Line:libMvCameraControl.so(GenICamImpl.cpp-L1111)  ProcessName:python3.12(68022)     Description:[XML_GetNodeAccessMode]PropertyName[SeqExpEnable], Ret[0x80000100]
Error   2026-06-06 18:45:39:085  DevID:MV-CS050-60GC(DA6358574)  Source-Line:libMvCameraControl.so(XmlParse.cpp-L3037)  ProcessName:python3.12(68022)     Description:[GetBooleanValue]Get Node Value, Node does not exist, NodeName[SeqExpEnable]
Error   2026-06-06 18:45:39:085  DevID:MV-CS050-60GC(DA6358574)  Source-Line:libMvCameraControl.so(GenICamImpl.cpp-L0551)  ProcessName:python3.12(68022)     Description:[GetBoolValue]Property[SeqExpEnable], Ret[0x80000100]
Error   2026-06-06 18:45:39:085  DevID:MV-CS050-60GC(DA6358574)  Source-Line:libMvCameraControl.so(GenICamImpl.cpp-L1111)  ProcessName:python3.12(68022)     Description:[XML_GetNodeAccessMode]PropertyName[MultiLightControl], Ret[0x80000100]
Error   2026-06-06 18:45:39:085  DevID:MV-CS050-60GC(DA6358574)  Source-Line:libMvCameraControl.so(XmlParse.cpp-L2386)  ProcessName:python3.12(68022)     Description:[GetEnumValue]Get Node Value, Node does not exist, NodeName[MultiLightControl]
Error   2026-06-06 18:45:39:085  DevID:MV-CS050-60GC(DA6358574)  Source-Line:libMvCameraControl.so(GenICamImpl.cpp-L0364)  ProcessName:python3.12(68022)     Description:[GetEnumValue]Property[MultiLightControl], Ret[0x80000100]
Info    2026-06-06 18:45:39:085  DevID:MV-CS050-60GC(DA6358574)  Source-Line:libMvCameraControl.so(GigEStream.cpp-L0067)  ProcessName:python3.12(68022)     Description:[StartAcquisition][GEV]Width[2448], Height[2048], PixelFormat[0x1080008], PayloadSize[5013504], ChunkCount[100], CompressMode[0], DeviceUptime[11006]
Info    2026-06-06 18:45:39:094  DevID:MV-CS050-60GC(DA6358574)  Source-Line:libMvCameraControl.so(GenICamImpl.cpp-L2504)  ProcessName:python3.12(68022)     Description:[RecordThreadProc][Record] Get GainAuto value [0] (0:off 1:contineu; 2:once):
Info    2026-06-06 18:45:39:096  DevID:MV-CS050-60GC(DA6358574)  Source-Line:libMvCameraControl.so(StreamGrab.cpp-L0869)  ProcessName:python3.12(68022)     Description:[StartGrabbing]StreamChannel[0], Start grabbing success, There is no registration callback.
Info    2026-06-06 18:45:39:101  DevID:MV-CS050-60GC(DA6358574)  Source-Line:libMvCameraControl.so(GenICamImpl.cpp-L2525)  ProcessName:python3.12(68022)     Description:[RecordThreadProc][Record] Get Gain value [10.016100] 
Info    2026-06-06 18:45:39:102  DevID:MV-CS050-60GC(DA6358574)  Source-Line:libMvCameraControl.so(GenICamImpl.cpp-L2546)  ProcessName:python3.12(68022)     Description:[RecordThreadProc][Record] Get PixelFormat value [17301512] :
Info    2026-06-06 18:45:39:108  DevID:MV-CS050-60GC(DA6358574)  Source-Line:libMvCameraControl.so(GenICamImpl.cpp-L2609)  ProcessName:python3.12(68022)     Description:[RecordThreadProc][Record] Get UserSetCurrent value [0]
Info    2026-06-06 18:45:39:110  DevID:MV-CS050-60GC(DA6358574)  Source-Line:libMvCameraControl.so(GenICamImpl.cpp-L2630)  ProcessName:python3.12(68022)     Description:[RecordThreadProc][Record] Get UserSetSelector value [0] 
Info    2026-06-06 18:45:39:111  DevID:MV-CS050-60GC(DA6358574)  Source-Line:libMvCameraControl.so(GenICamImpl.cpp-L2651)  ProcessName:python3.12(68022)     Description:[RecordThreadProc][Record] Get UserSetDefault value[0]
Info    2026-06-06 18:45:39:111  DevID:  Source-Line:libMvCameraControl.so(GenICamImpl.cpp-L2347)  ProcessName:python3.12(68022)     Description:[RecordThread]RecordThread End, ThreadId[626811344]
Info    2026-06-06 18:47:43:988  DevID:MV-CS050-60GC(DA6358574)  Source-Line:libMvCameraControl.so(StreamGrab.cpp-L0934)  ProcessName:python3.12(68022)     Description:[StopGrabbing]Stop grabbing success! DeviceUptime[11131]
Info    2026-06-06 18:47:43:988  DevID:MV-CS050-60GC(DA6358574)  Source-Line:libMvCameraControl.so(GigEDevice.cpp-L0648)  ProcessName:python3.12(68022)     Description:[CloseGigEDevice] Close device begin!
Error   2026-06-06 18:47:43:988  DevID:MV-CS050-60GC(DA6358574)  Source-Line:libMvCameraControl.so(StreamGrab.cpp-L0882)  ProcessName:python3.12(68022)     Description:[StopGrabbing]StreamChannel[0], bGrabbing[0], pDevStream[0xaaaac81fe400]
Info    2026-06-06 18:47:43:988  DevID:MV-CS050-60GC(DA6358574)  Source-Line:libMvCameraControl.so(StreamGrab.cpp-L0270)  ProcessName:python3.12(68022)     Description:[Close]Stream channel[0] closed
Info    2026-06-06 18:47:43:989  DevID:MV-CS050-60GC(DA6358574)  Source-Line:libMvCameraControl.so(GigEDevice.cpp-L0665)  ProcessName:python3.12(68022)     Description:[CloseGigEDevice]DeviceUptime[11131]
Info    2026-06-06 18:47:44:097  DevID:MV-CS050-60GC(DA6358574)  Source-Line:libMvCameraControl.so(GigEDevice.cpp-L0687)  ProcessName:python3.12(68022)     Description:[CloseGigEDevice]Close device success!
Info    2026-06-06 18:47:44:097  DevID:MV-CS050-60GC(DA6358574)  Source-Line:libMvCameraControl.so(GigEDeviceEvent.cpp-L0046)  ProcessName:python3.12(68022)     Description:[Deinit]GigEDeviceEvent Deinit  RecvAllEvent  [0],
Info    2026-06-06 18:47:44:111  DevID:  Source-Line:libMvCameraControl.so(GigELoadLibrary.cpp-L1732)  ProcessName:python3.12(68022)     Description:[UnloadGigEAllFunctions]UnLoad MVGigEVisionSDK success
Info    2026-06-06 18:47:44:111  DevID:  Source-Line:libMvCameraControl.so(U3VLoadLibrary.cpp-L0931)  ProcessName:python3.12(68022)     Description:[UnloadU3VAllFunctions]UnLoad MvUsb3vTLDLL success
Error   2026-06-06 18:48:08:828  DevID:  Source-Line:libMvCameraControl.so(GenTLLoadLibraryEx.cpp-L0222)  ProcessName:python3.12(68976)     Description:[LoadCtiLibInter]Load CTI failed! CTI path[/opt/MVS/lib/aarch64/libMvProducerVIR.so], nRet[0x8000000c]
Error   2026-06-06 18:48:08:829  DevID:  Source-Line:libMvCameraControl.so(GenTLLoadLibraryEx.cpp-L0222)  ProcessName:python3.12(68976)     Description:[LoadCtiLibInter]Load CTI failed! CTI path[/opt/MVS/lib/aarch64/libMvProducerVIR.so], nRet[0x8000000c]
Info    2026-06-06 18:48:08:829  DevID:  Source-Line:libMvCameraControl.so(GigELoadLibrary.cpp-L1607)  ProcessName:python3.12(68976)     Description:[LoadGigEAllFunctions]Load MVGigEVisionSDK success
Error   2026-06-06 18:48:08:829  DevID:  Source-Line:libMvCameraControl.so(GenTLLoadLibraryEx.cpp-L0222)  ProcessName:python3.12(68976)     Description:[LoadCtiLibInter]Load CTI failed! CTI path[/opt/MVS/lib/aarch64/MvFGProducerGEV.cti], nRet[0x8000000c]
Error   2026-06-06 18:48:08:829  DevID:  Source-Line:libMvCameraControl.so(FGDeviceEnumerator.cpp-L0103)  ProcessName:python3.12(68976)     Description:[EnumInterfaceInter]EnumInterfaces failed! Ret[0x8000000c], TLayerType[0x1], CTI[/opt/MVS/lib/aarch64/MvFGProducerGEV.cti]
Error   2026-06-06 18:48:08:829  DevID:  Source-Line:libMvCameraControl.so(GenTLLoadLibraryEx.cpp-L0222)  ProcessName:python3.12(68976)     Description:[LoadCtiLibInter]Load CTI failed! CTI path[/opt/MVS/lib/aarch64/MvFGProducerCXP.cti], nRet[0x8000000c]
Error   2026-06-06 18:48:08:829  DevID:  Source-Line:libMvCameraControl.so(FGDeviceEnumerator.cpp-L0103)  ProcessName:python3.12(68976)     Description:[EnumInterfaceInter]EnumInterfaces failed! Ret[0x8000000c], TLayerType[0x8], CTI[/opt/MVS/lib/aarch64/MvFGProducerCXP.cti]
Error   2026-06-06 18:48:08:830  DevID:  Source-Line:libMvCameraControl.so(GenTLLoadLibraryEx.cpp-L0222)  ProcessName:python3.12(68976)     Description:[LoadCtiLibInter]Load CTI failed! CTI path[/opt/MVS/lib/aarch64/MvFGProducerCML.cti], nRet[0x8000000c]
Error   2026-06-06 18:48:08:830  DevID:  Source-Line:libMvCameraControl.so(FGDeviceEnumerator.cpp-L0103)  ProcessName:python3.12(68976)     Description:[EnumInterfaceInter]EnumInterfaces failed! Ret[0x8000000c], TLayerType[0x4], CTI[/opt/MVS/lib/aarch64/MvFGProducerCML.cti]
Error   2026-06-06 18:48:08:830  DevID:  Source-Line:libMvCameraControl.so(GenTLLoadLibraryEx.cpp-L0222)  ProcessName:python3.12(68976)     Description:[LoadCtiLibInter]Load CTI failed! CTI path[/opt/MVS/lib/aarch64/MvFGProducerXoF.cti], nRet[0x8000000c]
Error   2026-06-06 18:48:08:830  DevID:  Source-Line:libMvCameraControl.so(FGDeviceEnumerator.cpp-L0103)  ProcessName:python3.12(68976)     Description:[EnumInterfaceInter]EnumInterfaces failed! Ret[0x8000000c], TLayerType[0x10], CTI[/opt/MVS/lib/aarch64/MvFGProducerXoF.cti]
Info    2026-06-06 18:48:09:407  DevID:MV-CS050-60GC(DA6358574)  Source-Line:libMvCameraControl.so(GigEDevice.cpp-L0263)  ProcessName:python3.12(68976)     Description:[Init]GEV INFO DeviceIP[192.168.195.100], NetIP[192.168.195.254], ManufacturerInfo[Hikrobot], DeviceVersion[V4.0.30 241011 1385495], UserID[]
Info    2026-06-06 18:48:09:407  DevID:MV-CS050-60GC(DA6358574)  Source-Line:libMvCameraControl.so(MediaProcess.cpp-L0884)  ProcessName:python3.12(68976)     Description:[SetBayerCvtQuality]Set Bayer CvtQuality success! BayerCvtQuality[1]
Info    2026-06-06 18:48:09:407  DevID:MV-CS050-60GC(DA6358574)  Source-Line:libMvCameraControl.so(MediaProcess.cpp-L1732)  ProcessName:python3.12(68976)     Description:[SetBayerThreadNum]Set Bayer Thread Num success! BayerThreadNum[4]
Info    2026-06-06 18:48:09:407  DevID:MV-CS050-60GC(DA6358574)  Source-Line:libMvCameraControl.so(MediaProcess.cpp-L0884)  ProcessName:python3.12(68976)     Description:[SetBayerCvtQuality]Set Bayer CvtQuality success! BayerCvtQuality[1]
Info    2026-06-06 18:48:09:407  DevID:MV-CS050-60GC(DA6358574)  Source-Line:libMvCameraControl.so(MediaProcess.cpp-L1732)  ProcessName:python3.12(68976)     Description:[SetBayerThreadNum]Set Bayer Thread Num success! BayerThreadNum[4]
Info    2026-06-06 18:48:09:407  DevID:MV-CS050-60GC(DA6358574)  Source-Line:libMvCameraControl.so(GigEDevice.cpp-L0299)  ProcessName:python3.12(68976)     Description:[IsValidVersion]MvCameraControl Version[0x4070003], GigE SDKVersion[0x4070003], DriverVersion[0x4070001]
Info    2026-06-06 18:48:09:440  DevID:  Source-Line:libMvCameraControl.so(CacheXmlToFile.cpp-L0516)  ProcessName:python3.12(68976)     Description:[ReadCacheFile]ReadLocalFile XMLPath[SchemaVersion.1.0@Hikrobot#GEV#MV-CS050-60GC#V4.0.30 241011 1385495@XMLVersion.1.0.0.zip]
Info    2026-06-06 18:48:09:440  DevID:MV-CS050-60GC(DA6358574)  Source-Line:libMvCameraControl.so(GigEDevice.cpp-L0464)  ProcessName:python3.12(68976)     Description:[GetXmlInfo]Get GenICamXML From local File, len [0x19132] Type[1]
Info    2026-06-06 18:48:09:609  DevID:MV-CS050-60GC(DA6358574)  Source-Line:libMvCameraControl.so(GigEDevice.cpp-L0805)  ProcessName:python3.12(68976)     Description:[OpenDevice]Load XML success
Info    2026-06-06 18:48:09:611  DevID:MV-CS050-60GC(DA6358574)  Source-Line:libMvCameraControl.so(GenICamImpl.cpp-L0752)  ProcessName:python3.12(68976)     Description:[InvalidateNodes]Invalidate Nodes success
Info    2026-06-06 18:48:09:611  DevID:MV-CS050-60GC(DA6358574)  Source-Line:libMvCameraControl.so(GigEDevice.cpp-L0818)  ProcessName:python3.12(68976)     Description:[OpenDevice]Invalidate Nodes success
Info    2026-06-06 18:48:09:614  DevID:MV-CS050-60GC(DA6358574)  Source-Line:libMvCameraControl.so(StreamGrab.cpp-L0234)  ProcessName:python3.12(68976)     Description:[Open]Stream channel[0] opened
Info    2026-06-06 18:48:09:616  DevID:MV-CS050-60GC(DA6358574)  Source-Line:libMvCameraControl.so(GigEDevice.cpp-L0849)  ProcessName:python3.12(68976)     Description:[OpenDevice]Open device success! PrivilegeMode[1], SwitchoverKey[0], DeviceUptime[11156],DeviceFirmwareVersion[V4.0.30 2410111385495 24091104]
Info    2026-06-06 18:48:09:616  DevID:MV-CS050-60GC(DA6358574)  Source-Line:libMvCameraControl.so(GigEDevice.cpp-L0865)  ProcessName:python3.12(68976)     Description:[OpenDevice]OpenDevice, cost time 209.000000ms 
Info    2026-06-06 18:48:09:616  DevID:  Source-Line:libMvCameraControl.so(GenICamImpl.cpp-L2342)  ProcessName:python3.12(68976)     Description:[RecordThread]RecordThread Start, ThreadId[751157712]
Info    2026-06-06 18:48:09:624  DevID:MV-CS050-60GC(DA6358574)  Source-Line:libMvCameraControl.so(GenICamImpl.cpp-L2373)  ProcessName:python3.12(68976)     Description:[RecordThreadProc][Record] Get BlackLevel value [64]
Info    2026-06-06 18:48:11:062  DevID:MV-CS050-60GC(DA6358574)  Source-Line:libMvCameraControl.so(GenICamImpl.cpp-L2395)  ProcessName:python3.12(68976)     Description:[RecordThreadProc][Record] Get BalanceWhiteAuto Value [1] (0:off 1:contineu; 2:once):
Info    2026-06-06 18:48:11:070  DevID:MV-CS050-60GC(DA6358574)  Source-Line:libMvCameraControl.so(GenICamImpl.cpp-L2461)  ProcessName:python3.12(68976)     Description:[RecordThreadProc][Record] Get ExposureAuto value [0]
Info    2026-06-06 18:48:11:085  DevID:MV-CS050-60GC(DA6358574)  Source-Line:libMvCameraControl.so(GenICamImpl.cpp-L2483)  ProcessName:python3.12(68976)     Description:[RecordThreadProc][Record] Get ExposureTime value [50000.000000] 
Error   2026-06-06 18:48:11:119  DevID:MV-CS050-60GC(DA6358574)  Source-Line:libMvCameraControl.so(GenICamImpl.cpp-L1111)  ProcessName:python3.12(68976)     Description:[XML_GetNodeAccessMode]PropertyName[SeqExpEnable], Ret[0x80000100]
Error   2026-06-06 18:48:11:119  DevID:MV-CS050-60GC(DA6358574)  Source-Line:libMvCameraControl.so(XmlParse.cpp-L3037)  ProcessName:python3.12(68976)     Description:[GetBooleanValue]Get Node Value, Node does not exist, NodeName[SeqExpEnable]
Error   2026-06-06 18:48:11:119  DevID:MV-CS050-60GC(DA6358574)  Source-Line:libMvCameraControl.so(GenICamImpl.cpp-L0551)  ProcessName:python3.12(68976)     Description:[GetBoolValue]Property[SeqExpEnable], Ret[0x80000100]
Error   2026-06-06 18:48:11:119  DevID:MV-CS050-60GC(DA6358574)  Source-Line:libMvCameraControl.so(GenICamImpl.cpp-L1111)  ProcessName:python3.12(68976)     Description:[XML_GetNodeAccessMode]PropertyName[MultiLightControl], Ret[0x80000100]
Error   2026-06-06 18:48:11:119  DevID:MV-CS050-60GC(DA6358574)  Source-Line:libMvCameraControl.so(XmlParse.cpp-L2386)  ProcessName:python3.12(68976)     Description:[GetEnumValue]Get Node Value, Node does not exist, NodeName[MultiLightControl]
Error   2026-06-06 18:48:11:119  DevID:MV-CS050-60GC(DA6358574)  Source-Line:libMvCameraControl.so(GenICamImpl.cpp-L0364)  ProcessName:python3.12(68976)     Description:[GetEnumValue]Property[MultiLightControl], Ret[0x80000100]
Info    2026-06-06 18:48:11:119  DevID:MV-CS050-60GC(DA6358574)  Source-Line:libMvCameraControl.so(GigEStream.cpp-L0067)  ProcessName:python3.12(68976)     Description:[StartAcquisition][GEV]Width[2448], Height[2048], PixelFormat[0x1080008], PayloadSize[5013504], ChunkCount[100], CompressMode[0], DeviceUptime[11158]
Info    2026-06-06 18:48:11:128  DevID:MV-CS050-60GC(DA6358574)  Source-Line:libMvCameraControl.so(GenICamImpl.cpp-L2504)  ProcessName:python3.12(68976)     Description:[RecordThreadProc][Record] Get GainAuto value [0] (0:off 1:contineu; 2:once):
Info    2026-06-06 18:48:11:130  DevID:MV-CS050-60GC(DA6358574)  Source-Line:libMvCameraControl.so(StreamGrab.cpp-L0869)  ProcessName:python3.12(68976)     Description:[StartGrabbing]StreamChannel[0], Start grabbing success, There is no registration callback.
Info    2026-06-06 18:48:11:135  DevID:MV-CS050-60GC(DA6358574)  Source-Line:libMvCameraControl.so(GenICamImpl.cpp-L2525)  ProcessName:python3.12(68976)     Description:[RecordThreadProc][Record] Get Gain value [10.016100] 
Info    2026-06-06 18:48:11:136  DevID:MV-CS050-60GC(DA6358574)  Source-Line:libMvCameraControl.so(GenICamImpl.cpp-L2546)  ProcessName:python3.12(68976)     Description:[RecordThreadProc][Record] Get PixelFormat value [17301512] :
Info    2026-06-06 18:48:11:141  DevID:MV-CS050-60GC(DA6358574)  Source-Line:libMvCameraControl.so(GenICamImpl.cpp-L2609)  ProcessName:python3.12(68976)     Description:[RecordThreadProc][Record] Get UserSetCurrent value [0]
Info    2026-06-06 18:48:11:144  DevID:MV-CS050-60GC(DA6358574)  Source-Line:libMvCameraControl.so(GenICamImpl.cpp-L2630)  ProcessName:python3.12(68976)     Description:[RecordThreadProc][Record] Get UserSetSelector value [0] 
Info    2026-06-06 18:48:11:145  DevID:MV-CS050-60GC(DA6358574)  Source-Line:libMvCameraControl.so(GenICamImpl.cpp-L2651)  ProcessName:python3.12(68976)     Description:[RecordThreadProc][Record] Get UserSetDefault value[0]
Info    2026-06-06 18:48:11:145  DevID:  Source-Line:libMvCameraControl.so(GenICamImpl.cpp-L2347)  ProcessName:python3.12(68976)     Description:[RecordThread]RecordThread End, ThreadId[751157712]
Info    2026-06-06 18:49:12:467  DevID:MV-CS050-60GC(DA6358574)  Source-Line:libMvCameraControl.so(StreamGrab.cpp-L0934)  ProcessName:python3.12(68976)     Description:[StopGrabbing]Stop grabbing success! DeviceUptime[11219]
Info    2026-06-06 18:49:12:467  DevID:MV-CS050-60GC(DA6358574)  Source-Line:libMvCameraControl.so(GigEDevice.cpp-L0648)  ProcessName:python3.12(68976)     Description:[CloseGigEDevice] Close device begin!
Error   2026-06-06 18:49:12:467  DevID:MV-CS050-60GC(DA6358574)  Source-Line:libMvCameraControl.so(StreamGrab.cpp-L0882)  ProcessName:python3.12(68976)     Description:[StopGrabbing]StreamChannel[0], bGrabbing[0], pDevStream[0xaaaab8f373b0]
Info    2026-06-06 18:49:12:467  DevID:MV-CS050-60GC(DA6358574)  Source-Line:libMvCameraControl.so(StreamGrab.cpp-L0270)  ProcessName:python3.12(68976)     Description:[Close]Stream channel[0] closed
Info    2026-06-06 18:49:12:468  DevID:MV-CS050-60GC(DA6358574)  Source-Line:libMvCameraControl.so(GigEDevice.cpp-L0665)  ProcessName:python3.12(68976)     Description:[CloseGigEDevice]DeviceUptime[11219]
Info    2026-06-06 18:49:12:474  DevID:MV-CS050-60GC(DA6358574)  Source-Line:libMvCameraControl.so(GigEDevice.cpp-L0687)  ProcessName:python3.12(68976)     Description:[CloseGigEDevice]Close device success!
Info    2026-06-06 18:49:12:474  DevID:MV-CS050-60GC(DA6358574)  Source-Line:libMvCameraControl.so(GigEDeviceEvent.cpp-L0046)  ProcessName:python3.12(68976)     Description:[Deinit]GigEDeviceEvent Deinit  RecvAllEvent  [0],
Info    2026-06-06 18:49:12:487  DevID:  Source-Line:libMvCameraControl.so(GigELoadLibrary.cpp-L1732)  ProcessName:python3.12(68976)     Description:[UnloadGigEAllFunctions]UnLoad MVGigEVisionSDK success
Info    2026-06-06 18:49:12:487  DevID:  Source-Line:libMvCameraControl.so(U3VLoadLibrary.cpp-L0931)  ProcessName:python3.12(68976)     Description:[UnloadU3VAllFunctions]UnLoad MvUsb3vTLDLL success
Error   2026-06-06 18:50:26:371  DevID:  Source-Line:libMvCameraControl.so(GenTLLoadLibraryEx.cpp-L0222)  ProcessName:python3.12(69945)     Description:[LoadCtiLibInter]Load CTI failed! CTI path[/opt/MVS/lib/aarch64/libMvProducerVIR.so], nRet[0x8000000c]
Error   2026-06-06 18:50:26:372  DevID:  Source-Line:libMvCameraControl.so(GenTLLoadLibraryEx.cpp-L0222)  ProcessName:python3.12(69945)     Description:[LoadCtiLibInter]Load CTI failed! CTI path[/opt/MVS/lib/aarch64/libMvProducerVIR.so], nRet[0x8000000c]
Error   2026-06-06 18:50:26:372  DevID:  Source-Line:libMvCameraControl.so(GenTLLoadLibraryEx.cpp-L0222)  ProcessName:python3.12(69945)     Description:[LoadCtiLibInter]Load CTI failed! CTI path[/opt/MVS/lib/aarch64/MvFGProducerGEV.cti], nRet[0x8000000c]
Info    2026-06-06 18:50:26:372  DevID:  Source-Line:libMvCameraControl.so(GigELoadLibrary.cpp-L1607)  ProcessName:python3.12(69945)     Description:[LoadGigEAllFunctions]Load MVGigEVisionSDK success
Error   2026-06-06 18:50:26:372  DevID:  Source-Line:libMvCameraControl.so(FGDeviceEnumerator.cpp-L0103)  ProcessName:python3.12(69945)     Description:[EnumInterfaceInter]EnumInterfaces failed! Ret[0x8000000c], TLayerType[0x1], CTI[/opt/MVS/lib/aarch64/MvFGProducerGEV.cti]
Error   2026-06-06 18:50:26:372  DevID:  Source-Line:libMvCameraControl.so(GenTLLoadLibraryEx.cpp-L0222)  ProcessName:python3.12(69945)     Description:[LoadCtiLibInter]Load CTI failed! CTI path[/opt/MVS/lib/aarch64/MvFGProducerCXP.cti], nRet[0x8000000c]
Error   2026-06-06 18:50:26:372  DevID:  Source-Line:libMvCameraControl.so(FGDeviceEnumerator.cpp-L0103)  ProcessName:python3.12(69945)     Description:[EnumInterfaceInter]EnumInterfaces failed! Ret[0x8000000c], TLayerType[0x8], CTI[/opt/MVS/lib/aarch64/MvFGProducerCXP.cti]
Error   2026-06-06 18:50:26:372  DevID:  Source-Line:libMvCameraControl.so(GenTLLoadLibraryEx.cpp-L0222)  ProcessName:python3.12(69945)     Description:[LoadCtiLibInter]Load CTI failed! CTI path[/opt/MVS/lib/aarch64/MvFGProducerCML.cti], nRet[0x8000000c]
Error   2026-06-06 18:50:26:372  DevID:  Source-Line:libMvCameraControl.so(FGDeviceEnumerator.cpp-L0103)  ProcessName:python3.12(69945)     Description:[EnumInterfaceInter]EnumInterfaces failed! Ret[0x8000000c], TLayerType[0x4], CTI[/opt/MVS/lib/aarch64/MvFGProducerCML.cti]
Error   2026-06-06 18:50:26:372  DevID:  Source-Line:libMvCameraControl.so(GenTLLoadLibraryEx.cpp-L0222)  ProcessName:python3.12(69945)     Description:[LoadCtiLibInter]Load CTI failed! CTI path[/opt/MVS/lib/aarch64/MvFGProducerXoF.cti], nRet[0x8000000c]
Error   2026-06-06 18:50:26:372  DevID:  Source-Line:libMvCameraControl.so(FGDeviceEnumerator.cpp-L0103)  ProcessName:python3.12(69945)     Description:[EnumInterfaceInter]EnumInterfaces failed! Ret[0x8000000c], TLayerType[0x10], CTI[/opt/MVS/lib/aarch64/MvFGProducerXoF.cti]
Info    2026-06-06 18:50:27:263  DevID:MV-CS050-60GC(DA6358574)  Source-Line:libMvCameraControl.so(GigEDevice.cpp-L0263)  ProcessName:python3.12(69945)     Description:[Init]GEV INFO DeviceIP[192.168.195.100], NetIP[192.168.195.254], ManufacturerInfo[Hikrobot], DeviceVersion[V4.0.30 241011 1385495], UserID[]
Info    2026-06-06 18:50:27:263  DevID:MV-CS050-60GC(DA6358574)  Source-Line:libMvCameraControl.so(MediaProcess.cpp-L0884)  ProcessName:python3.12(69945)     Description:[SetBayerCvtQuality]Set Bayer CvtQuality success! BayerCvtQuality[1]
Info    2026-06-06 18:50:27:263  DevID:MV-CS050-60GC(DA6358574)  Source-Line:libMvCameraControl.so(MediaProcess.cpp-L1732)  ProcessName:python3.12(69945)     Description:[SetBayerThreadNum]Set Bayer Thread Num success! BayerThreadNum[4]
Info    2026-06-06 18:50:27:263  DevID:MV-CS050-60GC(DA6358574)  Source-Line:libMvCameraControl.so(MediaProcess.cpp-L0884)  ProcessName:python3.12(69945)     Description:[SetBayerCvtQuality]Set Bayer CvtQuality success! BayerCvtQuality[1]
Info    2026-06-06 18:50:27:263  DevID:MV-CS050-60GC(DA6358574)  Source-Line:libMvCameraControl.so(MediaProcess.cpp-L1732)  ProcessName:python3.12(69945)     Description:[SetBayerThreadNum]Set Bayer Thread Num success! BayerThreadNum[4]
Info    2026-06-06 18:50:27:263  DevID:MV-CS050-60GC(DA6358574)  Source-Line:libMvCameraControl.so(GigEDevice.cpp-L0299)  ProcessName:python3.12(69945)     Description:[IsValidVersion]MvCameraControl Version[0x4070003], GigE SDKVersion[0x4070003], DriverVersion[0x4070001]
Info    2026-06-06 18:50:27:294  DevID:  Source-Line:libMvCameraControl.so(CacheXmlToFile.cpp-L0516)  ProcessName:python3.12(69945)     Description:[ReadCacheFile]ReadLocalFile XMLPath[SchemaVersion.1.0@Hikrobot#GEV#MV-CS050-60GC#V4.0.30 241011 1385495@XMLVersion.1.0.0.zip]
Info    2026-06-06 18:50:27:294  DevID:MV-CS050-60GC(DA6358574)  Source-Line:libMvCameraControl.so(GigEDevice.cpp-L0464)  ProcessName:python3.12(69945)     Description:[GetXmlInfo]Get GenICamXML From local File, len [0x19132] Type[1]
Info    2026-06-06 18:50:27:454  DevID:MV-CS050-60GC(DA6358574)  Source-Line:libMvCameraControl.so(GigEDevice.cpp-L0805)  ProcessName:python3.12(69945)     Description:[OpenDevice]Load XML success
Info    2026-06-06 18:50:27:456  DevID:MV-CS050-60GC(DA6358574)  Source-Line:libMvCameraControl.so(GenICamImpl.cpp-L0752)  ProcessName:python3.12(69945)     Description:[InvalidateNodes]Invalidate Nodes success
Info    2026-06-06 18:50:27:456  DevID:MV-CS050-60GC(DA6358574)  Source-Line:libMvCameraControl.so(GigEDevice.cpp-L0818)  ProcessName:python3.12(69945)     Description:[OpenDevice]Invalidate Nodes success
Info    2026-06-06 18:50:27:459  DevID:MV-CS050-60GC(DA6358574)  Source-Line:libMvCameraControl.so(StreamGrab.cpp-L0234)  ProcessName:python3.12(69945)     Description:[Open]Stream channel[0] opened
Info    2026-06-06 18:50:27:461  DevID:MV-CS050-60GC(DA6358574)  Source-Line:libMvCameraControl.so(GigEDevice.cpp-L0849)  ProcessName:python3.12(69945)     Description:[OpenDevice]Open device success! PrivilegeMode[1], SwitchoverKey[0], DeviceUptime[11294],DeviceFirmwareVersion[V4.0.30 2410111385495 24091104]
Info    2026-06-06 18:50:27:461  DevID:MV-CS050-60GC(DA6358574)  Source-Line:libMvCameraControl.so(GigEDevice.cpp-L0865)  ProcessName:python3.12(69945)     Description:[OpenDevice]OpenDevice, cost time 198.000000ms 
Info    2026-06-06 18:50:27:461  DevID:  Source-Line:libMvCameraControl.so(GenICamImpl.cpp-L2342)  ProcessName:python3.12(69945)     Description:[RecordThread]RecordThread Start, ThreadId[368853456]
Info    2026-06-06 18:50:27:467  DevID:MV-CS050-60GC(DA6358574)  Source-Line:libMvCameraControl.so(GenICamImpl.cpp-L2373)  ProcessName:python3.12(69945)     Description:[RecordThreadProc][Record] Get BlackLevel value [64]
Info    2026-06-06 18:50:27:470  DevID:MV-CS050-60GC(DA6358574)  Source-Line:libMvCameraControl.so(GenICamImpl.cpp-L2395)  ProcessName:python3.12(69945)     Description:[RecordThreadProc][Record] Get BalanceWhiteAuto Value [1] (0:off 1:contineu; 2:once):
Info    2026-06-06 18:50:27:475  DevID:MV-CS050-60GC(DA6358574)  Source-Line:libMvCameraControl.so(GenICamImpl.cpp-L2461)  ProcessName:python3.12(69945)     Description:[RecordThreadProc][Record] Get ExposureAuto value [0]
Info    2026-06-06 18:50:28:914  DevID:MV-CS050-60GC(DA6358574)  Source-Line:libMvCameraControl.so(GenICamImpl.cpp-L2483)  ProcessName:python3.12(69945)     Description:[RecordThreadProc][Record] Get ExposureTime value [50000.000000] 
Info    2026-06-06 18:50:28:919  DevID:MV-CS050-60GC(DA6358574)  Source-Line:libMvCameraControl.so(GenICamImpl.cpp-L2504)  ProcessName:python3.12(69945)     Description:[RecordThreadProc][Record] Get GainAuto value [0] (0:off 1:contineu; 2:once):
Info    2026-06-06 18:50:28:929  DevID:MV-CS050-60GC(DA6358574)  Source-Line:libMvCameraControl.so(GenICamImpl.cpp-L2525)  ProcessName:python3.12(69945)     Description:[RecordThreadProc][Record] Get Gain value [10.016100] 
Error   2026-06-06 18:50:28:963  DevID:MV-CS050-60GC(DA6358574)  Source-Line:libMvCameraControl.so(GenICamImpl.cpp-L1111)  ProcessName:python3.12(69945)     Description:[XML_GetNodeAccessMode]PropertyName[SeqExpEnable], Ret[0x80000100]
Error   2026-06-06 18:50:28:963  DevID:MV-CS050-60GC(DA6358574)  Source-Line:libMvCameraControl.so(XmlParse.cpp-L3037)  ProcessName:python3.12(69945)     Description:[GetBooleanValue]Get Node Value, Node does not exist, NodeName[SeqExpEnable]
Error   2026-06-06 18:50:28:963  DevID:MV-CS050-60GC(DA6358574)  Source-Line:libMvCameraControl.so(GenICamImpl.cpp-L0551)  ProcessName:python3.12(69945)     Description:[GetBoolValue]Property[SeqExpEnable], Ret[0x80000100]
Error   2026-06-06 18:50:28:963  DevID:MV-CS050-60GC(DA6358574)  Source-Line:libMvCameraControl.so(GenICamImpl.cpp-L1111)  ProcessName:python3.12(69945)     Description:[XML_GetNodeAccessMode]PropertyName[MultiLightControl], Ret[0x80000100]
Error   2026-06-06 18:50:28:963  DevID:MV-CS050-60GC(DA6358574)  Source-Line:libMvCameraControl.so(XmlParse.cpp-L2386)  ProcessName:python3.12(69945)     Description:[GetEnumValue]Get Node Value, Node does not exist, NodeName[MultiLightControl]
Error   2026-06-06 18:50:28:963  DevID:MV-CS050-60GC(DA6358574)  Source-Line:libMvCameraControl.so(GenICamImpl.cpp-L0364)  ProcessName:python3.12(69945)     Description:[GetEnumValue]Property[MultiLightControl], Ret[0x80000100]
Info    2026-06-06 18:50:28:964  DevID:MV-CS050-60GC(DA6358574)  Source-Line:libMvCameraControl.so(GigEStream.cpp-L0067)  ProcessName:python3.12(69945)     Description:[StartAcquisition][GEV]Width[2448], Height[2048], PixelFormat[0x1080008], PayloadSize[5013504], ChunkCount[100], CompressMode[0], DeviceUptime[11296]
Info    2026-06-06 18:50:28:971  DevID:MV-CS050-60GC(DA6358574)  Source-Line:libMvCameraControl.so(GenICamImpl.cpp-L2546)  ProcessName:python3.12(69945)     Description:[RecordThreadProc][Record] Get PixelFormat value [17301512] :
Info    2026-06-06 18:50:28:975  DevID:MV-CS050-60GC(DA6358574)  Source-Line:libMvCameraControl.so(GenICamImpl.cpp-L2609)  ProcessName:python3.12(69945)     Description:[RecordThreadProc][Record] Get UserSetCurrent value [0]
Info    2026-06-06 18:50:28:978  DevID:MV-CS050-60GC(DA6358574)  Source-Line:libMvCameraControl.so(StreamGrab.cpp-L0869)  ProcessName:python3.12(69945)     Description:[StartGrabbing]StreamChannel[0], Start grabbing success, There is no registration callback.
Info    2026-06-06 18:50:28:979  DevID:MV-CS050-60GC(DA6358574)  Source-Line:libMvCameraControl.so(GenICamImpl.cpp-L2630)  ProcessName:python3.12(69945)     Description:[RecordThreadProc][Record] Get UserSetSelector value [0] 
Info    2026-06-06 18:50:28:980  DevID:MV-CS050-60GC(DA6358574)  Source-Line:libMvCameraControl.so(GenICamImpl.cpp-L2651)  ProcessName:python3.12(69945)     Description:[RecordThreadProc][Record] Get UserSetDefault value[0]
Info    2026-06-06 18:50:28:980  DevID:  Source-Line:libMvCameraControl.so(GenICamImpl.cpp-L2347)  ProcessName:python3.12(69945)     Description:[RecordThread]RecordThread End, ThreadId[368853456]
Info    2026-06-06 18:52:25:035  DevID:MV-CS050-60GC(DA6358574)  Source-Line:libMvCameraControl.so(StreamGrab.cpp-L0934)  ProcessName:python3.12(69945)     Description:[StopGrabbing]Stop grabbing success! DeviceUptime[11412]
Info    2026-06-06 18:52:25:036  DevID:MV-CS050-60GC(DA6358574)  Source-Line:libMvCameraControl.so(GigEDevice.cpp-L0648)  ProcessName:python3.12(69945)     Description:[CloseGigEDevice] Close device begin!
Error   2026-06-06 18:52:25:036  DevID:MV-CS050-60GC(DA6358574)  Source-Line:libMvCameraControl.so(StreamGrab.cpp-L0882)  ProcessName:python3.12(69945)     Description:[StopGrabbing]StreamChannel[0], bGrabbing[0], pDevStream[0xaaaadc4ad3b0]
Info    2026-06-06 18:52:25:036  DevID:MV-CS050-60GC(DA6358574)  Source-Line:libMvCameraControl.so(StreamGrab.cpp-L0270)  ProcessName:python3.12(69945)     Description:[Close]Stream channel[0] closed
Info    2026-06-06 18:52:25:037  DevID:MV-CS050-60GC(DA6358574)  Source-Line:libMvCameraControl.so(GigEDevice.cpp-L0665)  ProcessName:python3.12(69945)     Description:[CloseGigEDevice]DeviceUptime[11412]
Info    2026-06-06 18:52:25:143  DevID:MV-CS050-60GC(DA6358574)  Source-Line:libMvCameraControl.so(GigEDevice.cpp-L0687)  ProcessName:python3.12(69945)     Description:[CloseGigEDevice]Close device success!
Info    2026-06-06 18:52:25:143  DevID:MV-CS050-60GC(DA6358574)  Source-Line:libMvCameraControl.so(GigEDeviceEvent.cpp-L0046)  ProcessName:python3.12(69945)     Description:[Deinit]GigEDeviceEvent Deinit  RecvAllEvent  [0],
Info    2026-06-06 18:52:25:153  DevID:  Source-Line:libMvCameraControl.so(GigELoadLibrary.cpp-L1732)  ProcessName:python3.12(69945)     Description:[UnloadGigEAllFunctions]UnLoad MVGigEVisionSDK success
Info    2026-06-06 18:52:25:153  DevID:  Source-Line:libMvCameraControl.so(U3VLoadLibrary.cpp-L0931)  ProcessName:python3.12(69945)     Description:[UnloadU3VAllFunctions]UnLoad MvUsb3vTLDLL success
